linea_id;ID_Actividad;Linea_Estrategica;Tipo_Linea
1;80F0A7E9643F355A;N/A;Seguridad
2;7D6BBA28B9CB0C3B;Ciudadanías Seguras;Seguridad
3;F832FB5BAC54B2FA;Seguridad Inteligente;Seguridad
4;955C2A7E7DCC6B1F;Distritos Seguros;Seguridad
5;20F8BCEC739784FD;N/A;Seguridad
6;E68BF5D7176DF1BD;Cooperación Ciudadana, Transporte Seguro, Ciudadanías Seguras;Seguridad
7;37950FCD4F530339;Cooperación Ciudadana, Urbanismo Para La Seguridad;Seguridad
8;BC936C290DD85626;Distritos Seguros;Seguridad
9;BE2E78CA555443AD;Distritos Seguros, Seguridad Regional;Seguridad
10;17EF420FBBD79393;Distritos Seguros;Seguridad
11;A8F9B492D2C3C65F;Distritos Seguros, Cooperación Ciudadana;Seguridad
12;BA721439139A7BB4;N/A;Seguridad
13;6F8A841C3E739FEE;Distritos Seguros, Ciudadanías Seguras;Seguridad
14;1A8785054BB4FC32;N/A;Seguridad
15;FD3D47D42A14C840;N/A;Seguridad
16;97D0931B7B4C71CA;Distritos Seguros, Lucha Contra El Crimen;Seguridad
17;4EC82C753FEB6739;Distritos Seguros, Transporte Seguro, Lucha Contra El Crimen;Seguridad
18;765944B8791CA664;Distritos Seguros, Control Urbano, Ciudadanías Seguras, Bienestar Y Reconocimiento;Seguridad
19;C9D7C12FA42A8A9D;Distritos Seguros, Control Urbano, Cooperación Ciudadana, Ciudadanías Seguras, Bienestar Y Reconocimiento, Urbanismo Para La Seguridad;Seguridad
20;81505AB0DDFADAFC;N/A;Seguridad
21;7B07DCF62BBF3587;Distritos Seguros, Control Urbano;Seguridad
22;1F632C1B09FB97F6;Distritos Seguros, Seguridad Inteligente;Seguridad
23;40E35F39DBF09E50;Distritos Seguros;Seguridad
24;5C507E479A718679;Distritos Seguros, Ciudadanías Seguras;Seguridad
25;EDD2E0C16B9AC603;N/A;Seguridad
26;8466453E7FEA1E06;N/A;Seguridad
27;04DFA92ADD962D30;Distritos Seguros;Seguridad
28;9309A1C106109FB8;Distritos Seguros;Seguridad
29;CC2D7A6EEE62DFEA;Distritos Seguros;Seguridad
30;AC091522A697233E;Distritos Seguros;Seguridad
31;5E0BD04DCC73D390;Distritos Seguros, Ciudadanías Seguras;Seguridad
32;CA3D45036609FE63;Distritos Seguros, Cooperación Ciudadana, Urbanismo Para La Seguridad;Seguridad
33;8260F754CCAF0BFB;Distritos Seguros, Datos Para La Seguridad, Cooperación Ciudadana, Ciudadanías Seguras, Bienestar Y Reconocimiento;Seguridad
34;67FEAD88D534E02A;Distritos Seguros, Ciudadanías Seguras;Seguridad
35;30E90255202C699B;Cooperación Ciudadana, Bienestar Y Reconocimiento;Seguridad
36;8E9D99B12C146FF1;Datos Para La Seguridad, Cooperación Ciudadana;Seguridad
37;DD10ACB9DAD8387E;Ciudadanías Seguras, Bienestar Y Reconocimiento;Seguridad
38;0D5F88474923FB24;Distritos Seguros, Ciudadanías Seguras;Seguridad
39;32FD1C77047C4D18;Distritos Seguros;Seguridad
40;35E78938EB993641;Distritos Seguros;Seguridad
41;9FE8DE3F3ED8F701;Distritos Seguros;Seguridad
42;2F5EA440637ABEA0;Distritos Seguros;Seguridad
43;D52E54A9F78837B3;N/A;Seguridad
44;D142C55C3894ED3B;Transporte Seguro;Seguridad
45;7355CA6D428CCFEB;Distritos Seguros;Seguridad
46;7E2A682419CFE2C2;Distritos Seguros;Seguridad
47;E3FBB8DBBB6AE791;N/A;Seguridad
48;4B03F76E42A162DF;Distritos Seguros;Seguridad
49;A35FC6A63DB3582D;Distritos Seguros;Seguridad
50;A96CF6CF1FF255AC;N/A;Seguridad
51;6056A3F0634DFD52;Distritos Seguros, Seguridad Inteligente;Seguridad
52;E33EEE21C7DA9868;N/A;Seguridad
53;C3EE0B82ADCA5046;Distritos Seguros;Seguridad
54;9120BB2492FA58C8;Distritos Seguros;Seguridad
55;32E9EEF294285452;Distritos Seguros, Transporte Seguro, Lucha Contra El Crimen;Seguridad
56;D7101FF6B2326C49;Distritos Seguros, Ciudadanías Seguras;Seguridad
57;B3537A9D9574F254;Distritos Seguros, Control Urbano, Transporte Seguro, Lucha Contra El Crimen, Ciudadanías Seguras;Seguridad
58;732B0631B8FF55EB;Distritos Seguros, Transporte Seguro, Ciudadanías Seguras;Seguridad
59;90F7A509704E3FD4;Distritos Seguros, Cooperación Ciudadana, Bienestar Y Reconocimiento;Seguridad
60;E664B6565F64C32F;N/A;Seguridad
61;B0349E68ABA9F18D;N/A;Seguridad
62;7A74AB0E2B130953;N/A;Seguridad
63;CE5B5FC009A492E3;Distritos Seguros, Cooperación Ciudadana, Lucha Contra El Crimen;Seguridad
64;76924D2A99E897F3;N/A;Seguridad
65;634731F0E4830E72;N/A;Seguridad
66;9404083EFA5F05B9;Distritos Seguros;Seguridad
67;6EAC50FBD0E28594;Distritos Seguros;Seguridad
68;823CAB43790ECCD8;Cooperación Ciudadana;Seguridad
69;935A68AEF2FEC167;Distritos Seguros;Seguridad
70;299C194B761A0BC7;Distritos Seguros;Seguridad
71;413C19BDFEE1655E;Distritos Seguros, Transporte Seguro;Seguridad
72;99CEE21C43EDB99F;Distritos Seguros, Transporte Seguro;Seguridad
73;AF3F00B0AB1D8B07;Cooperación Ciudadana;Seguridad
74;C92A8FF6B4F4B774;Distritos Seguros;Seguridad
75;5AC34ADD323F4653;Distritos Seguros;Seguridad
76;51AE3FCB30410594;N/A;Seguridad
77;68E17BB10438E1AC;Distritos Seguros;Seguridad
78;73CF6DF0AA75F2AD;Distritos Seguros;Seguridad
79;DE488E5FCB6BE11D;Distritos Seguros;Seguridad
80;0BCA36DEC479E4D8;Distritos Seguros, Control Urbano;Seguridad
81;8B016B5D5CB579D1;Distritos Seguros;Seguridad
82;B81EA51BCB57A6DD;Distritos Seguros;Seguridad
83;3349DD2CA1C50523;N/A;Seguridad
84;42E6EE81CFD19334;Distritos Seguros;Seguridad
85;49F4E41039F4904F;Cooperación Ciudadana;Seguridad
86;A064EF77D1B61BB1;Distritos Seguros, Ciudadanías Seguras;Seguridad
87;6CC0D100071A8CFE;Cooperación Ciudadana, Protección Del Capital Natural;Seguridad
88;AD9BC1C25BEC1AC2;Distritos Seguros, Transporte Seguro, Lucha Contra El Crimen;Seguridad
89;61805353B9FAC10D;Distritos Seguros, Cooperación Ciudadana, Lucha Contra El Crimen;Seguridad
90;8CD0502B979E7F48;Cooperación Ciudadana;Seguridad
91;ACA3642411A1C683;N/A;Seguridad
92;ED6340807FCEA6FF;Distritos Seguros, Control Urbano;Seguridad
93;28744654DABEE7FF;N/A;Seguridad
94;7F72034F02226C69;Ciudadanías Seguras, Bienestar Y Reconocimiento, Urbanismo Para La Seguridad;Seguridad
95;D97B9BB93DC894FA;Distritos Seguros, Seguridad Inteligente, Lucha Contra El Crimen;Seguridad
96;332695672A2E7B3B;Distritos Seguros, N/A;Seguridad
97;E419C9C2869DC28B;N/A;Seguridad
98;95C798916A40B9AB;Distritos Seguros;Seguridad
99;6B03203900DAD839;Distritos Seguros;Seguridad
100;B0E8FCAA8A6A8FD5;Distritos Seguros;Seguridad
101;0CC25AB5625F4C22;Distritos Seguros;Seguridad
102;872A3C0789729EC6;Distritos Seguros;Seguridad
103;D54FC2951FEA672E;Distritos Seguros;Seguridad
104;23F04966A128E75B;Distritos Seguros;Seguridad
105;1DF2883CCC3FE022;Distritos Seguros;Seguridad
106;BB507A56F531A00E;Distritos Seguros;Seguridad
107;57437E1C33FA9D10;Distritos Seguros;Seguridad
108;F5110B3E2035FE6C;N/A;Seguridad
109;2841B32307563522;Distritos Seguros;Seguridad
110;4E73120C4D3EB1BB;Distritos Seguros;Seguridad
111;ACDCA711D03009E4;N/A;Seguridad
112;D7939978FB55037F;Distritos Seguros, Bienestar Y Reconocimiento;Seguridad
113;E9B3EBE2C5A7E75D;Distritos Seguros;Seguridad
114;896B676ECC89FE42;N/A;Seguridad
115;3C072DCF23AB0812;N/A;Seguridad
116;709FD0FCE42E8592;Distritos Seguros, Control Urbano;Seguridad
117;37B9F0E4B301B0D7;N/A;Seguridad
118;2CA7D0BE5D2670D9;Distritos Seguros, Control Urbano, Cooperación Ciudadana, Lucha Contra El Crimen;Seguridad
119;D673F88E51A5ECB0;Distritos Seguros, Control Urbano, Seguridad Inteligente, Ciudadanías Seguras;Seguridad
120;05957E76B21C33A1;Distritos Seguros;Seguridad
121;605C45B2D13B7558;Distritos Seguros;Seguridad
122;8A8F711CF0A56D73;Distritos Seguros, Cooperación Ciudadana, Seguridad Regional;Seguridad
123;D6B5BCBF2D1EAC29;Distritos Seguros;Seguridad
124;16AF7FEFD8003D15;Distritos Seguros, Cooperación Ciudadana;Seguridad
125;1D75F52A2EF06423;N/A;Seguridad
126;91BDE32D7339B9CF;Distritos Seguros, Control Urbano;Seguridad
127;B290B2E17E15D779;N/A;Seguridad
128;D7B61AB06BB6AE9D;Distritos Seguros;Seguridad
129;62544AB65BA043AC;Transporte Seguro;Seguridad
130;949F49A4CC2A614B;Transporte Seguro;Seguridad
131;051752A85DFAA5AD;Transporte Seguro;Seguridad
132;F6985C994EB181FC;Transporte Seguro;Seguridad
133;878214F6B1E6D118;Transporte Seguro;Seguridad
134;78C373F8A1C0A12A;Transporte Seguro;Seguridad
135;7346D8D6E9479C46;Transporte Seguro;Seguridad
136;6C89F8184086B448;Transporte Seguro;Seguridad
137;0C8209D73A236BD4;Transporte Seguro;Seguridad
138;1FC579C86AE424CA;Transporte Seguro;Seguridad
139;E3A03FDCB02D9B7B;Transporte Seguro;Seguridad
140;EB7536A2A89D4D2D;Transporte Seguro;Seguridad
141;2AECBEE1AC4C3842;Transporte Seguro;Seguridad
142;7C1059B60A5D7D42;Transporte Seguro;Seguridad
143;8B3C4733610C74CC;Ciudadanías Seguras;Seguridad
144;30C25EA6227FC383;N/A;Seguridad
145;F55926FEEBE01D98;N/A;Seguridad
146;354B090FA69618C1;Distritos Seguros;Seguridad
147;6F9D4C3A6279C16D;Control Urbano, Datos Para La Seguridad, Cooperación Ciudadana, Ciudadanías Seguras;Seguridad
148;C0FD4852947B0A38;Transporte Seguro;Seguridad
149;C3F2629D1CDC0C41;Transporte Seguro;Seguridad
150;45199ACDE3BF14B2;Distritos Seguros, Control Urbano, Seguridad Inteligente, Cooperación Ciudadana, Protección De Infraestructura, Transporte Seguro;Seguridad
151;C8600FC6C3884A80;Datos Para La Seguridad, Ciudadanías Seguras;Seguridad
152;902D072E62AD3175;Cooperación Ciudadana;Seguridad
153;C7FC7F42ACFAAC1F;N/A;Seguridad
154;FF5EDC321517D345;Distritos Seguros, Seguridad Inteligente, Ciudadanías Seguras;Seguridad
155;E0C3FF5DABCDCC85;Distritos Seguros, Cooperación Ciudadana;Seguridad
156;74EA8DA7252EBD79;Distritos Seguros, Transporte Seguro;Seguridad
157;E18FA5670FA57D56;Distritos Seguros, Control Urbano, Cooperación Ciudadana, Lucha Contra El Crimen;Seguridad
158;55BE72BDE638B901;Distritos Seguros, Cooperación Ciudadana;Seguridad
159;456F82F31633A8E9;Distritos Seguros, Control Urbano, Lucha Contra El Crimen;Seguridad
160;3FAA41B392E1DD2F;Control Urbano, Lucha Contra El Crimen, Ciudadanías Seguras;Seguridad
161;3F2407580E93C13A;Distritos Seguros, Cooperación Ciudadana, Ciudadanías Seguras;Seguridad
162;96B5E577A3E529A2;Distritos Seguros, Ciudadanías Seguras;Seguridad
163;ABCE6A6D08DDCA09;Distritos Seguros, Seguridad Inteligente, Datos Para La Seguridad, Ciudadanías Seguras;Seguridad
164;B1E919004B2E4121;Bienestar Y Reconocimiento;Seguridad
165;8C5A11FBBC49A4AF;N/A;Seguridad
166;DE00ED124320C3ED;N/A;Seguridad
167;C1FFB5D21B9853D3;N/A;Seguridad
168;07EC5CFF44943E1A;Transporte Seguro;Seguridad
169;3C007A6DA753A815;Distritos Seguros;Seguridad
170;1E01CBC406CA46A7;Distritos Seguros, Lucha Contra El Crimen;Seguridad
171;B6A11734F95DBBC8;Distritos Seguros;Seguridad
172;4E9D0A665C6CFD11;Seguridad Inteligente, Datos Para La Seguridad;Seguridad
173;0B5E5442520EB940;Distritos Seguros, Transporte Seguro;Seguridad
174;A2AE7380E1C3540F;Distritos Seguros;Seguridad
175;B12F52B79347793A;N/A;Seguridad
176;4C608F05779E6EF9;Distritos Seguros, Seguridad Inteligente, Datos Para La Seguridad, Cooperación Ciudadana, Ciudadanías Seguras;Seguridad
177;E874FACB3B87481C;Distritos Seguros, Seguridad Inteligente, Datos Para La Seguridad, Cooperación Ciudadana, Ciudadanías Seguras;Seguridad
178;021710A9C888EE96;N/A;Seguridad
179;E8AEE8DCB925BDA0;Distritos Seguros;Seguridad
180;72AA27D76FD6058F;Distritos Seguros, Control Urbano, Ciudadanías Seguras;Seguridad
181;83F1ECCBAD1A3E12;Distritos Seguros, Control Urbano;Seguridad
182;02229E8A836C900A;N/A;Seguridad
183;D76AD941CF673045;Distritos Seguros, Control Urbano;Seguridad
184;4F2B0BA2FC8200DC;Distritos Seguros, Control Urbano;Seguridad
185;656F9EE1F72F66B9;N/A;Seguridad
186;983736436D523699;N/A;Seguridad
187;8D66EDC245B23028;Control Urbano;Seguridad
188;146005A0F36D5DA0;Distritos Seguros, Control Urbano;Seguridad
189;9EA9881E447C022C;N/A;Seguridad
190;B6E073F1B7704E13;N/A;Seguridad
191;D414964310DC552C;N/A;Seguridad
192;F3FD01F5B48E247F;N/A;Seguridad
193;4F4137D64B20CAA7;N/A;Seguridad
194;790B7136615C6399;N/A;Seguridad
195;2033442EC506D339;N/A;Seguridad
196;A94794B6857B2EA0;N/A;Seguridad
197;1E0CBC03E3CC8E1A;N/A;Seguridad
198;3D1311C08C203148;N/A;Seguridad
199;04A09D0EEBDB95E7;N/A;Seguridad
200;DF98BBC68F7A861D;N/A;Seguridad
201;C4CD2649A844A864;N/A;Seguridad
202;F078E8ECE9FBC8FB;N/A;Seguridad
203;45E348729202C4FA;N/A;Seguridad
204;901BBDE964000573;N/A;Seguridad
205;950B54511C94841E;N/A;Seguridad
206;A7F5890558D3CA1F;N/A;Seguridad
207;DC01B90AFFA782C2;Distritos Seguros;Seguridad
208;7E3C266C8622978A;N/A;Seguridad
209;9E443F2F1893842D;N/A;Seguridad
210;9D43D87BD349ADE0;N/A;Seguridad
211;0BD4AC6DBE4C7B9C;N/A;Seguridad
212;5D6E9FA105DD10DA;Distritos Seguros, Control Urbano;Seguridad
213;C30472EB93A220B5;Distritos Seguros, Control Urbano, Seguridad Inteligente;Seguridad
214;F58A30BBFEC8FA85;Distritos Seguros, Seguridad Inteligente;Seguridad
215;7DBC6C89D1571E86;Distritos Seguros, Control Urbano, Seguridad Inteligente, Datos Para La Seguridad, Ciudadanías Seguras;Seguridad
216;7E84BBEDC774080D;Transporte Seguro;Seguridad
217;C6E9BB0059109483;Control Urbano, Seguridad Inteligente;Seguridad
218;B7FE01BF292C9F14;Transporte Seguro;Seguridad
219;4E500088027F3D1D;Distritos Seguros, Control Urbano;Seguridad
220;2EFFC3ED71F2AA97;Distritos Seguros, Control Urbano, Datos Para La Seguridad;Seguridad
221;0B0DD5C0869B9F79;Control Urbano, Seguridad Inteligente, Datos Para La Seguridad, Ciudadanías Seguras;Seguridad
222;E37DE2D35F406CD5;Transporte Seguro;Seguridad
223;D3CF2CA82B954F87;Transporte Seguro;Seguridad
224;A3C682A3AED10D0F;N/A;Seguridad
225;048117C57201AE54;N/A;Seguridad
226;D4266DDA2056E9EE;Transporte Seguro;Seguridad
227;96E55DB662875963;Distritos Seguros, Control Urbano, Lucha Contra El Crimen;Seguridad
228;DCC136EAAF29F224;Distritos Seguros, Control Urbano, Ciudadanías Seguras;Seguridad
229;432680DEC059EE17;Ciudadanías Seguras, Urbanismo Para La Seguridad;Seguridad
230;0F8D313A756C636C;Transporte Seguro;Seguridad
231;C44FCD93430BEA40;Distritos Seguros, Control Urbano, Seguridad Inteligente;Seguridad
232;EA24D765D9C19C5D;Distritos Seguros, Control Urbano, Seguridad Inteligente;Seguridad
233;44146971BAE5D68E;N/A;Seguridad
234;1A27CD59AAF463FA;N/A;Seguridad
235;599EF0F8D77D3E6F;N/A;Seguridad
236;266200A59F10949A;N/A;Seguridad
237;C47AF43E8A07587F;Distritos Seguros, Ciudadanías Seguras;Seguridad
238;B01543C942300E85;Distritos Seguros, Control Urbano;Seguridad
239;BCD6DB1A74BF5D29;N/A;Seguridad
240;B8A8315ABF6CA5BC;N/A;Seguridad
241;7D8CDB0064E183A3;N/A;Seguridad
242;3D18634B572BC978;Distritos Seguros, Seguridad Regional, Ciudadanías Seguras;Seguridad
243;619FDFAD4E3BBFBF;N/A;Seguridad
244;61E2FABE4C35EA93;Distritos Seguros, Control Urbano;Seguridad
245;5876F5EF11A51896;Distritos Seguros, Control Urbano, Ciudadanías Seguras;Seguridad
246;801D9BFDFFFBFCE9;Distritos Seguros;Seguridad
247;498DC7F3D2AA6E34;Distritos Seguros, Seguridad Inteligente, Datos Para La Seguridad, Ciudadanías Seguras, Bienestar Y Reconocimiento;Seguridad
248;F632F053064377AC;Distritos Seguros, Control Urbano, Seguridad Inteligente, Datos Para La Seguridad, Cooperación Ciudadana, Transporte Seguro, Ciudadanías Seguras;Seguridad
249;E120878555DE163D;Distritos Seguros, Control Urbano, Seguridad Inteligente, Datos Para La Seguridad, Cooperación Ciudadana, Transporte Seguro, Gestión De La Seguridad En Aglomeraciones, Ciudadanías Seguras;Seguridad
250;13709C34589CC192;Distritos Seguros, Seguridad Inteligente, Datos Para La Seguridad, Cooperación Ciudadana, Seguridad Regional, Lucha Contra El Crimen, Ciudadanías Seguras, Bienestar Y Reconocimiento, Urbanismo Para La Seguridad;Seguridad
251;42DA585AFED3F8E6;Distritos Seguros, Control Urbano, Ciudadanías Seguras;Seguridad
252;FAD6B1362B72FC18;Distritos Seguros, Control Urbano, Ciudadanías Seguras;Seguridad
253;76B9960A6648140F;Transporte Seguro;Seguridad
254;C55F296426E28AE1;N/A;Seguridad
255;C01321BA6D0D65AB;Distritos Seguros, Control Urbano;Seguridad
256;10BB61EE52859F1C;Distritos Seguros, Transporte Seguro, Ciudadanías Seguras;Seguridad
257;9633EE1C368A27C0;N/A;Seguridad
258;2E424408AD9B7BD0;Distritos Seguros, Control Urbano;Seguridad
259;637DC25F5AC84CFB;Control Urbano, Lucha Contra El Cibercrimen, Ciudadanías Seguras;Seguridad
260;F82681F2F7171D6D;Distritos Seguros, Cooperación Ciudadana, Gestión De La Seguridad En Aglomeraciones, Ciudadanías Seguras;Seguridad
261;412DF24A7BB03618;N/A;Seguridad
262;7A6B1A2129DD5F9C;Distritos Seguros, Seguridad Inteligente, Datos Para La Seguridad, Cooperación Ciudadana;Seguridad
263;7134A1F458C6A3C0;Distritos Seguros, Control Urbano, Seguridad Inteligente, Transporte Seguro;Seguridad
264;A886E011066D1769;Distritos Seguros, Seguridad Inteligente, Lucha Contra El Cibercrimen;Seguridad
265;A25059D1A2796BBD;Distritos Seguros, Ciudadanías Seguras;Seguridad
266;580BC84DC608D91A;Distritos Seguros;Seguridad
267;40D7FE1DB9FCD567;Distritos Seguros;Seguridad
268;FDA01687C084C741;Seguridad Inteligente;Seguridad
269;01FF9A8C3919F8B1;Control Urbano, Transporte Seguro, Ciudadanías Seguras;Seguridad
270;A8B7CDE19D5E0CD1;Control Urbano, Transporte Seguro, Ciudadanías Seguras;Seguridad
271;B1C08135CF176A2D;N/A;Seguridad
272;B43E4BF1191FB70A;N/A;Seguridad
273;FF31837D9340DCF2;N/A;Seguridad
274;67DEA311C9CE8E32;Distritos Seguros, Control Urbano;Seguridad
275;127A911C45C0DC0E;Cooperación Ciudadana;Seguridad
276;79FAFF8944C1881C;Transporte Seguro;Seguridad
277;A4BC0E8E7D8A3CF5;Cooperación Ciudadana;Seguridad
278;6387B445B310EE9F;Cooperación Ciudadana;Seguridad
279;2234FB10E994E14B;Control Urbano, Seguridad Inteligente, Datos Para La Seguridad;Seguridad
280;E7C6C05F97751DC1;N/A;Seguridad
281;AF9326217CB61F97;Control Urbano, Ciudadanías Seguras;Seguridad
282;40990FEE375D2880;Distritos Seguros, Control Urbano, Lucha Contra El Crimen;Seguridad
283;E19457A636292346;Lucha Contra El Cibercrimen, Ciudadanías Seguras;Seguridad
284;1207FE4BC8081900;Control Urbano, Ciudadanías Seguras;Seguridad
285;71432D2AF00B5536;Distritos Seguros, Seguridad Inteligente, Ciudadanías Seguras;Seguridad
286;0CA06B725092112D;N/A;Seguridad
287;361FF6256D09A9FB;Control Urbano, Transporte Seguro, Lucha Contra El Crimen, Ciudadanías Seguras;Seguridad
288;00266C3F21F1C789;N/A;Seguridad
289;60D57405556E4029;N/A;Seguridad
290;7D08F3E6A9C29AAF;Control Urbano, Transporte Seguro;Seguridad
291;C185047A41601E1A;N/A;Seguridad
292;E16DD345B5C0EBB4;N/A;Seguridad
293;63FF38989B507477;Control Urbano, Seguridad Inteligente, Cooperación Ciudadana, Ciudadanías Seguras;Seguridad
294;E79D660C99B266FB;N/A;Seguridad
295;0AD3DB81F10C938A;N/A;Seguridad
296;2CE8ABFDA8E17BA4;N/A;Seguridad
297;46894CDB12F37A84;Control Urbano, Lucha Contra El Crimen, Ciudadanías Seguras;Seguridad
298;0C20E7547D271734;Distritos Seguros, Control Urbano, Transporte Seguro, Lucha Contra El Crimen, Ciudadanías Seguras;Seguridad
299;08AF6D6731DFAD8C;N/A;Seguridad
300;8FA27EE602B0691B;Control Urbano, Lucha Contra El Crimen, Ciudadanías Seguras;Seguridad
301;4247ECCBA5ABF5A4;N/A;Seguridad
302;02087D7C4A0E0C17;Distritos Seguros, Control Urbano, Cooperación Ciudadana, Ciudadanías Seguras;Seguridad
303;39D5224A8787603A;N/A;Seguridad
304;A08E6F702C781C0E;N/A;Seguridad
305;CC69B2D35BB77B1C;Control Urbano, Transporte Seguro, Ciudadanías Seguras;Seguridad
306;66B08729615DC0E2;N/A;Seguridad
307;1E0193243BDEBF7D;Control Urbano, Transporte Seguro, Lucha Contra El Crimen, Ciudadanías Seguras;Seguridad
308;81075F520B5E5F98;N/A;Seguridad
309;D59C2509ABED4E90;Seguridad Inteligente;Seguridad
310;01BBA43B0C8F93E5;N/A;Seguridad
311;17FFC1B4A93DD42B;N/A;Seguridad
312;F1036E7BE53FC2BD;N/A;Seguridad
313;85216A12C55D8700;N/A;Seguridad
314;2C31F0F6812498E7;N/A;Seguridad
315;FE131BEE67A10CF3;Distritos Seguros, Ciudadanías Seguras;Seguridad
316;CE4ECC939EAFC7D3;Distritos Seguros, Transporte Seguro;Seguridad
317;6B0C1D8811925ED8;Distritos Seguros;Seguridad
318;0DEDB4F409DB5B8A;Distritos Seguros;Seguridad
319;42078E517334119E;Distritos Seguros;Seguridad
320;0ADA8374BAD125F7;Distritos Seguros;Seguridad
321;9BB80E45AA0AE45D;Control Urbano, Seguridad Inteligente, Datos Para La Seguridad, Cooperación Ciudadana, Ciudadanías Seguras;Seguridad
322;21C0C1C3F95C5D1D;Distritos Seguros;Seguridad
323;A0FABBAA21E27F5D;Distritos Seguros, Seguridad Inteligente, Datos Para La Seguridad, Cooperación Ciudadana, Ciudadanías Seguras, Bienestar Y Reconocimiento;Seguridad
324;8382811172688888;Distritos Seguros, Seguridad Inteligente, Datos Para La Seguridad, Cooperación Ciudadana, Protección Del Capital Natural, Seguridad Regional, Lucha Contra El Crimen, Lucha Contra El Cibercrimen, Ciudadanías Seguras, Bienestar Y Reconocimiento;Seguridad
325;3466767DE5372C8B;Distritos Seguros, Control Urbano, Seguridad Inteligente, Datos Para La Seguridad, Cooperación Ciudadana, Transporte Seguro, Gestión De La Seguridad En Aglomeraciones, Lucha Contra El Crimen, Ciudadanías Seguras, Bienestar Y Reconocimiento, Urbanismo Para La Seguridad;Seguridad
326;61AD01605CB56C6E;Distritos Seguros, Control Urbano, Seguridad Inteligente, Datos Para La Seguridad, Cooperación Ciudadana, Transporte Seguro, Gestión De La Seguridad En Aglomeraciones, Ciudadanías Seguras, Bienestar Y Reconocimiento;Seguridad
327;85714E9D297C4475;Distritos Seguros, Control Urbano, Seguridad Inteligente, Datos Para La Seguridad, Cooperación Ciudadana, Protección De Infraestructura, Transporte Seguro, Protección Del Capital Natural, Gestión De La Seguridad En Aglomeraciones, Seguridad Regional, Lucha Contra El Crimen, Lucha Contra El Cibercrimen, Ciudadanías Seguras, Bienestar Y Reconocimiento, Urbanismo Para La Seguridad;Seguridad
328;CBDE39D6D2FB6340;Distritos Seguros, Control Urbano, Lucha Contra El Crimen, Ciudadanías Seguras, Bienestar Y Reconocimiento;Seguridad
329;C4C8776D0A0D9108;Distritos Seguros, Control Urbano, Lucha Contra El Crimen, Ciudadanías Seguras, Bienestar Y Reconocimiento;Seguridad
330;0C936FA4F0CF9EA8;N/A;Seguridad
331;5C46D2DAD04D3016;Distritos Seguros, Ciudadanías Seguras, Bienestar Y Reconocimiento;Seguridad
332;010E68AE5809B2C3;N/A;Seguridad
333;C78339EE3E78668C;Distritos Seguros;Seguridad
334;4954FBB0C3667322;Lucha Contra El Crimen, Ciudadanías Seguras;Seguridad
335;15A5766A8F9E475E;N/A;Seguridad
336;020A7C3924F4DD80;Cooperación Ciudadana;Seguridad
337;666AC9F33081B9F8;Cooperación Ciudadana;Seguridad
338;DA8BF266B7ADC0ED;Cooperación Ciudadana;Seguridad
339;47C55D60DEC2B9B6;Cooperación Ciudadana;Seguridad
340;8EC9C80AB14FA4ED;Cooperación Ciudadana;Seguridad
341;0C95C374761F2617;Cooperación Ciudadana;Seguridad
342;20031271BAF8059D;Ciudadanías Seguras, Urbanismo Para La Seguridad;Seguridad
343;2E30C23A41E68DC2;N/A;Seguridad
344;9A780CA3D8C334AC;N/A;Seguridad
345;21160028A35CF1AC;Seguridad Inteligente;Seguridad
346;C6C3B916D10B5171;Seguridad Inteligente;Seguridad
347;67D38521335E5DC4;Control Urbano, Seguridad Inteligente, Seguridad Regional, Lucha Contra El Crimen, Lucha Contra El Cibercrimen, Urbanismo Para La Seguridad;Seguridad
348;1E90CD1BF33BCB90;N/A;Seguridad
349;605986DF92C17D2D;Distritos Seguros;Seguridad
350;10B8F65EF5185C60;N/A;Seguridad
351;CE0C0177129EAE2D;Seguridad Inteligente, Seguridad Regional, Lucha Contra El Crimen;Seguridad
352;9AFDFD7C742525C4;N/A;Seguridad
353;E61DFF02675D1F5B;N/A;Seguridad
354;530B114FAB3CC903;N/A;Seguridad
355;1E753BF9C7D7D0AE;Seguridad Inteligente, Cooperación Ciudadana, Seguridad Regional, Urbanismo Para La Seguridad;Seguridad
356;66078F91BD2FB0A2;Distritos Seguros, Control Urbano, Seguridad Inteligente, Transporte Seguro;Seguridad
357;F04C9B55E615F232;Control Urbano;Seguridad
358;9440150B1BFA1AB8;Datos Para La Seguridad, Bienestar Y Reconocimiento;Seguridad
359;5C63626C82FDAA3F;Control Urbano;Seguridad
360;537651F47446EB69;N/A;Seguridad
361;5A60143E7A94D761;Ciudadanías Seguras;Seguridad
362;03EF7B6D0A9EE130;N/A;Seguridad
363;D5A863739F342CE8;Control Urbano;Seguridad
364;D8538D95D20C5095;Ciudadanías Seguras;Seguridad
365;9981806D446495E4;N/A;Seguridad
366;E2BDD3B8498DFA84;Ciudadanías Seguras;Seguridad
367;1B75B1DE33044110;Datos Para La Seguridad;Seguridad
368;CEF00FDAFDFDE5C2;Distritos Seguros, Control Urbano, Gestión De La Seguridad En Aglomeraciones, Ciudadanías Seguras;Seguridad
369;3DC33CD06499C7A8;Distritos Seguros, Ciudadanías Seguras, Urbanismo Para La Seguridad;Seguridad
370;3C41398977909072;Distritos Seguros;Seguridad
371;0CFDAA935D6C3F76;Ciudadanías Seguras;Seguridad
372;2796EA5D10E862E2;Ciudadanías Seguras;Seguridad
373;3191FAEB85723EC4;Distritos Seguros, Control Urbano, Gestión De La Seguridad En Aglomeraciones, Ciudadanías Seguras;Seguridad
374;9F08942AE4C2CDAA;N/A;Seguridad
375;334F4727E2D75727;Distritos Seguros;Seguridad
376;CF43BC1018AB0E01;Control Urbano, Datos Para La Seguridad, Cooperación Ciudadana, Ciudadanías Seguras;Seguridad
377;553322489DD55E9F;Distritos Seguros, Control Urbano, Cooperación Ciudadana, Lucha Contra El Cibercrimen, Ciudadanías Seguras;Seguridad
378;10DB44C114FF1D01;Distritos Seguros, Control Urbano, Ciudadanías Seguras;Seguridad
379;6DF7942650350E53;Distritos Seguros, Control Urbano, Ciudadanías Seguras;Seguridad
380;EE7B9BF9B7061F94;Distritos Seguros, Control Urbano, Gestión De La Seguridad En Aglomeraciones, Ciudadanías Seguras;Seguridad
381;2DB9254878CF1625;Control Urbano, Seguridad Inteligente, Ciudadanías Seguras, Urbanismo Para La Seguridad;Seguridad
382;EAB158E9E25E4FF0;Distritos Seguros, Control Urbano, Gestión De La Seguridad En Aglomeraciones, Ciudadanías Seguras;Seguridad
383;EFFFF7B343689975;Distritos Seguros, Control Urbano, Gestión De La Seguridad En Aglomeraciones, Ciudadanías Seguras;Seguridad
384;8240573E6AE8AEE1;Control Urbano, Seguridad Regional, Lucha Contra El Crimen, Ciudadanías Seguras;Seguridad
385;12583819652D62F4;Ciudadanías Seguras;Seguridad
386;BE367520714ED28A;N/A;Seguridad
387;7748E4C3A60EED25;Distritos Seguros, Control Urbano, Datos Para La Seguridad, Ciudadanías Seguras, Bienestar Y Reconocimiento, Urbanismo Para La Seguridad;Seguridad
388;BA69CC12677E4120;N/A;Seguridad
389;C84A573C690D5398;Distritos Seguros, Datos Para La Seguridad, Transporte Seguro, Ciudadanías Seguras, Bienestar Y Reconocimiento;Seguridad
390;1969E29DADDB5D98;N/A;Seguridad
391;2A19F2021D42A28C;N/A;Seguridad
392;C4BB815F916815AC;Distritos Seguros, Control Urbano, Seguridad Inteligente, Cooperación Ciudadana, Ciudadanías Seguras;Seguridad
393;31B0950079A717C0;N/A;Seguridad
394;68FA51C1B90CB32C;Distritos Seguros, Ciudadanías Seguras;Seguridad
395;F6572F6397DB086B;Distritos Seguros, Seguridad Inteligente;Seguridad
396;BE7374587449378B;N/A;Seguridad
397;906B93B902FE44FD;Distritos Seguros, Ciudadanías Seguras;Seguridad
398;4885F680DBA77C36;Distritos Seguros, N/A;Seguridad
399;830DD8D26C48C53E;Distritos Seguros;Seguridad
400;73237A90819EB63E;Distritos Seguros;Seguridad
401;C057AD4DE9618967;Distritos Seguros;Seguridad
402;62B4B9A2064C76B8;N/A;Seguridad
403;3B78F9C7E511F301;N/A;Seguridad
404;7CF0036B983D0C9A;Distritos Seguros;Seguridad
405;3273E3EBAB7BF62E;Distritos Seguros;Seguridad
406;D3D0BBDE9BC7A941;Distritos Seguros;Seguridad
407;B1916DE8185672CE;Distritos Seguros;Seguridad
408;F455B17A2A0BFD38;Distritos Seguros, Datos Para La Seguridad, Cooperación Ciudadana;Seguridad
409;2AEF32CBA1A5FAEC;Distritos Seguros;Seguridad
410;B9E9DD27EFFD923F;Ciudadanías Seguras, Bienestar Y Reconocimiento;Seguridad
411;ECDCBD2F8D72589F;N/A;Seguridad
412;7FD58F696A58D109;Ciudadanías Seguras;Seguridad
413;FE4BABB46CFB1156;N/A;Seguridad
414;8748F1F486BDEF9B;N/A;Seguridad
415;953E88986399DD1B;Distritos Seguros, Control Urbano, Ciudadanías Seguras;Seguridad
416;0541C0C70B63B80C;Seguridad Inteligente, Cooperación Ciudadana, Ciudadanías Seguras;Seguridad
417;DBD7117595968DE1;Distritos Seguros, Control Urbano, Seguridad Inteligente;Seguridad
418;0A19969DCC89E06D;Control Urbano, Cooperación Ciudadana;Seguridad
419;4E7D549A55079F6A;Distritos Seguros, Control Urbano, Gestión De La Seguridad En Aglomeraciones, Ciudadanías Seguras;Seguridad
420;8E434088B4FEA04C;Distritos Seguros, Control Urbano, Gestión De La Seguridad En Aglomeraciones, Ciudadanías Seguras;Seguridad
421;B07071E6422AED17;Datos Para La Seguridad, Cooperación Ciudadana, Lucha Contra El Cibercrimen, Ciudadanías Seguras;Seguridad
422;B0684DFF540B78D6;Distritos Seguros, Seguridad Inteligente, Ciudadanías Seguras;Seguridad
423;A10621CFBA9FD2C4;Distritos Seguros, Ciudadanías Seguras, Bienestar Y Reconocimiento;Seguridad
424;85CDF5567F8A75DB;Cooperación Ciudadana, Ciudadanías Seguras;Seguridad
425;CD132E25FA9C94F6;N/A;Seguridad
426;D27575C75D939AC4;Distritos Seguros, Control Urbano, Gestión De La Seguridad En Aglomeraciones, Ciudadanías Seguras;Seguridad
427;6B342BB90F5BA69A;Distritos Seguros, Control Urbano, Gestión De La Seguridad En Aglomeraciones, Ciudadanías Seguras;Seguridad
428;6E94DDA7B8D1DC80;Distritos Seguros, Control Urbano, Ciudadanías Seguras;Seguridad
429;996DFDEA30560E2C;Distritos Seguros, Control Urbano, Ciudadanías Seguras;Seguridad
430;28EFD5C231B8667E;Distritos Seguros, Control Urbano, Cooperación Ciudadana, Lucha Contra El Cibercrimen, Ciudadanías Seguras;Seguridad
431;E2FA18459138BE73;Distritos Seguros, Ciudadanías Seguras;Seguridad
432;1179A3DF6CC80BF0;Distritos Seguros, Ciudadanías Seguras;Seguridad
433;7B4E25CA4AC52C46;Distritos Seguros, Cooperación Ciudadana, Ciudadanías Seguras;Seguridad
434;4D6C90EEB59F0976;Distritos Seguros, Cooperación Ciudadana, Ciudadanías Seguras;Seguridad
435;294FC617194614C0;Distritos Seguros, Seguridad Inteligente, Cooperación Ciudadana, Ciudadanías Seguras;Seguridad
436;4ACE7CFD66656472;Distritos Seguros, Seguridad Inteligente, Ciudadanías Seguras;Seguridad
437;9DBDBC9FB589702C;Distritos Seguros;Seguridad
438;FC10F362ACC93876;N/A;Seguridad
439;EA106ABACC8EF983;Distritos Seguros, Control Urbano, Gestión De La Seguridad En Aglomeraciones, Ciudadanías Seguras;Seguridad
440;699282EA90F7DE69;Distritos Seguros, Control Urbano, Cooperación Ciudadana, Ciudadanías Seguras, Urbanismo Para La Seguridad;Seguridad
441;E34F307524847FE9;Distritos Seguros, Control Urbano, Cooperación Ciudadana, Ciudadanías Seguras;Seguridad
442;27A7D6835C952EA1;Distritos Seguros, Control Urbano, Ciudadanías Seguras, Urbanismo Para La Seguridad;Seguridad
443;52DF62985817E1A2;Distritos Seguros, Control Urbano, Transporte Seguro, Ciudadanías Seguras;Seguridad
444;E465109753A58286;Cooperación Ciudadana, Bienestar Y Reconocimiento;Seguridad
445;B6069E6B0E2F711A;Distritos Seguros, Seguridad Inteligente, Datos Para La Seguridad, Ciudadanías Seguras;Seguridad
446;4E0236111A42BFC5;Distritos Seguros, Control Urbano, Transporte Seguro, Ciudadanías Seguras;Seguridad
447;42B348663955952E;Distritos Seguros, Control Urbano, Ciudadanías Seguras;Seguridad
448;DA66C35226A5FBF8;Distritos Seguros, Control Urbano, Ciudadanías Seguras;Seguridad
449;B708340DDDEC7174;Distritos Seguros, Control Urbano, Ciudadanías Seguras, Bienestar Y Reconocimiento;Seguridad
450;1B95EAF42347E019;Distritos Seguros, Control Urbano, Ciudadanías Seguras, Bienestar Y Reconocimiento;Seguridad
451;D9AA91F29C7F7207;Distritos Seguros, Control Urbano, Transporte Seguro, Ciudadanías Seguras;Seguridad
452;5A1958296E097C3D;Distritos Seguros, Control Urbano, Ciudadanías Seguras;Seguridad
453;5593946F300BC485;Cooperación Ciudadana;Seguridad
454;1311B2B68472146F;Control Urbano, Cooperación Ciudadana, Lucha Contra El Crimen, Ciudadanías Seguras;Seguridad
455;BF9BE3EACFF999EF;Distritos Seguros, Control Urbano, Datos Para La Seguridad, Ciudadanías Seguras;Seguridad
456;8F178710001C5CE1;Distritos Seguros, Control Urbano, Seguridad Inteligente, Cooperación Ciudadana, Ciudadanías Seguras;Seguridad
457;8B123BD63CE58112;Distritos Seguros, Control Urbano, Cooperación Ciudadana, Ciudadanías Seguras;Seguridad
458;4D561A12C168DB3D;Distritos Seguros, Control Urbano, Seguridad Inteligente, Ciudadanías Seguras;Seguridad
459;83A1D6DF465D7BEA;Distritos Seguros, Control Urbano, Cooperación Ciudadana, Ciudadanías Seguras;Seguridad
460;54C27B3025837B12;Distritos Seguros, Control Urbano, Cooperación Ciudadana, Ciudadanías Seguras;Seguridad
461;F6A736E865DE8097;Distritos Seguros, Control Urbano, Seguridad Inteligente, Datos Para La Seguridad, Protección De Infraestructura, Protección Del Capital Natural, Ciudadanías Seguras;Seguridad
462;2E06F2A818E30809;Distritos Seguros, Control Urbano, Seguridad Inteligente, Ciudadanías Seguras;Seguridad
463;4CA3320AB60347EE;Distritos Seguros, Control Urbano, Seguridad Inteligente, Ciudadanías Seguras;Seguridad
464;018CA86F6D0BDF19;N/A;Seguridad
465;CA34A47B6110A361;Distritos Seguros, Control Urbano, Transporte Seguro, Ciudadanías Seguras;Seguridad
466;768F1CFDCB1F7A5A;Distritos Seguros, Control Urbano, Ciudadanías Seguras;Seguridad
467;7A4F1286CBEDB20E;Distritos Seguros, Control Urbano, Ciudadanías Seguras;Seguridad
468;983C76E6050BFF6A;Distritos Seguros, Control Urbano, Ciudadanías Seguras;Seguridad
469;B0CC415A6B2B4CEC;N/A;Seguridad
470;1BB54CEF870432CC;Control Urbano, Seguridad Inteligente, Ciudadanías Seguras;Seguridad
471;25ED3E31F9686FC7;Distritos Seguros, Control Urbano, Cooperación Ciudadana, Ciudadanías Seguras;Seguridad
472;D40010A7B59B4892;Distritos Seguros, Control Urbano, Cooperación Ciudadana, Ciudadanías Seguras;Seguridad
473;480D9DC2691E2355;Distritos Seguros, Control Urbano, Lucha Contra El Crimen, Ciudadanías Seguras;Seguridad
474;8BC7FF3975725717;Distritos Seguros, Control Urbano, Cooperación Ciudadana, Ciudadanías Seguras;Seguridad
475;3F5651F0F21B712B;Distritos Seguros, Control Urbano, Ciudadanías Seguras;Seguridad
476;01D00CA58739679F;Distritos Seguros, Control Urbano, Ciudadanías Seguras;Seguridad
477;64B34BF5907E0BA1;Distritos Seguros, Control Urbano, Protección De Infraestructura, Ciudadanías Seguras, Urbanismo Para La Seguridad;Seguridad
478;50CD8EC7327CFF7E;Distritos Seguros, Control Urbano, Transporte Seguro, Ciudadanías Seguras;Seguridad
479;42A6CFEF112CFFA1;Distritos Seguros, Control Urbano, Cooperación Ciudadana, Lucha Contra El Crimen, Ciudadanías Seguras;Seguridad
480;C819BB7D45506121;Distritos Seguros, Control Urbano, Gestión De La Seguridad En Aglomeraciones, Ciudadanías Seguras;Seguridad
481;348BA8426F0FED18;Distritos Seguros, Control Urbano, Ciudadanías Seguras;Seguridad
482;9E10AB3F480A93B2;Distritos Seguros, Control Urbano, Transporte Seguro, Ciudadanías Seguras;Seguridad
483;3350D66F47161FAB;N/A;Seguridad
484;8017C733BD460927;Distritos Seguros, Control Urbano, Cooperación Ciudadana, Seguridad Regional, Ciudadanías Seguras;Seguridad
485;95CC951BB3553C17;Distritos Seguros, Control Urbano, Cooperación Ciudadana, Lucha Contra El Crimen, Ciudadanías Seguras;Seguridad
486;0A83EB2E68A993B6;Distritos Seguros, Control Urbano, Cooperación Ciudadana, Lucha Contra El Crimen, Ciudadanías Seguras;Seguridad
487;34A61FAF304FF8D9;Distritos Seguros, Control Urbano, Cooperación Ciudadana, Ciudadanías Seguras;Seguridad
488;75A98AF8E3CBD407;Distritos Seguros, Control Urbano, Cooperación Ciudadana, Lucha Contra El Crimen, Ciudadanías Seguras;Seguridad
489;CF826CA9C98E9343;N/A;Seguridad
490;A175B1E6F8F3F52A;Distritos Seguros, Control Urbano, Ciudadanías Seguras, Bienestar Y Reconocimiento, Urbanismo Para La Seguridad;Seguridad
491;BF05A6EC8065FE85;Distritos Seguros, Control Urbano, Ciudadanías Seguras;Seguridad
492;7BC76EDF135202ED;Distritos Seguros, Control Urbano, Datos Para La Seguridad, Transporte Seguro, Ciudadanías Seguras;Seguridad
493;09DEB6325E13BA53;Distritos Seguros, Control Urbano, Ciudadanías Seguras;Seguridad
494;AA11A59EE347CE03;Distritos Seguros, Control Urbano, Lucha Contra El Crimen, Ciudadanías Seguras;Seguridad
495;F84460C2FDB49A23;Distritos Seguros, Control Urbano, Cooperación Ciudadana, Transporte Seguro, Lucha Contra El Crimen, Ciudadanías Seguras;Seguridad
496;77F674140D352A4D;Distritos Seguros, Control Urbano, Cooperación Ciudadana, Ciudadanías Seguras;Seguridad
497;93989B1D1A737CFC;Distritos Seguros, Control Urbano, Cooperación Ciudadana, Lucha Contra El Crimen, Ciudadanías Seguras;Seguridad
498;D0930DE0D0BF985D;Distritos Seguros, Control Urbano, Cooperación Ciudadana, Transporte Seguro, Lucha Contra El Crimen, Ciudadanías Seguras;Seguridad
499;351A1396FBC03790;Distritos Seguros, Control Urbano, Cooperación Ciudadana, Transporte Seguro, Ciudadanías Seguras;Seguridad
500;FF61CBABA81997DB;Distritos Seguros, Control Urbano, Cooperación Ciudadana, Transporte Seguro, Lucha Contra El Crimen, Ciudadanías Seguras;Seguridad
501;F65B48DFF4F92FBB;Distritos Seguros, Control Urbano, Cooperación Ciudadana, Transporte Seguro, Ciudadanías Seguras;Seguridad
502;A833B8D6B5C0A2B1;Distritos Seguros, Control Urbano, Lucha Contra El Cibercrimen;Seguridad
503;508F8F1113821DEE;Distritos Seguros;Seguridad
504;1ECCB07937C29EFF;Distritos Seguros, Control Urbano, Ciudadanías Seguras;Seguridad
505;B3BF796F9F3FC4AB;Distritos Seguros, Control Urbano, Seguridad Inteligente, Cooperación Ciudadana, Transporte Seguro, Ciudadanías Seguras;Seguridad
506;E57E879CC2D22CAF;Control Urbano, Seguridad Inteligente, Cooperación Ciudadana, Transporte Seguro, Ciudadanías Seguras;Seguridad
507;51FAAB8B1F2F3272;Control Urbano, Seguridad Inteligente, Cooperación Ciudadana, Transporte Seguro, Ciudadanías Seguras;Seguridad
508;3E2D8B0CE991E526;Control Urbano, Seguridad Inteligente, Cooperación Ciudadana, Transporte Seguro, Ciudadanías Seguras;Seguridad
509;05FC380A3D480E84;Cooperación Ciudadana, Transporte Seguro, Lucha Contra El Crimen, N/A;Seguridad
510;8CC8E64714C70315;Distritos Seguros;Seguridad
511;596C055F573B29BC;Distritos Seguros;Seguridad
512;44498EBE98DDC7E2;N/A;Seguridad
513;D9EA128B57F65EAC;N/A;Seguridad
514;9F4E6B329C759F8E;N/A;Seguridad
515;BD2C8B38EAAABC45;Distritos Seguros, Control Urbano, Ciudadanías Seguras;Seguridad
516;6DF6C0853F60A27C;Distritos Seguros, Control Urbano, Seguridad Inteligente, Ciudadanías Seguras, Bienestar Y Reconocimiento, Urbanismo Para La Seguridad;Seguridad
517;DA59360EB1EB16F5;Distritos Seguros, Control Urbano, Cooperación Ciudadana, Ciudadanías Seguras, Urbanismo Para La Seguridad;Seguridad
518;46EACC24BB1ECDAB;Distritos Seguros, Control Urbano, Transporte Seguro, Ciudadanías Seguras;Seguridad
519;E8416652FB14880F;N/A;Seguridad
520;5D2DAD0EE4489B57;N/A;Seguridad
521;6E6DAD5305CE485E;N/A;Seguridad
522;5554D8C912DBBF90;N/A;Seguridad
523;B7932396D8720249;N/A;Seguridad
524;4FA3837742211366;N/A;Seguridad
525;AD89CD38FE0F7445;N/A;Seguridad
526;3CCE66FD14CEF742;N/A;Seguridad
527;CFAD403115909407;N/A;Seguridad
528;3159E8DF1FB66317;N/A;Seguridad
529;C4CA3F977FF05CF8;Distritos Seguros, Control Urbano, Transporte Seguro, Ciudadanías Seguras;Seguridad
530;DEE30E0C5EEE64E1;Distritos Seguros, Control Urbano, Transporte Seguro, Ciudadanías Seguras;Seguridad
531;A6F1C86E5DDE66FF;Distritos Seguros, Control Urbano, Ciudadanías Seguras, Bienestar Y Reconocimiento;Seguridad
532;040C46157337B1E9;Distritos Seguros, Control Urbano, Ciudadanías Seguras, Bienestar Y Reconocimiento;Seguridad
533;1D85BB73A6DD9B9C;Control Urbano, Seguridad Inteligente, Cooperación Ciudadana, Lucha Contra El Crimen, Ciudadanías Seguras;Seguridad
534;88F0B884A76D8ADB;Control Urbano, Cooperación Ciudadana, Lucha Contra El Crimen, Ciudadanías Seguras;Seguridad
535;82764F402A3236A3;Distritos Seguros, Control Urbano, Cooperación Ciudadana, Lucha Contra El Crimen, Ciudadanías Seguras;Seguridad
536;BCA941F31B6B5057;Control Urbano, Cooperación Ciudadana, Transporte Seguro, Lucha Contra El Crimen, Ciudadanías Seguras;Seguridad
537;58E9409333A93CF6;Control Urbano, Cooperación Ciudadana, Transporte Seguro, Lucha Contra El Crimen, Ciudadanías Seguras;Seguridad
538;F57D0D8C44FF348C;Control Urbano, Datos Para La Seguridad, Lucha Contra El Crimen, Ciudadanías Seguras;Seguridad
539;92B59F40F893D13A;Distritos Seguros, Control Urbano, Ciudadanías Seguras, Bienestar Y Reconocimiento;Seguridad
540;423C89227EEF0AD9;Distritos Seguros, Control Urbano, Ciudadanías Seguras, Bienestar Y Reconocimiento;Seguridad
541;033CD4906EE71382;Distritos Seguros, Control Urbano, Transporte Seguro, Ciudadanías Seguras;Seguridad
542;777C40835F23DC91;Distritos Seguros, Control Urbano, Ciudadanías Seguras, Bienestar Y Reconocimiento;Seguridad
543;B02A2C201399BEA2;Distritos Seguros, Control Urbano, Ciudadanías Seguras;Seguridad
544;9B532E067332684C;Distritos Seguros, Control Urbano, Transporte Seguro, Bienestar Y Reconocimiento;Seguridad
545;B2E0FA7825D0B618;Distritos Seguros, Control Urbano, Ciudadanías Seguras;Seguridad
546;4C72E6149D22048B;Distritos Seguros, Control Urbano, Ciudadanías Seguras;Seguridad
547;4C3FB3819A7E3E85;Distritos Seguros, Control Urbano, Ciudadanías Seguras;Seguridad
548;93E081B43E959C2C;N/A;Seguridad
549;78E585209E4276CB;Distritos Seguros, Control Urbano, Transporte Seguro, Ciudadanías Seguras;Seguridad
550;5510FA73E320E0EC;N/A;Seguridad
551;58991651EA80D880;N/A;Seguridad
552;5562DFDFCF9050EE;N/A;Seguridad
553;A9FF3CEC68B0936D;N/A;Seguridad
554;9A70E6C1C26ACB77;N/A;Seguridad
555;9EEE01D63E46704F;Distritos Seguros, Control Urbano, Transporte Seguro, Ciudadanías Seguras;Seguridad
556;E79FF1A55FBE9B92;N/A;Seguridad
557;9B4903956643F7DF;Control Urbano, Cooperación Ciudadana, Protección Del Capital Natural;Seguridad
558;AF9B73B7811C0290;Distritos Seguros, Control Urbano, Ciudadanías Seguras;Seguridad
559;C05EE0731084BD52;Control Urbano, Ciudadanías Seguras, Bienestar Y Reconocimiento;Seguridad
560;4BFFB3E56E11463A;Transporte Seguro, Gestión De La Seguridad En Aglomeraciones, Lucha Contra El Crimen;Seguridad
561;8ED0EA5CC4855504;Distritos Seguros, Control Urbano, Gestión De La Seguridad En Aglomeraciones, Ciudadanías Seguras, Bienestar Y Reconocimiento;Seguridad
562;A74415664B96B076;Distritos Seguros, Control Urbano, Gestión De La Seguridad En Aglomeraciones, Ciudadanías Seguras;Seguridad
563;3E46A0AC4F8A6E27;Distritos Seguros, Cooperación Ciudadana;Seguridad
564;3363BF1E62A13500;Distritos Seguros, Control Urbano, Ciudadanías Seguras;Seguridad
565;29DD5BAC46F964CD;Control Urbano;Seguridad
566;9B53C833722B0DE2;Distritos Seguros, Control Urbano, Ciudadanías Seguras, Bienestar Y Reconocimiento;Seguridad
567;35A883687D458A22;Distritos Seguros, Control Urbano, Ciudadanías Seguras;Seguridad
568;7E48A542F0BD1251;Distritos Seguros, Control Urbano, Ciudadanías Seguras;Seguridad
569;2DCED264FE624B69;Distritos Seguros, Control Urbano, Gestión De La Seguridad En Aglomeraciones, Ciudadanías Seguras, Urbanismo Para La Seguridad;Seguridad
570;6D69A1AC82619740;Control Urbano, Ciudadanías Seguras;Seguridad
571;0C13AA03454CD02D;Distritos Seguros, Control Urbano, Seguridad Inteligente, Datos Para La Seguridad, Cooperación Ciudadana, Lucha Contra El Crimen, Ciudadanías Seguras;Seguridad
572;DE1806DFC224163B;Distritos Seguros, Control Urbano, Transporte Seguro, Ciudadanías Seguras;Seguridad
573;324BB869FFE3AB89;Distritos Seguros, Control Urbano, Transporte Seguro, Ciudadanías Seguras;Seguridad
574;DF39C3656C4F1EBE;Distritos Seguros, Control Urbano, Transporte Seguro, Ciudadanías Seguras;Seguridad
575;40A63F212AFCE845;Distritos Seguros, Control Urbano, Transporte Seguro, Ciudadanías Seguras, Urbanismo Para La Seguridad;Seguridad
576;1138289CF215D35F;Distritos Seguros;Seguridad
577;A85B7CC6BC50F51B;Distritos Seguros, Control Urbano, Datos Para La Seguridad, Cooperación Ciudadana, Gestión De La Seguridad En Aglomeraciones, Ciudadanías Seguras, Bienestar Y Reconocimiento, Urbanismo Para La Seguridad;Seguridad
578;D5FAE12612674EC3;Distritos Seguros, Control Urbano, Seguridad Inteligente, Cooperación Ciudadana, Gestión De La Seguridad En Aglomeraciones, Seguridad Regional, Lucha Contra El Crimen, Ciudadanías Seguras, Bienestar Y Reconocimiento, Urbanismo Para La Seguridad;Seguridad
579;3516E3E2287BD83A;Distritos Seguros, Control Urbano, Datos Para La Seguridad, Cooperación Ciudadana, Gestión De La Seguridad En Aglomeraciones, Lucha Contra El Crimen, Ciudadanías Seguras, Bienestar Y Reconocimiento;Seguridad
580;3B424B549F83BD12;Distritos Seguros, Control Urbano, Datos Para La Seguridad, Cooperación Ciudadana, Protección De Infraestructura, Gestión De La Seguridad En Aglomeraciones, Lucha Contra El Crimen, Lucha Contra El Cibercrimen, Ciudadanías Seguras, Bienestar Y Reconocimiento, Urbanismo Para La Seguridad;Seguridad
581;7CFDA765BA4381AA;Distritos Seguros, Control Urbano, Datos Para La Seguridad, Cooperación Ciudadana, Lucha Contra El Crimen, Ciudadanías Seguras, Bienestar Y Reconocimiento, Urbanismo Para La Seguridad;Seguridad
582;2AF92CD2DE4413BC;Distritos Seguros, Control Urbano, Cooperación Ciudadana, Gestión De La Seguridad En Aglomeraciones, Ciudadanías Seguras, Bienestar Y Reconocimiento;Seguridad
583;DACA3E8E0C6FFA35;Cooperación Ciudadana;Seguridad
584;29A33BA97ABBBE92;Control Urbano;Seguridad
585;EEF7F420EE164861;Control Urbano;Seguridad
586;01BCA8B09FF6A411;Control Urbano;Seguridad
587;BE4A37BD709C6A40;Distritos Seguros, Control Urbano, Seguridad Inteligente, Bienestar Y Reconocimiento, Urbanismo Para La Seguridad;Seguridad
588;F283DC46AA01BC09;Control Urbano;Seguridad
589;161CAB41F26E8155;Control Urbano, Cooperación Ciudadana;Seguridad
590;08FF0ED6B1B2F53F;Distritos Seguros, Control Urbano, Lucha Contra El Crimen, Ciudadanías Seguras;Seguridad
591;2F77D62918A631F4;Distritos Seguros, Control Urbano, Seguridad Inteligente, Lucha Contra El Crimen, Ciudadanías Seguras;Seguridad
592;D3E7A7C693D3C0C5;Control Urbano;Seguridad
593;7455EF10D27AA2AB;Distritos Seguros, Control Urbano, Gestión De La Seguridad En Aglomeraciones, Ciudadanías Seguras, Bienestar Y Reconocimiento;Seguridad
594;64A7534156B27E1A;Distritos Seguros, Datos Para La Seguridad, Cooperación Ciudadana, Lucha Contra El Crimen, Ciudadanías Seguras, Bienestar Y Reconocimiento, Urbanismo Para La Seguridad;Seguridad
595;5201C170DA865159;Ciudadanías Seguras;Seguridad
596;31C717CAE11DB019;Distritos Seguros, Control Urbano, Gestión De La Seguridad En Aglomeraciones, Lucha Contra El Crimen, Ciudadanías Seguras, Bienestar Y Reconocimiento;Seguridad
597;6D15EF2973481A8E;Distritos Seguros, Control Urbano, Gestión De La Seguridad En Aglomeraciones, Ciudadanías Seguras, Bienestar Y Reconocimiento;Seguridad
598;1D8DCD1A7214CB40;Distritos Seguros, Control Urbano, Cooperación Ciudadana, Ciudadanías Seguras, Bienestar Y Reconocimiento;Seguridad
599;20D06AE27E5142F9;Seguridad Inteligente, Datos Para La Seguridad, Seguridad Regional, Lucha Contra El Crimen, Lucha Contra El Cibercrimen, Ciudadanías Seguras;Seguridad
600;64153CC4BF2C422A;Distritos Seguros, Control Urbano, Datos Para La Seguridad, Lucha Contra El Crimen, Ciudadanías Seguras, Bienestar Y Reconocimiento, Urbanismo Para La Seguridad;Seguridad
601;7EA8CF7C51DB74C9;Distritos Seguros, Control Urbano, Ciudadanías Seguras, Bienestar Y Reconocimiento, Urbanismo Para La Seguridad;Seguridad
602;943ECA99896CDEB6;Distritos Seguros, Control Urbano, Gestión De La Seguridad En Aglomeraciones, Ciudadanías Seguras, Bienestar Y Reconocimiento;Seguridad
603;A388A1615C51132C;Distritos Seguros, Control Urbano, Transporte Seguro, Lucha Contra El Crimen, Ciudadanías Seguras, Bienestar Y Reconocimiento, Urbanismo Para La Seguridad;Seguridad
604;4CBE11934854DFA1;Cooperación Ciudadana;Seguridad
605;C5AA371E46292AD9;Distritos Seguros, Control Urbano, Lucha Contra El Crimen, Ciudadanías Seguras, Bienestar Y Reconocimiento;Seguridad
606;1064D96F3A64B4F0;Distritos Seguros, Control Urbano, Gestión De La Seguridad En Aglomeraciones, Ciudadanías Seguras, Bienestar Y Reconocimiento;Seguridad
607;496EC41F9F719B51;Distritos Seguros, Control Urbano, Ciudadanías Seguras, Bienestar Y Reconocimiento;Seguridad
608;E24C8E00A5460EE4;Cooperación Ciudadana;Seguridad
609;F84CDBE8029C9B2F;Distritos Seguros, Control Urbano, Seguridad Inteligente, Cooperación Ciudadana, Lucha Contra El Cibercrimen, Ciudadanías Seguras;Seguridad
610;ADFED9E6DF9E07D5;Distritos Seguros, Cooperación Ciudadana, Bienestar Y Reconocimiento, Urbanismo Para La Seguridad;Seguridad
611;01BD9BDD1C26D97B;Distritos Seguros, Control Urbano, Lucha Contra El Cibercrimen, Ciudadanías Seguras, Bienestar Y Reconocimiento, Urbanismo Para La Seguridad;Seguridad
612;D24F363A52157344;Distritos Seguros, Control Urbano, Seguridad Inteligente, Transporte Seguro, Ciudadanías Seguras, Bienestar Y Reconocimiento;Seguridad
613;8C3004BDBB931CBB;Distritos Seguros, Gestión De La Seguridad En Aglomeraciones, Ciudadanías Seguras, Bienestar Y Reconocimiento;Seguridad
614;AA6FCF613ACF5BFC;Distritos Seguros, Control Urbano, Gestión De La Seguridad En Aglomeraciones, Bienestar Y Reconocimiento;Seguridad
615;C309AF2BB8873510;Distritos Seguros, Control Urbano, Gestión De La Seguridad En Aglomeraciones, Ciudadanías Seguras, Bienestar Y Reconocimiento, Urbanismo Para La Seguridad;Seguridad
616;0B913257784313B4;Cooperación Ciudadana;Seguridad
617;A6E446B0932ED09E;Distritos Seguros, Control Urbano, Lucha Contra El Crimen, Ciudadanías Seguras, Bienestar Y Reconocimiento;Seguridad
618;6F88B870B1785A5C;Distritos Seguros, Control Urbano, Gestión De La Seguridad En Aglomeraciones, Ciudadanías Seguras, Bienestar Y Reconocimiento;Seguridad
619;F462D58E225460B1;Ciudadanías Seguras;Seguridad
620;AC89B0FC0F610773;Distritos Seguros, Control Urbano, Cooperación Ciudadana, Ciudadanías Seguras, Bienestar Y Reconocimiento, Urbanismo Para La Seguridad;Seguridad
621;481D786EFAB56877;Distritos Seguros, Control Urbano, Ciudadanías Seguras, Bienestar Y Reconocimiento, Urbanismo Para La Seguridad;Seguridad
622;EE699B2B4DB2C92A;Distritos Seguros, Control Urbano, Ciudadanías Seguras, Bienestar Y Reconocimiento, Urbanismo Para La Seguridad;Seguridad
623;6D36C4FB223D4E31;Distritos Seguros, Control Urbano, Cooperación Ciudadana, Ciudadanías Seguras, Bienestar Y Reconocimiento;Seguridad
624;E99973920E334DDA;Distritos Seguros, Control Urbano, Ciudadanías Seguras, Bienestar Y Reconocimiento, Urbanismo Para La Seguridad;Seguridad
625;2F71946AC38156B8;Ciudadanías Seguras;Seguridad
626;213280326DC79459;N/A;Seguridad
627;7D5353C6D905D100;Distritos Seguros;Seguridad
628;DAFE22DA1F720135;Distritos Seguros, Control Urbano, Datos Para La Seguridad;Seguridad
629;1CCC15B78B21BAF0;Distritos Seguros;Seguridad
630;00236CD1C7DA1A47;Control Urbano, Seguridad Inteligente, Datos Para La Seguridad, Cooperación Ciudadana, Ciudadanías Seguras;Seguridad
631;01DA1892FF2A1052;Ciudadanías Seguras, Urbanismo Para La Seguridad;Seguridad
632;9BF9E6C36B1C62B1;Distritos Seguros, Control Urbano, Ciudadanías Seguras, Bienestar Y Reconocimiento;Seguridad
633;AB81949C71174837;Distritos Seguros, Control Urbano, Seguridad Inteligente, Datos Para La Seguridad, Cooperación Ciudadana, Ciudadanías Seguras;Seguridad
634;B87724A4FCE8031A;Distritos Seguros, Control Urbano, Gestión De La Seguridad En Aglomeraciones, Ciudadanías Seguras, Bienestar Y Reconocimiento;Seguridad
635;D731BBFF7C2117B6;Distritos Seguros, Control Urbano, Ciudadanías Seguras, Bienestar Y Reconocimiento;Seguridad
636;269AA9847AB645A2;Protección Del Capital Natural;Seguridad
637;8B9DAAC35EADA5DD;Protección Del Capital Natural;Seguridad
638;250F28E398B9DB6D;Cooperación Ciudadana;Seguridad
639;C416E0CAE35CE471;Distritos Seguros, Lucha Contra El Crimen, Ciudadanías Seguras;Seguridad
640;838E22EAD6FCE8AA;Protección Del Capital Natural;Seguridad
641;B2C5B558BCEF82FC;Protección Del Capital Natural;Seguridad
642;964E82534EFFD10A;Lucha Contra El Crimen, Ciudadanías Seguras;Seguridad
643;4CF3A019841A4008;Ciudadanías Seguras, Urbanismo Para La Seguridad;Seguridad
644;9D6B3780086F219D;Distritos Seguros, Control Urbano, Cooperación Ciudadana, Ciudadanías Seguras;Seguridad
645;DEB9266FDB29591C;Distritos Seguros, Control Urbano, Datos Para La Seguridad, Lucha Contra El Crimen, Ciudadanías Seguras, Bienestar Y Reconocimiento;Seguridad
646;D696C50570C9C814;Distritos Seguros, Control Urbano, Urbanismo Para La Seguridad;Seguridad
647;5FEC0339DCD89977;Distritos Seguros, Control Urbano, Cooperación Ciudadana;Seguridad
648;2213AA1262A6FD65;Ciudadanías Seguras;Seguridad
649;115BC3AE2AF97B78;Ciudadanías Seguras;Seguridad
650;3EF341EDD28DF682;Ciudadanías Seguras;Seguridad
651;36DD8AF7B05D9A90;Distritos Seguros, Control Urbano, Gestión De La Seguridad En Aglomeraciones, Ciudadanías Seguras, Bienestar Y Reconocimiento, Urbanismo Para La Seguridad;Seguridad
652;AE2C272C1CEBEE36;Distritos Seguros;Seguridad
653;0F7A50CC783FEE03;Ciudadanías Seguras;Seguridad
654;F7A5A94C1E920A6F;Distritos Seguros;Seguridad
655;36BB9CD89031F345;Distritos Seguros, Control Urbano, Seguridad Inteligente, Cooperación Ciudadana, Lucha Contra El Crimen, Ciudadanías Seguras;Seguridad
656;2D9C56CAE52B719A;Distritos Seguros, Control Urbano, Ciudadanías Seguras, Bienestar Y Reconocimiento;Seguridad
657;8E11CB61AC3EC8B5;Distritos Seguros, Gestión De La Seguridad En Aglomeraciones, Ciudadanías Seguras, Bienestar Y Reconocimiento;Seguridad
658;C071CC51A3BC1AA4;Distritos Seguros, Control Urbano, Transporte Seguro, Gestión De La Seguridad En Aglomeraciones, Ciudadanías Seguras, Bienestar Y Reconocimiento;Seguridad
659;6419704FB825AB2F;Ciudadanías Seguras;Seguridad
660;35A21D55B9FC21A6;Ciudadanías Seguras;Seguridad
661;657C69F9B687B62B;Ciudadanías Seguras;Seguridad
662;E7ABAA44FEDCBFED;Ciudadanías Seguras;Seguridad
663;11BA2EA48D45C5A9;Ciudadanías Seguras;Seguridad
664;6CB6DE5205AD9104;Ciudadanías Seguras;Seguridad
665;0CC6B957C6B14D2A;Distritos Seguros, Control Urbano;Seguridad
666;4CDF5F8042734B7F;Control Urbano, Seguridad Inteligente, Lucha Contra El Crimen, Ciudadanías Seguras;Seguridad
667;ED8A0160DBD68DAE;Distritos Seguros;Seguridad
668;79ECA2308436D9B7;Ciudadanías Seguras;Seguridad
669;1A64F9050E8FF2DA;Ciudadanías Seguras;Seguridad
670;3A2532C6CD07D8A6;Ciudadanías Seguras;Seguridad
671;7960772602BCB415;Ciudadanías Seguras;Seguridad
672;BBC9C9F889483BCA;Ciudadanías Seguras;Seguridad
673;6C8A81A117E41959;Ciudadanías Seguras;Seguridad
674;A83A684B457C4490;Distritos Seguros;Seguridad
675;00D768AB4535A3DC;Distritos Seguros, Ciudadanías Seguras;Seguridad
676;C0CB8D8C8DA85FC2;Distritos Seguros, Ciudadanías Seguras;Seguridad
677;9B6A7B927436CBE2;Distritos Seguros, Ciudadanías Seguras;Seguridad
678;65E627D7791B571D;Distritos Seguros, Ciudadanías Seguras;Seguridad
679;CE164EA262A5BE80;Distritos Seguros, Ciudadanías Seguras;Seguridad
680;5BB10E29CFBB4573;Distritos Seguros, Ciudadanías Seguras;Seguridad
681;F46CA1703D4CC88B;Distritos Seguros, Ciudadanías Seguras;Seguridad
682;46FBFB68DB5E434F;Distritos Seguros, Ciudadanías Seguras;Seguridad
683;D5E281861A08D628;Distritos Seguros, Control Urbano, Transporte Seguro, Ciudadanías Seguras;Seguridad
684;E73E4AAF82CAE5A0;Control Urbano, Transporte Seguro, Ciudadanías Seguras, Bienestar Y Reconocimiento;Seguridad
685;2F2541834002CD2A;Control Urbano, Seguridad Inteligente, Ciudadanías Seguras;Seguridad
686;7C26F314E8371806;Distritos Seguros, Control Urbano, Gestión De La Seguridad En Aglomeraciones, Bienestar Y Reconocimiento;Seguridad
687;2BDAC7ABF4E23609;Distritos Seguros, Transporte Seguro;Seguridad
688;8FFFF49B020773A0;Distritos Seguros, Transporte Seguro;Seguridad
689;358E634A4352AB97;Distritos Seguros, Control Urbano, Gestión De La Seguridad En Aglomeraciones, Ciudadanías Seguras, Bienestar Y Reconocimiento;Seguridad
690;BAA4AB000316D5AD;Distritos Seguros, Control Urbano, Gestión De La Seguridad En Aglomeraciones, Ciudadanías Seguras, Bienestar Y Reconocimiento;Seguridad
691;E300AD2C2639C757;Distritos Seguros, Control Urbano, Gestión De La Seguridad En Aglomeraciones, Ciudadanías Seguras, Urbanismo Para La Seguridad;Seguridad
692;AE2BEE60ED2308EC;Distritos Seguros, Control Urbano, Gestión De La Seguridad En Aglomeraciones, Ciudadanías Seguras, Bienestar Y Reconocimiento;Seguridad
693;93C046535F114269;Distritos Seguros, Ciudadanías Seguras;Seguridad
694;478196846140D915;Distritos Seguros, Ciudadanías Seguras;Seguridad
695;BB4726AB0604C125;Distritos Seguros, Ciudadanías Seguras;Seguridad
696;EBC5C7BD2E7C65C3;Distritos Seguros, Ciudadanías Seguras;Seguridad
697;0BAB042E9486C0D6;Distritos Seguros, Ciudadanías Seguras;Seguridad
698;DA5323981125866F;Control Urbano;Seguridad
699;F95EFE3B7CFBF49C;Distritos Seguros;Seguridad
700;5F9382D2AC031C72;Protección De Infraestructura;Seguridad
701;46D509B6530403C9;Ciudadanías Seguras;Seguridad
702;96F5A5DCFFCB2CA3;Distritos Seguros, Ciudadanías Seguras;Seguridad
703;80BEF4305B1AB1D5;Cooperación Ciudadana;Seguridad
704;BF62AD2CF66E4D63;Distritos Seguros, Ciudadanías Seguras;Seguridad
705;4875F89D0A1B80CB;Distritos Seguros, Ciudadanías Seguras;Seguridad
706;5BFF0E613EE4A411;Distritos Seguros, Ciudadanías Seguras;Seguridad
707;22FDAE65774B5119;Distritos Seguros, Ciudadanías Seguras;Seguridad
708;4AB4047008C93416;Distritos Seguros, Ciudadanías Seguras;Seguridad
709;2F1872A1859B7DBD;Distritos Seguros, Ciudadanías Seguras;Seguridad
710;D03B564CB0192841;Distritos Seguros, Ciudadanías Seguras;Seguridad
711;FDB2CC857011837D;Distritos Seguros, Ciudadanías Seguras;Seguridad
712;54AAB429DAA8BED2;Distritos Seguros, Control Urbano, Seguridad Inteligente, Lucha Contra El Crimen, Lucha Contra El Cibercrimen, Ciudadanías Seguras;Seguridad
713;191974470071E956;Distritos Seguros, Control Urbano, Cooperación Ciudadana, Ciudadanías Seguras;Seguridad
714;4F890B11CC01AC21;Distritos Seguros, Cooperación Ciudadana, Lucha Contra El Crimen, Ciudadanías Seguras;Seguridad
715;89B5F4C0814CC905;Distritos Seguros, Control Urbano, Cooperación Ciudadana, Ciudadanías Seguras;Seguridad
716;4AFF0056B94CB46D;Distritos Seguros, Control Urbano, Ciudadanías Seguras, Bienestar Y Reconocimiento;Seguridad
717;D849786FFFB28712;Control Urbano, Ciudadanías Seguras;Seguridad
718;A595AB665CA1416C;Distritos Seguros, Cooperación Ciudadana, Lucha Contra El Crimen, Ciudadanías Seguras;Seguridad
719;998A0A405EC273D3;Distritos Seguros, Control Urbano, Cooperación Ciudadana, Ciudadanías Seguras;Seguridad
720;86473E0852540632;Distritos Seguros, Ciudadanías Seguras;Seguridad
721;8860275E2D2FCEA4;Distritos Seguros, Ciudadanías Seguras;Seguridad
722;DB5274BA013FA983;Distritos Seguros, Ciudadanías Seguras;Seguridad
723;8992FB21DC033AE0;Distritos Seguros, Ciudadanías Seguras;Seguridad
724;A3C6E5CF99EFCB87;Distritos Seguros, Ciudadanías Seguras;Seguridad
725;707D5A1636FCDA47;Distritos Seguros, Ciudadanías Seguras;Seguridad
726;E20335F142A333DC;Distritos Seguros, Control Urbano, Gestión De La Seguridad En Aglomeraciones, Bienestar Y Reconocimiento;Seguridad
727;05F420F064E10785;Distritos Seguros, Datos Para La Seguridad, Seguridad Regional;Seguridad
728;48759A6C974C308C;Distritos Seguros, Control Urbano, Datos Para La Seguridad, Cooperación Ciudadana, Ciudadanías Seguras;Seguridad
729;F6883DBDEE0B4088;Distritos Seguros, Control Urbano, Gestión De La Seguridad En Aglomeraciones, Ciudadanías Seguras;Seguridad
730;91E2FA0F8F0F1BCE;Distritos Seguros, Ciudadanías Seguras;Seguridad
731;16E2FB65DC254BFF;Distritos Seguros, Control Urbano, Ciudadanías Seguras;Seguridad
732;90C7F886BBD4BD27;Cooperación Ciudadana;Seguridad
733;765FD6B96CBEDB46;N/A;Seguridad
734;3E433509D0013D46;Distritos Seguros;Seguridad
735;7132005568FD4505;Distritos Seguros, Control Urbano, Ciudadanías Seguras, Bienestar Y Reconocimiento;Seguridad
736;9C636ED0AD3DEF51;Distritos Seguros, Ciudadanías Seguras;Seguridad
737;D53BF3507579E01D;Distritos Seguros, Ciudadanías Seguras;Seguridad
738;40930ADE2E313562;Distritos Seguros, Ciudadanías Seguras;Seguridad
739;197E5B8605DCAA69;Control Urbano, Ciudadanías Seguras, Bienestar Y Reconocimiento;Seguridad
740;A9A62B2239EDF320;Distritos Seguros, Control Urbano, Ciudadanías Seguras, Bienestar Y Reconocimiento;Seguridad
741;5685B0966494BFC1;Distritos Seguros, Control Urbano, Cooperación Ciudadana, Ciudadanías Seguras, Urbanismo Para La Seguridad;Seguridad
742;5ECC8A2F66A31FDB;Distritos Seguros, Control Urbano, Datos Para La Seguridad, Seguridad Regional, Lucha Contra El Crimen, Ciudadanías Seguras, Bienestar Y Reconocimiento;Seguridad
743;585F5EA3689D846C;Distritos Seguros, Control Urbano, Lucha Contra El Crimen, Ciudadanías Seguras, Bienestar Y Reconocimiento;Seguridad
744;7824BDEA87927940;Distritos Seguros, Control Urbano, Ciudadanías Seguras;Seguridad
745;BB15F88EB6F81C65;Distritos Seguros, Ciudadanías Seguras;Seguridad
746;DB6FA35AB264D542;Distritos Seguros, Ciudadanías Seguras;Seguridad
747;D2692D178C0BFB97;Distritos Seguros, Ciudadanías Seguras;Seguridad
748;EF38AD6C4E9A977C;Distritos Seguros, Ciudadanías Seguras;Seguridad
749;CEA3883220887DD0;Distritos Seguros, Ciudadanías Seguras;Seguridad
750;543E7865169EE95A;Distritos Seguros, Control Urbano, Seguridad Regional, Ciudadanías Seguras, Bienestar Y Reconocimiento;Seguridad
751;2FF5120DB416678E;Control Urbano, Gestión De La Seguridad En Aglomeraciones, Ciudadanías Seguras;Seguridad
752;2C6439FFDE7E0A8D;Distritos Seguros, Control Urbano, Ciudadanías Seguras, Bienestar Y Reconocimiento, Urbanismo Para La Seguridad;Seguridad
753;1B6996D37C381692;Distritos Seguros, Control Urbano, Gestión De La Seguridad En Aglomeraciones, Ciudadanías Seguras, Bienestar Y Reconocimiento;Seguridad
754;ABD0C50AE1972278;Distritos Seguros, Ciudadanías Seguras;Seguridad
755;491833D98C559635;Distritos Seguros, Ciudadanías Seguras;Seguridad
756;EB170D320D5F1B6A;Distritos Seguros, Ciudadanías Seguras;Seguridad
757;0645AFF92046E274;Distritos Seguros, Ciudadanías Seguras;Seguridad
758;87DE17A1387CD5A5;Ciudadanías Seguras;Seguridad
759;86BCFF7D74FAF9A3;Ciudadanías Seguras;Seguridad
760;8537F966BC274D0A;Ciudadanías Seguras;Seguridad
761;0AC9A42BAB3B19E8;Distritos Seguros, Control Urbano, Ciudadanías Seguras, Urbanismo Para La Seguridad;Seguridad
762;18B715B9914B5E5F;Distritos Seguros, Control Urbano, Datos Para La Seguridad, Ciudadanías Seguras;Seguridad
763;0D5808D19A90AA57;Distritos Seguros, Seguridad Regional, Ciudadanías Seguras;Seguridad
764;C94E163473926D22;Distritos Seguros, Control Urbano, Ciudadanías Seguras, Bienestar Y Reconocimiento, Urbanismo Para La Seguridad;Seguridad
765;A435E6EAA9B1E370;Control Urbano, Cooperación Ciudadana, Ciudadanías Seguras;Seguridad
766;A76979B3CE51274C;Distritos Seguros, Control Urbano, Gestión De La Seguridad En Aglomeraciones, Ciudadanías Seguras;Seguridad
767;DE8EE21FE320A57B;Distritos Seguros, Ciudadanías Seguras;Seguridad
768;B5526A88B20EAF5D;Distritos Seguros, Ciudadanías Seguras;Seguridad
769;2EC6368049E12558;Distritos Seguros, Ciudadanías Seguras;Seguridad
770;F15F79E4C8A4DC8A;Control Urbano, Cooperación Ciudadana, Lucha Contra El Crimen, Urbanismo Para La Seguridad;Seguridad
771;7ED6C02603EF6768;Distritos Seguros, Control Urbano, Seguridad Inteligente, Datos Para La Seguridad, Ciudadanías Seguras;Seguridad
772;E22BF81D53689733;Control Urbano, Seguridad Inteligente, Datos Para La Seguridad, Transporte Seguro, Ciudadanías Seguras;Seguridad
773;B453EEC01DA8C9A4;Control Urbano, Seguridad Inteligente, Lucha Contra El Crimen, Lucha Contra El Cibercrimen, Ciudadanías Seguras, Bienestar Y Reconocimiento;Seguridad
774;6741ABBAB418B2B9;Distritos Seguros, Ciudadanías Seguras;Seguridad
775;E973D72B28B167FA;N/A;Seguridad
776;6EF1614FD7740014;Distritos Seguros, Control Urbano, Ciudadanías Seguras, Bienestar Y Reconocimiento, Urbanismo Para La Seguridad;Seguridad
777;4E8451A6F0450EB6;Distritos Seguros, Control Urbano, Seguridad Inteligente, Lucha Contra El Cibercrimen;Seguridad
778;6841731A2D1531DA;Distritos Seguros, Control Urbano, Transporte Seguro, Ciudadanías Seguras;Seguridad
779;5B45B89DCEF3B192;Ciudadanías Seguras;Seguridad
780;4E04327333675437;Distritos Seguros, Control Urbano, Lucha Contra El Crimen, Ciudadanías Seguras;Seguridad
781;6402CC64FD73A3D0;Distritos Seguros, Control Urbano, Seguridad Inteligente, Seguridad Regional, Lucha Contra El Crimen, Lucha Contra El Cibercrimen, Ciudadanías Seguras;Seguridad
782;63ED55CCC257CAF2;Control Urbano, Seguridad Inteligente, Datos Para La Seguridad, Cooperación Ciudadana, Ciudadanías Seguras;Seguridad
783;E7854FAEA134F110;Distritos Seguros, Urbanismo Para La Seguridad;Seguridad
784;A93A05373B4E7164;Distritos Seguros, Gestión De La Seguridad En Aglomeraciones, Ciudadanías Seguras, Urbanismo Para La Seguridad;Seguridad
785;27BE111AC0D09F67;Protección De Infraestructura;Seguridad
786;8D0208E0D50B3649;Distritos Seguros, Ciudadanías Seguras;Seguridad
787;04CA2E303FADD256;Control Urbano, Cooperación Ciudadana;Seguridad
788;CEC1EB46E4C99706;Protección De Infraestructura;Seguridad
789;561D9C55731FBEFF;Control Urbano, Protección De Infraestructura;Seguridad
790;77AC593D6D0A1D40;Distritos Seguros, Control Urbano, Transporte Seguro, Ciudadanías Seguras;Seguridad
791;7749EB0AD50BC2D5;Control Urbano, Cooperación Ciudadana, Lucha Contra El Crimen;Seguridad
792;4A1C04670B420E24;Distritos Seguros, Control Urbano, Cooperación Ciudadana;Seguridad
793;E4E470E70F2AC41E;Distritos Seguros, Control Urbano, Cooperación Ciudadana, Ciudadanías Seguras;Seguridad
794;59F67D76B94433A4;Distritos Seguros, Ciudadanías Seguras;Seguridad
795;2405D421F8ADFF45;Distritos Seguros, Ciudadanías Seguras;Seguridad
796;3604E8EF487BFB6C;Distritos Seguros, Ciudadanías Seguras;Seguridad
797;198B49661B1C7623;Distritos Seguros, Ciudadanías Seguras;Seguridad
798;119AE9947974C09D;Distritos Seguros, Ciudadanías Seguras;Seguridad
799;1D9411EC1B7C6FE1;Distritos Seguros, Ciudadanías Seguras;Seguridad
800;841EEDB795E7FF95;Distritos Seguros, Ciudadanías Seguras;Seguridad
801;DFE91920E46907D1;Distritos Seguros, Ciudadanías Seguras;Seguridad
802;B30AF359E67F5501;Distritos Seguros, Ciudadanías Seguras;Seguridad
803;9054E04C741A8856;Distritos Seguros, Transporte Seguro, Ciudadanías Seguras;Seguridad
804;FF59C646E4C4B65A;Distritos Seguros, Ciudadanías Seguras;Seguridad
805;59B095451408B78B;Control Urbano, Lucha Contra El Cibercrimen;Seguridad
806;06F758B6066EDB87;Ciudadanías Seguras;Seguridad
807;D49C8F9DE9D99B1D;Ciudadanías Seguras;Seguridad
808;5175BF7EB29A3FD9;Ciudadanías Seguras;Seguridad
809;510E622F8CEDA719;Control Urbano, Lucha Contra El Cibercrimen;Seguridad
810;7A6F87FEFF8DEF37;Distritos Seguros, Ciudadanías Seguras;Seguridad
811;A0273DCB9D540B4B;Distritos Seguros, Control Urbano, Ciudadanías Seguras, Bienestar Y Reconocimiento, Urbanismo Para La Seguridad;Seguridad
812;D1D30103E2B570BA;Datos Para La Seguridad, Ciudadanías Seguras, Bienestar Y Reconocimiento, Urbanismo Para La Seguridad;Seguridad
813;23D5D9A7BDC7E99C;Distritos Seguros, Control Urbano, Ciudadanías Seguras, Bienestar Y Reconocimiento;Seguridad
814;0F5D9601A56A2B19;Distritos Seguros, Control Urbano, Bienestar Y Reconocimiento;Seguridad
815;61FA683B60F0B254;Distritos Seguros, Control Urbano, Lucha Contra El Cibercrimen, Ciudadanías Seguras, Bienestar Y Reconocimiento;Seguridad
816;F297169D85CA2534;Ciudadanías Seguras;Seguridad
817;E5BE7E19A5CC706D;Distritos Seguros, Ciudadanías Seguras;Seguridad
818;960848C3CFE411FD;Distritos Seguros, Control Urbano, Ciudadanías Seguras, Bienestar Y Reconocimiento, Urbanismo Para La Seguridad;Seguridad
819;EBC6A6E68771B82F;Distritos Seguros, Ciudadanías Seguras;Seguridad
820;3F738E4756420E3E;Distritos Seguros, Ciudadanías Seguras;Seguridad
821;71C470A348ABE9FB;Distritos Seguros, Control Urbano, Ciudadanías Seguras, Bienestar Y Reconocimiento;Seguridad
822;183676448505DA50;Distritos Seguros, Control Urbano, Ciudadanías Seguras, Bienestar Y Reconocimiento;Seguridad
823;A518F41F2505AFFE;Distritos Seguros, Control Urbano, Lucha Contra El Cibercrimen, Ciudadanías Seguras, Bienestar Y Reconocimiento;Seguridad
824;C138A572BE0A53EB;Seguridad Inteligente, Datos Para La Seguridad, Lucha Contra El Crimen, Lucha Contra El Cibercrimen, Ciudadanías Seguras;Seguridad
825;C507E415EE13F4E6;Cooperación Ciudadana;Seguridad
826;180FD122208722A8;Cooperación Ciudadana;Seguridad
827;31ECF678BF38C40B;Distritos Seguros, Ciudadanías Seguras;Seguridad
828;65B788D1DF69B2CF;Distritos Seguros, Ciudadanías Seguras;Seguridad
829;FCACE4E318B22EC7;Distritos Seguros, Ciudadanías Seguras;Seguridad
830;6D7DDE03C52169AB;Distritos Seguros, Ciudadanías Seguras;Seguridad
831;1B326B20750521E7;Ciudadanías Seguras;Seguridad
832;6931DADE3F0E8567;Ciudadanías Seguras;Seguridad
833;6C43E106586B6752;Ciudadanías Seguras;Seguridad
834;CE49716C633956B6;Ciudadanías Seguras;Seguridad
835;C9F2780DD5630A1C;Distritos Seguros, Control Urbano, Seguridad Inteligente, Lucha Contra El Crimen, Ciudadanías Seguras, Bienestar Y Reconocimiento, Urbanismo Para La Seguridad;Seguridad
836;35A8646601295595;Distritos Seguros, Seguridad Inteligente, Ciudadanías Seguras, Bienestar Y Reconocimiento, Urbanismo Para La Seguridad;Seguridad
837;5F87702F45223727;Distritos Seguros, Control Urbano, Ciudadanías Seguras, Urbanismo Para La Seguridad;Seguridad
838;C9F0637554B31447;Distritos Seguros, Control Urbano, Seguridad Inteligente, Ciudadanías Seguras, Bienestar Y Reconocimiento;Seguridad
839;8E21E740482D9F2F;Control Urbano, Transporte Seguro, Ciudadanías Seguras;Seguridad
840;1E2CEA638A26BF61;Distritos Seguros, Control Urbano, Gestión De La Seguridad En Aglomeraciones, Ciudadanías Seguras, Bienestar Y Reconocimiento;Seguridad
841;A72298710C2298C7;Distritos Seguros, Ciudadanías Seguras;Seguridad
842;BCF612E083D65558;Distritos Seguros, Control Urbano, Gestión De La Seguridad En Aglomeraciones, Ciudadanías Seguras, Bienestar Y Reconocimiento;Seguridad
843;4BB6288C222060DC;Distritos Seguros, Control Urbano, Gestión De La Seguridad En Aglomeraciones, Ciudadanías Seguras, Bienestar Y Reconocimiento, Urbanismo Para La Seguridad;Seguridad
844;8A57DBDFE5FA9565;Distritos Seguros, Control Urbano, Lucha Contra El Crimen, Lucha Contra El Cibercrimen, Ciudadanías Seguras, Urbanismo Para La Seguridad;Seguridad
845;B6D88526427B71EE;Distritos Seguros, Control Urbano, Ciudadanías Seguras, Bienestar Y Reconocimiento;Seguridad
846;16BA695000F3D9AA;Distritos Seguros, Control Urbano, Lucha Contra El Crimen, Lucha Contra El Cibercrimen, Ciudadanías Seguras;Seguridad
847;F7B5330248279921;Distritos Seguros, Control Urbano, Transporte Seguro, Ciudadanías Seguras, Bienestar Y Reconocimiento, Urbanismo Para La Seguridad;Seguridad
848;7460BDCF6C856B45;Distritos Seguros, Control Urbano, Transporte Seguro, Ciudadanías Seguras, Bienestar Y Reconocimiento, Urbanismo Para La Seguridad;Seguridad
849;17DD984C1F31E7D9;Distritos Seguros, Ciudadanías Seguras;Seguridad
850;B1152A5B256EC2F5;Distritos Seguros, Ciudadanías Seguras;Seguridad
851;A20D5C968CE29525;Control Urbano;Seguridad
852;830A634A789CB618;Control Urbano;Seguridad
853;538C4F2F75C9B7E0;Control Urbano;Seguridad
854;12270290BD246A0B;Control Urbano, Seguridad Inteligente, Gestión De La Seguridad En Aglomeraciones, Ciudadanías Seguras, Bienestar Y Reconocimiento;Seguridad
855;0B387198B988A79D;Control Urbano;Seguridad
856;2369BDFE1B3263A8;Distritos Seguros, Ciudadanías Seguras;Seguridad
857;ECBB1182B222D193;Distritos Seguros, Ciudadanías Seguras;Seguridad
858;B44900A8C32B40B8;Distritos Seguros, Ciudadanías Seguras;Seguridad
859;32B32D190504F5DB;Seguridad Inteligente, Datos Para La Seguridad, Lucha Contra El Crimen, Ciudadanías Seguras, Urbanismo Para La Seguridad;Seguridad
860;F0FA0EC2EA21FEB8;Distritos Seguros, Ciudadanías Seguras;Seguridad
861;D225FAEF2D067C7D;Cooperación Ciudadana;Seguridad
862;46D75B56D188E842;Lucha Contra El Crimen;Seguridad
863;E7AB19F60519D3B5;Control Urbano;Seguridad
864;D55295AF3A908F5B;Control Urbano;Seguridad
865;7B26C641E0C266DB;Distritos Seguros, Ciudadanías Seguras, Urbanismo Para La Seguridad;Seguridad
866;78DAEBA62D32570E;Control Urbano;Seguridad
867;72D003456ED4B4CC;Distritos Seguros, Control Urbano, Ciudadanías Seguras, Bienestar Y Reconocimiento, Urbanismo Para La Seguridad;Seguridad
868;70B1165C969A6BDE;Distritos Seguros, Control Urbano, Ciudadanías Seguras, Bienestar Y Reconocimiento;Seguridad
869;BC2D8AB3E3E3CCC8;Distritos Seguros, Ciudadanías Seguras;Seguridad
870;17A8D3B857B06ED6;Distritos Seguros, Control Urbano, Lucha Contra El Crimen, Ciudadanías Seguras, Bienestar Y Reconocimiento;Seguridad
871;AC6C6FAE2715AD5F;Distritos Seguros, Ciudadanías Seguras;Seguridad
872;DABA0993521CBCCA;Distritos Seguros, Ciudadanías Seguras;Seguridad
873;B0D2C4C959F32500;Distritos Seguros, Ciudadanías Seguras;Seguridad
874;7E4339036FC559A8;Distritos Seguros, Ciudadanías Seguras;Seguridad
875;F9FD63C200B56C2F;Distritos Seguros, Control Urbano, Seguridad Inteligente, Datos Para La Seguridad, Lucha Contra El Crimen, Lucha Contra El Cibercrimen, Ciudadanías Seguras, Bienestar Y Reconocimiento;Seguridad
876;CF69C64441DE9FF9;Distritos Seguros, Control Urbano, Ciudadanías Seguras, Bienestar Y Reconocimiento, Urbanismo Para La Seguridad;Seguridad
877;3F7C7E67B34C52DD;Distritos Seguros, Control Urbano, Transporte Seguro, Seguridad Regional;Seguridad
878;F77E657CB75F586E;Distritos Seguros, Ciudadanías Seguras;Seguridad
879;ABBDA9FC6EFC48E1;Distritos Seguros, N/A;Seguridad
880;44C724B9EB5F5175;Distritos Seguros, Control Urbano, Lucha Contra El Crimen, Lucha Contra El Cibercrimen, Ciudadanías Seguras, Bienestar Y Reconocimiento;Seguridad
881;01BF1ED72F20ABAE;Distritos Seguros, Protección De Infraestructura, Gestión De La Seguridad En Aglomeraciones, Ciudadanías Seguras, Bienestar Y Reconocimiento;Seguridad
882;603D2735B52C71B9;Distritos Seguros;Seguridad
883;A027C7C4D92CE8DE;Distritos Seguros;Seguridad
884;3BA851BA6A55ECB6;Distritos Seguros, Control Urbano;Seguridad
885;7BBCEF5AB9668B59;Distritos Seguros, Control Urbano;Seguridad
886;ABE5C5798A1AFDCC;Distritos Seguros;Seguridad
887;E20C1EE258F02636;N/A;Seguridad
888;38D757EBEE789E62;Distritos Seguros, Transporte Seguro;Seguridad
889;4E6D2C1773FC64B2;Transporte Seguro;Seguridad
890;FBEE19D78A978DA4;Distritos Seguros;Seguridad
891;ED3A59FE7ED74B2E;Distritos Seguros, Ciudadanías Seguras;Seguridad
892;F8586304654F1D1D;Distritos Seguros, Ciudadanías Seguras;Seguridad
893;72DEF7D2A95DB0F1;Control Urbano;Seguridad
894;F67619D96C92FAED;Distritos Seguros, Ciudadanías Seguras;Seguridad
895;71426673D66A89E2;Distritos Seguros, Ciudadanías Seguras;Seguridad
896;81572EA156DA394B;Distritos Seguros, Control Urbano, Gestión De La Seguridad En Aglomeraciones, Ciudadanías Seguras, Bienestar Y Reconocimiento;Seguridad
897;D5A3C2510B2FAEE1;Distritos Seguros, Transporte Seguro;Seguridad
898;E0D2A462816F9B19;Ciudadanías Seguras;Seguridad
899;1F306EFCB9F6B1AA;Cooperación Ciudadana, Ciudadanías Seguras, Urbanismo Para La Seguridad;Seguridad
900;71F39CEC77A3DAC4;Lucha Contra El Crimen, Ciudadanías Seguras;Seguridad
901;E8AFA0E5C1E8BBDD;Cooperación Ciudadana, Ciudadanías Seguras, Urbanismo Para La Seguridad;Seguridad
902;BD273D07E31AEF05;Cooperación Ciudadana, Urbanismo Para La Seguridad;Seguridad
903;17E01F698218789C;Datos Para La Seguridad, Cooperación Ciudadana;Seguridad
904;9F2E5228117E18A8;Distritos Seguros, Cooperación Ciudadana, Ciudadanías Seguras;Seguridad
905;F73ADA85A2D2CA4C;Distritos Seguros, Datos Para La Seguridad, Cooperación Ciudadana;Seguridad
906;061ABB73A66F4DBF;Distritos Seguros, Seguridad Inteligente, Cooperación Ciudadana, Ciudadanías Seguras;Seguridad
907;254435DBEFFB13C2;Distritos Seguros, Seguridad Inteligente, Cooperación Ciudadana, Ciudadanías Seguras;Seguridad
908;49CEC415C7ECC3AB;Distritos Seguros, Seguridad Inteligente, Cooperación Ciudadana, Ciudadanías Seguras;Seguridad
909;9FF0E72C6D33315A;Distritos Seguros, Seguridad Inteligente, Cooperación Ciudadana, Ciudadanías Seguras;Seguridad
910;B12047399C091683;Control Urbano, Ciudadanías Seguras;Seguridad
911;A4560DD2EDFE828D;Distritos Seguros, Seguridad Inteligente, Cooperación Ciudadana, Lucha Contra El Crimen, Ciudadanías Seguras;Seguridad
912;864DF56C9A847F56;Distritos Seguros, Control Urbano, Gestión De La Seguridad En Aglomeraciones, Ciudadanías Seguras, Bienestar Y Reconocimiento;Seguridad
913;A36378C729610929;Distritos Seguros, Control Urbano, Gestión De La Seguridad En Aglomeraciones, Lucha Contra El Cibercrimen, Ciudadanías Seguras, Bienestar Y Reconocimiento;Seguridad
914;9ECC3B867E2C5DC5;Distritos Seguros, Gestión De La Seguridad En Aglomeraciones, Ciudadanías Seguras;Seguridad
915;40B14DAE163AE422;Distritos Seguros, Control Urbano, Gestión De La Seguridad En Aglomeraciones, Ciudadanías Seguras, Bienestar Y Reconocimiento;Seguridad
916;7542058640A329A1;Distritos Seguros, Control Urbano, Gestión De La Seguridad En Aglomeraciones, Lucha Contra El Cibercrimen, Ciudadanías Seguras;Seguridad
917;540BCC13F82B38D0;N/A;Seguridad
918;70929E0CF3284DDE;Distritos Seguros, Ciudadanías Seguras;Seguridad
919;D5884C1DA4C694AA;Distritos Seguros;Seguridad
920;344A7073A6D32B95;Distritos Seguros, Ciudadanías Seguras;Seguridad
921;F693379E72F4C36C;Distritos Seguros, Ciudadanías Seguras;Seguridad
922;BAFBE887EF8B1DA3;Control Urbano, Seguridad Inteligente, Gestión De La Seguridad En Aglomeraciones, Ciudadanías Seguras, Bienestar Y Reconocimiento;Seguridad
923;E1C7D2EB5AF4172E;Distritos Seguros, Control Urbano, Ciudadanías Seguras, Bienestar Y Reconocimiento, Urbanismo Para La Seguridad;Seguridad
924;9E19D13B72D111BD;Distritos Seguros, Control Urbano, Cooperación Ciudadana, Gestión De La Seguridad En Aglomeraciones, Lucha Contra El Crimen, Ciudadanías Seguras;Seguridad
925;A088243F92FEAD6F;Distritos Seguros, Ciudadanías Seguras;Seguridad
926;2B991B92330E7EEC;Distritos Seguros, Ciudadanías Seguras;Seguridad
927;AF0BA33352AC086B;Distritos Seguros, Ciudadanías Seguras;Seguridad
928;1BFA2042F209F261;Distritos Seguros, Control Urbano, Lucha Contra El Crimen, Lucha Contra El Cibercrimen, Ciudadanías Seguras, Bienestar Y Reconocimiento;Seguridad
929;292021780B7B76F7;Distritos Seguros, Control Urbano, Lucha Contra El Cibercrimen, Ciudadanías Seguras;Seguridad
930;B550B4E06BF0AEA6;Control Urbano, Cooperación Ciudadana, Transporte Seguro, Ciudadanías Seguras;Seguridad
931;04970F7485EA311D;Distritos Seguros, Control Urbano, Protección Del Capital Natural, Lucha Contra El Crimen, Ciudadanías Seguras;Seguridad
932;1BC505188B27BBC6;Distritos Seguros, Ciudadanías Seguras;Seguridad
933;C38177E3FCD5BFA0;Distritos Seguros, Control Urbano, Lucha Contra El Crimen, Ciudadanías Seguras, Bienestar Y Reconocimiento;Seguridad
934;F045947D29D7577F;Control Urbano;Seguridad
935;1640E092F950979B;Control Urbano, Cooperación Ciudadana, Ciudadanías Seguras;Seguridad
936;6430F9B1CC97AB5B;Distritos Seguros, Control Urbano, Cooperación Ciudadana, Ciudadanías Seguras;Seguridad
937;60317E3E29CD287E;Distritos Seguros, Control Urbano, Ciudadanías Seguras;Seguridad
938;AB0419CAD07E6F8F;Protección De Infraestructura;Seguridad
939;D47FD3E8C1EC7BD0;Control Urbano;Seguridad
940;38736AB6FA4DC724;Distritos Seguros, Control Urbano, Gestión De La Seguridad En Aglomeraciones, Lucha Contra El Crimen, Ciudadanías Seguras;Seguridad
941;833EDE59B497CA34;Transporte Seguro, Seguridad Regional, Ciudadanías Seguras;Seguridad
942;8667AC44DB64F5B6;Ciudadanías Seguras;Seguridad
943;315618BA9292BEEC;Control Urbano, Protección De Infraestructura, Ciudadanías Seguras;Seguridad
944;75119458DC101709;Protección De Infraestructura, Ciudadanías Seguras;Seguridad
945;F5C93145D2E90E3E;Control Urbano, Transporte Seguro;Seguridad
946;0FF8DF55CD178824;Distritos Seguros, Ciudadanías Seguras;Seguridad
947;FF642D164CE31361;Distritos Seguros, Seguridad Inteligente;Seguridad
948;271261A1DDFBD9EA;N/A;Seguridad
949;AFC7BD9549EB3AD7;Distritos Seguros, Control Urbano, Lucha Contra El Crimen, Ciudadanías Seguras, Bienestar Y Reconocimiento;Seguridad
950;998F8E096DFD7B09;Distritos Seguros, Ciudadanías Seguras;Seguridad
951;FF747D0430C04D3C;Distritos Seguros, Ciudadanías Seguras;Seguridad
952;3488B2CA74EEBF1A;Distritos Seguros, Control Urbano, Ciudadanías Seguras, Bienestar Y Reconocimiento;Seguridad
953;D72013094691644E;Distritos Seguros, Control Urbano, Gestión De La Seguridad En Aglomeraciones, Ciudadanías Seguras, Bienestar Y Reconocimiento, Urbanismo Para La Seguridad;Seguridad
954;3A131112C0AB954C;Control Urbano, Cooperación Ciudadana, Transporte Seguro, Seguridad Regional;Seguridad
955;49A9E960AC4A9BC2;Distritos Seguros, Datos Para La Seguridad, Lucha Contra El Crimen, Lucha Contra El Cibercrimen, Ciudadanías Seguras;Seguridad
956;0E2B858B4BB254BD;Distritos Seguros, Control Urbano, Ciudadanías Seguras, Bienestar Y Reconocimiento;Seguridad
957;0871CF2CF5BC2EBA;Distritos Seguros, Ciudadanías Seguras;Seguridad
958;6FD433A8C9FA1D72;Distritos Seguros, Ciudadanías Seguras;Seguridad
959;FCE393170DC5B4B5;N/A;Seguridad
960;DB440A044BE8D342;Distritos Seguros, Ciudadanías Seguras;Seguridad
961;8B238D9476F558AB;Distritos Seguros, Control Urbano, Cooperación Ciudadana, Ciudadanías Seguras;Seguridad
962;C28DF3D9311A9513;Distritos Seguros;Seguridad
963;E520C8685FED2285;Distritos Seguros, Ciudadanías Seguras;Seguridad
964;CC5DB634008B5222;Datos Para La Seguridad, Lucha Contra El Crimen;Seguridad
965;BC7B94EF3366DB0F;Control Urbano, Ciudadanías Seguras;Seguridad
966;CC24D9678A844AFA;Control Urbano, Lucha Contra El Crimen, Ciudadanías Seguras;Seguridad
967;FB82C006F733A73C;Datos Para La Seguridad, Cooperación Ciudadana, Lucha Contra El Crimen;Seguridad
968;08B0CE5C8B700A1C;Protección De Infraestructura, Lucha Contra El Crimen;Seguridad
969;8177402D0ED326AA;Distritos Seguros, Control Urbano, Cooperación Ciudadana, Lucha Contra El Crimen, Ciudadanías Seguras;Seguridad
970;03596D35BE8670CA;Seguridad Inteligente, Datos Para La Seguridad;Seguridad
971;10491B2542D3D0B1;Control Urbano, Urbanismo Para La Seguridad;Seguridad
972;F7EF1F92548469C1;Distritos Seguros, Control Urbano;Seguridad
973;304441828961B11E;Protección De Infraestructura, Lucha Contra El Crimen;Seguridad
974;4772106F0C0401F8;Protección De Infraestructura, Lucha Contra El Crimen;Seguridad
975;5ACE6CC598D10526;N/A;Seguridad
976;08ABFEE6DFB1A19C;Control Urbano, Protección De Infraestructura;Seguridad
977;6647C3DE0A66E9FD;Control Urbano, Protección De Infraestructura, Lucha Contra El Crimen;Seguridad
978;21620D9E4DB7739C;Protección De Infraestructura, Lucha Contra El Crimen;Seguridad
979;5FD6019FB008859B;Distritos Seguros, Ciudadanías Seguras;Seguridad
980;95E7BA173A57CFCB;Distritos Seguros, Ciudadanías Seguras;Seguridad
981;D039BB2FD3E9367C;Ciudadanías Seguras;Seguridad
982;9FAA5F08FB29EC66;Datos Para La Seguridad, Transporte Seguro, Lucha Contra El Cibercrimen, Ciudadanías Seguras, Bienestar Y Reconocimiento;Seguridad
983;02D3759902C8EDAA;Control Urbano, Lucha Contra El Crimen, Ciudadanías Seguras;Seguridad
984;D0132BF9E0206D14;Cooperación Ciudadana, Protección De Infraestructura;Seguridad
985;8C471E4B92A1291F;Ciudadanías Seguras;Seguridad
986;5AA80846DDA9BCBB;Protección De Infraestructura, Transporte Seguro, Lucha Contra El Crimen, Ciudadanías Seguras;Seguridad
987;973565BE8AD76F89;Distritos Seguros;Seguridad
988;F78270C44319621E;Control Urbano;Seguridad
989;B63DAB7CCD62DCA1;Distritos Seguros, Ciudadanías Seguras;Seguridad
990;920BE62837855FB7;Distritos Seguros, Control Urbano, Ciudadanías Seguras, Bienestar Y Reconocimiento;Seguridad
991;6D8D2AA54AABBC21;N/A;Seguridad
992;792BBC204ADD3F63;Distritos Seguros, Ciudadanías Seguras;Seguridad
993;461B71D32883CDDF;Distritos Seguros, Ciudadanías Seguras;Seguridad
994;C47B93A820250915;Distritos Seguros, Ciudadanías Seguras;Seguridad
995;6BCFDD1884883AA8;Distritos Seguros, Control Urbano, Cooperación Ciudadana, Lucha Contra El Crimen, Ciudadanías Seguras;Seguridad
996;15C297230634E2E1;Distritos Seguros, Ciudadanías Seguras;Seguridad
997;37F529031AE149D0;N/A;Seguridad
998;E9BCDBC641D016A9;Distritos Seguros, Ciudadanías Seguras;Seguridad
999;01AEAA9D6F6C2CC1;Distritos Seguros, Control Urbano, Transporte Seguro, Ciudadanías Seguras;Seguridad
1000;1E7F4F581365F48A;Distritos Seguros, Control Urbano, Transporte Seguro, Ciudadanías Seguras;Seguridad
1001;805433205B9C8E7A;Datos Para La Seguridad;Seguridad
1002;517177E4E46C0B9C;Datos Para La Seguridad;Seguridad
1003;A5624CD6B9DB7FC8;Datos Para La Seguridad;Seguridad
1004;163BA1C06109E05A;Datos Para La Seguridad;Seguridad
1005;D1AAF8BFD89F7C9B;Datos Para La Seguridad, Seguridad Regional, Lucha Contra El Crimen, Ciudadanías Seguras;Seguridad
1006;94FDDEF45D0B6929;Distritos Seguros, Seguridad Inteligente, Cooperación Ciudadana, Seguridad Regional, Lucha Contra El Crimen, Ciudadanías Seguras;Seguridad
1007;295730BE1EFA058F;N/A;Seguridad
1008;F98CE42FF10E89F9;Distritos Seguros, Control Urbano, Ciudadanías Seguras, Urbanismo Para La Seguridad;Seguridad
1009;24ACF40DF011221E;Distritos Seguros;Seguridad
1010;A377E0D1B8C20058;Distritos Seguros, Lucha Contra El Crimen, Ciudadanías Seguras, Bienestar Y Reconocimiento;Seguridad
1011;1E596E31BDF97984;Ciudadanías Seguras;Seguridad
1012;D7DAB51B6AA5C01F;Datos Para La Seguridad, Ciudadanías Seguras;Seguridad
1013;053E81927D0B52BD;Distritos Seguros;Seguridad
1014;BFFDB33A0C866482;Distritos Seguros, Ciudadanías Seguras;Seguridad
1015;D421503BBC051897;Distritos Seguros, Ciudadanías Seguras;Seguridad
1016;4AC301048D7DD12E;Distritos Seguros, Control Urbano, Lucha Contra El Crimen, Ciudadanías Seguras, Bienestar Y Reconocimiento;Seguridad
1017;86964E0379AF725E;Distritos Seguros, Control Urbano, Transporte Seguro, Seguridad Regional, Ciudadanías Seguras;Seguridad
1018;74B990A1329F1643;Distritos Seguros, Control Urbano, Seguridad Inteligente, Datos Para La Seguridad, Transporte Seguro, Ciudadanías Seguras, Bienestar Y Reconocimiento;Seguridad
1019;8BB81870367FBB07;Distritos Seguros, Control Urbano, Lucha Contra El Crimen, Bienestar Y Reconocimiento;Seguridad
1020;E1606283724CE3EB;Distritos Seguros, Cooperación Ciudadana, Seguridad Regional, Ciudadanías Seguras;Seguridad
1021;91D57805F12A4497;Distritos Seguros, Control Urbano, Cooperación Ciudadana, Protección De Infraestructura, Seguridad Regional, Bienestar Y Reconocimiento;Seguridad
1022;B0A8794B940169C0;Distritos Seguros, Control Urbano, Datos Para La Seguridad, Transporte Seguro, Lucha Contra El Cibercrimen, Ciudadanías Seguras, Bienestar Y Reconocimiento;Seguridad
1023;F654B2BBACF26743;Distritos Seguros, Bienestar Y Reconocimiento;Seguridad
1024;8249DBF33B5410AB;Control Urbano, Lucha Contra El Crimen, Bienestar Y Reconocimiento;Seguridad
1025;78D81CF2549D1CFA;Transporte Seguro, Lucha Contra El Crimen;Seguridad
1026;A198811D2FEC8541;Cooperación Ciudadana;Seguridad
1027;92063BB168926E1E;Distritos Seguros, Control Urbano;Seguridad
1028;EB7C508B97FA7A68;Distritos Seguros;Seguridad
1029;52669F2B59845505;Distritos Seguros, Bienestar Y Reconocimiento, Urbanismo Para La Seguridad;Seguridad
1030;B5D78D7B95959967;Distritos Seguros;Seguridad
1031;1BF83B02AD2D196F;Distritos Seguros, Lucha Contra El Crimen, Ciudadanías Seguras, Bienestar Y Reconocimiento;Seguridad
1032;B6516124BDC2C697;Distritos Seguros, Ciudadanías Seguras;Seguridad
1033;7DD1E50038998E98;Distritos Seguros, Ciudadanías Seguras;Seguridad
1034;01CCE7DC631C630C;Distritos Seguros, Ciudadanías Seguras;Seguridad
1035;B90934BF53E2DE11;Distritos Seguros, Ciudadanías Seguras;Seguridad
1036;4E65F975DA250D21;Distritos Seguros, Ciudadanías Seguras;Seguridad
1037;04320CC1D8A06F13;Distritos Seguros;Seguridad
1038;E6153E13173F1134;Distritos Seguros, Ciudadanías Seguras;Seguridad
1039;C3CE74EAA134A8EE;Distritos Seguros, Ciudadanías Seguras;Seguridad
1040;ACC8EA460E4F5959;Distritos Seguros, Control Urbano, Ciudadanías Seguras, Bienestar Y Reconocimiento;Seguridad
1041;3CBCFF0B34B255AC;N/A;Seguridad
1042;FE2AD7916A89B416;Distritos Seguros, Ciudadanías Seguras;Seguridad
1043;431698E32CFF7377;Distritos Seguros, Control Urbano, Cooperación Ciudadana, Seguridad Regional, Ciudadanías Seguras;Seguridad
1044;D1D0385448796157;Distritos Seguros, Control Urbano, Datos Para La Seguridad, Ciudadanías Seguras, Bienestar Y Reconocimiento;Seguridad
1045;59712961F7F64103;Control Urbano, Datos Para La Seguridad, Ciudadanías Seguras, Bienestar Y Reconocimiento;Seguridad
1046;38162BCB33AEE19B;Distritos Seguros, Gestión De La Seguridad En Aglomeraciones, Ciudadanías Seguras, Bienestar Y Reconocimiento;Seguridad
1047;7CDD0CFD7C0DCE20;Distritos Seguros, Control Urbano, Datos Para La Seguridad, Ciudadanías Seguras, Urbanismo Para La Seguridad;Seguridad
1048;671A5D40D3C8C120;Distritos Seguros, Datos Para La Seguridad, Lucha Contra El Crimen, Ciudadanías Seguras;Seguridad
1049;0A85FBEC31736678;Distritos Seguros, Control Urbano;Seguridad
1050;268E471637D89F2B;Protección De Infraestructura, Lucha Contra El Crimen;Seguridad
1051;83F1499EC12FDF13;Distritos Seguros, Control Urbano, Protección De Infraestructura;Seguridad
1052;D418D5B7BF97FF9F;Distritos Seguros, Protección De Infraestructura;Seguridad
1053;91BCDD8BD6E482C5;Distritos Seguros, Protección De Infraestructura, Ciudadanías Seguras;Seguridad
1054;E3FA53264F500719;Datos Para La Seguridad, Cooperación Ciudadana;Seguridad
1055;2CEE69EC96EBBF14;N/A;Seguridad
1056;5E4EA7B0808BCB58;Control Urbano;Seguridad
1057;A4D95227C8385B8D;N/A;Seguridad
1058;C9AC6A8A50859DED;N/A;Seguridad
1059;F220ABC3C7CB3968;N/A;Seguridad
1060;72A406D02A87359A;Distritos Seguros;Seguridad
1061;65B4EB157F038E15;Distritos Seguros;Seguridad
1062;F8C2EC04F9D82A3E;Distritos Seguros, Control Urbano;Seguridad
1063;89EBDA8543461EEC;Distritos Seguros;Seguridad
1064;D65A2B3273F0A0CB;Ciudadanías Seguras;Seguridad
1065;1D0C89D504717386;Control Urbano, Protección De Infraestructura, Ciudadanías Seguras;Seguridad
1066;9D44F9C6CB232DD9;Protección De Infraestructura;Seguridad
1067;1785CE7C38C9C623;Distritos Seguros, Protección De Infraestructura;Seguridad
1068;C9366EF7D5914B45;Control Urbano;Seguridad
1069;A2FA5739A475D4BA;Protección De Infraestructura, Transporte Seguro;Seguridad
1070;C803FFB91FF17745;Cooperación Ciudadana;Seguridad
1071;F60AA57CF7AC67C1;Cooperación Ciudadana;Seguridad
1072;C0B5B854882B9D67;Distritos Seguros, Control Urbano, Protección De Infraestructura;Seguridad
1073;AEAFE566D583E758;Transporte Seguro, Lucha Contra El Crimen;Seguridad
1074;03A3AF90676CE0CD;N/A;Seguridad
1075;477AD08AF6268BA8;N/A;Seguridad
1076;57BEB44E3F3770C6;Distritos Seguros, Control Urbano, Protección De Infraestructura;Seguridad
1077;406CDF4254FE409B;Protección De Infraestructura;Seguridad
1078;1A2FD65802D787B2;Distritos Seguros, Cooperación Ciudadana, Transporte Seguro, Ciudadanías Seguras, Bienestar Y Reconocimiento;Seguridad
1079;C3A9784963597E0B;Distritos Seguros, Control Urbano, Protección De Infraestructura;Seguridad
1080;3F8BFB169F312478;Control Urbano, Lucha Contra El Crimen;Seguridad
1081;79B0EEAE8EA1B24C;Control Urbano;Seguridad
1082;B840986C7CC2A49A;Distritos Seguros, Transporte Seguro, Ciudadanías Seguras;Seguridad
1083;8E9995BDEC2C83C8;Datos Para La Seguridad, Cooperación Ciudadana;Seguridad
1084;FDBAA21241B24533;Distritos Seguros, Ciudadanías Seguras;Seguridad
1085;5BDE5A8C0B436557;Distritos Seguros, Ciudadanías Seguras;Seguridad
1086;2AA3F8DB56A6CA54;Distritos Seguros, Ciudadanías Seguras;Seguridad
1087;F4869D54E9E330C5;N/A;Seguridad
1088;8DE00504F86C44E9;Distritos Seguros;Seguridad
1089;67D5D30236948F19;Distritos Seguros, Cooperación Ciudadana, Transporte Seguro, Ciudadanías Seguras, Bienestar Y Reconocimiento;Seguridad
1090;3F900E8EB420BF54;Distritos Seguros, Control Urbano, Cooperación Ciudadana, Ciudadanías Seguras, Urbanismo Para La Seguridad;Seguridad
1091;B2393E23319BF9CF;Distritos Seguros, Seguridad Inteligente, Ciudadanías Seguras;Seguridad
1092;2BA38121693FD9A6;Distritos Seguros;Seguridad
1093;C9882960DE22F53A;Distritos Seguros;Seguridad
1094;D4AF7740DD064C71;Distritos Seguros, Ciudadanías Seguras;Seguridad
1095;FF3F1D18F1838B53;Distritos Seguros, Ciudadanías Seguras;Seguridad
1096;FA2848EB10094183;Transporte Seguro, Lucha Contra El Crimen, Ciudadanías Seguras;Seguridad
1097;A58C7FDEBBF46845;Distritos Seguros, Lucha Contra El Crimen, Ciudadanías Seguras;Seguridad
1098;DDEF86D494A08292;Distritos Seguros, Control Urbano, Transporte Seguro, Ciudadanías Seguras, Bienestar Y Reconocimiento;Seguridad
1099;4527FBF0725CAD66;Distritos Seguros, Ciudadanías Seguras;Seguridad
1100;C3B979DC2D1DA483;Distritos Seguros, Ciudadanías Seguras;Seguridad
1101;780D952F50688DC6;Distritos Seguros, Control Urbano, Protección De Infraestructura;Seguridad
1102;FD829A5EE33175D7;Control Urbano, Transporte Seguro, Lucha Contra El Crimen;Seguridad
1103;234CD09787EEABCD;Distritos Seguros, Control Urbano, Transporte Seguro, Lucha Contra El Crimen, Ciudadanías Seguras;Seguridad
1104;BF531EE21D43C0EA;Ciudadanías Seguras;Seguridad
1105;4479759EF60A0CA3;Distritos Seguros, Control Urbano, Protección De Infraestructura;Seguridad
1106;E5CABB3A55F86D35;Distritos Seguros, Control Urbano, Transporte Seguro;Seguridad
1107;A37C041376298723;Transporte Seguro, Lucha Contra El Crimen;Seguridad
1108;CC25189FA9666B38;Distritos Seguros, Control Urbano, Protección De Infraestructura;Seguridad
1109;8AED985318BB9E83;Distritos Seguros, Control Urbano;Seguridad
1110;FB79D727CC6C24D6;Distritos Seguros, Control Urbano;Seguridad
1111;BFB00A58049E7C07;Cooperación Ciudadana;Seguridad
1112;8C31A2626CE7BF0C;Distritos Seguros, Control Urbano, Transporte Seguro, Gestión De La Seguridad En Aglomeraciones, Ciudadanías Seguras, Bienestar Y Reconocimiento;Seguridad
1113;9C66CCB770CD9251;Distritos Seguros, Control Urbano;Seguridad
1114;23B21B10BAE1285C;Distritos Seguros, Control Urbano, Protección De Infraestructura;Seguridad
1115;D546D04A3BC79479;Transporte Seguro;Seguridad
1116;B7F7061765C47D8B;Distritos Seguros, Control Urbano, Protección De Infraestructura;Seguridad
1117;94A0C95F7577380E;Distritos Seguros, Control Urbano, Protección De Infraestructura;Seguridad
1118;17089969ACCD56A5;Distritos Seguros, Control Urbano, Transporte Seguro;Seguridad
1119;FAF5108F3D3BD207;Distritos Seguros, Control Urbano;Seguridad
1120;C8FD6491C6FB33A0;Distritos Seguros, Control Urbano, Protección De Infraestructura;Seguridad
1121;DFF7C15F2BF1C77C;Distritos Seguros, Control Urbano, Protección De Infraestructura;Seguridad
1122;314094A396971BFC;Distritos Seguros, Control Urbano;Seguridad
1123;BD3FCB36C6E805EC;Distritos Seguros, Control Urbano, Protección De Infraestructura;Seguridad
1124;E05A903EAC28F777;Distritos Seguros, Control Urbano, Protección De Infraestructura;Seguridad
1125;781048AB440CC621;Distritos Seguros, Control Urbano, Protección De Infraestructura;Seguridad
1126;F3479B6C301D17D3;Distritos Seguros, Control Urbano, Protección De Infraestructura;Seguridad
1127;353F17B4EB75E7D6;Distritos Seguros, Control Urbano, Protección De Infraestructura;Seguridad
1128;0AABAB7B59351453;Distritos Seguros, Control Urbano, Protección De Infraestructura;Seguridad
1129;0DB5E4C3839B50E5;Distritos Seguros, Control Urbano, Protección De Infraestructura;Seguridad
1130;3F263279D3849898;Distritos Seguros, Control Urbano, Protección De Infraestructura;Seguridad
1131;F3FDD159C873C651;Distritos Seguros, Control Urbano, Protección De Infraestructura;Seguridad
1132;E3AC57B0EE0D2C35;Distritos Seguros, Ciudadanías Seguras;Seguridad
1133;BC38A5DFD83BDF3A;Distritos Seguros, Control Urbano, Protección De Infraestructura, Bienestar Y Reconocimiento, Urbanismo Para La Seguridad;Seguridad
1134;781E3CA1C0382585;Distritos Seguros, Control Urbano, Datos Para La Seguridad, Lucha Contra El Crimen, Lucha Contra El Cibercrimen, Ciudadanías Seguras;Seguridad
1135;7A2AE87BA45EBD1D;Distritos Seguros, Control Urbano, Transporte Seguro, Lucha Contra El Crimen, Lucha Contra El Cibercrimen, Ciudadanías Seguras;Seguridad
1136;49C9A2345F42ACC5;Distritos Seguros, Control Urbano, Transporte Seguro, Ciudadanías Seguras, Bienestar Y Reconocimiento;Seguridad
1137;0210B965C703720F;Distritos Seguros, Control Urbano, Transporte Seguro, Ciudadanías Seguras, Bienestar Y Reconocimiento;Seguridad
1138;B0D0DD8105F7021D;Distritos Seguros, Control Urbano, Ciudadanías Seguras, Bienestar Y Reconocimiento, Urbanismo Para La Seguridad;Seguridad
1139;B025B2279BE06094;Distritos Seguros, Control Urbano, Gestión De La Seguridad En Aglomeraciones, Ciudadanías Seguras, Bienestar Y Reconocimiento;Seguridad
1140;A8B706655EBE86BF;Distritos Seguros, Control Urbano, Lucha Contra El Crimen, Ciudadanías Seguras, Bienestar Y Reconocimiento, Urbanismo Para La Seguridad;Seguridad
1141;E6E334379B289BFF;Distritos Seguros, Control Urbano, Ciudadanías Seguras, Bienestar Y Reconocimiento;Seguridad
1142;58DD96E9A98AC028;Distritos Seguros, Control Urbano, Seguridad Inteligente, Gestión De La Seguridad En Aglomeraciones, Ciudadanías Seguras, Bienestar Y Reconocimiento;Seguridad
1143;699CAA678EEE5DBF;Distritos Seguros, Control Urbano, Gestión De La Seguridad En Aglomeraciones, Ciudadanías Seguras, Bienestar Y Reconocimiento;Seguridad
1144;10C25916585C7D06;Datos Para La Seguridad;Seguridad
1145;A4D045C1A9886C14;Distritos Seguros, Control Urbano, Ciudadanías Seguras, Bienestar Y Reconocimiento;Seguridad
1146;C250ADBD5D7A250F;Distritos Seguros;Seguridad
1147;276A00291468DB33;N/A;Seguridad
1148;6B77A31A112DA2F9;N/A;Seguridad
1149;95FCAFE83C4673C1;Lucha Contra El Crimen;Seguridad
1150;FB0E10CD89453B5A;Distritos Seguros;Seguridad
1151;DE9EDDC3089C6B86;Distritos Seguros, Control Urbano, Protección De Infraestructura, Ciudadanías Seguras;Seguridad
1152;D3087CD5F3CA0762;Control Urbano, Transporte Seguro;Seguridad
1153;D421789BE2A32285;Control Urbano, Transporte Seguro, Lucha Contra El Crimen;Seguridad
1154;31B3B3A7C23F0F82;Distritos Seguros, Control Urbano, Protección De Infraestructura;Seguridad
1155;C1E3B49A32E8E46D;Distritos Seguros, Control Urbano, Protección De Infraestructura;Seguridad
1156;4B076AD7DEE28422;Distritos Seguros, Control Urbano, Protección De Infraestructura;Seguridad
1157;67B1E90E0D1F214A;Distritos Seguros, Control Urbano, Protección De Infraestructura;Seguridad
1158;E501F3BB5327D9A9;Distritos Seguros, Cooperación Ciudadana;Seguridad
1159;3A5B9A2AA60960D3;Distritos Seguros, Ciudadanías Seguras;Seguridad
1160;4EA3A36F3B663D84;Distritos Seguros, Ciudadanías Seguras;Seguridad
1161;E38B3CBA2FEDDC54;Distritos Seguros, Ciudadanías Seguras;Seguridad
1162;93B2DE0DC900CF9C;Distritos Seguros, Ciudadanías Seguras;Seguridad
1163;6B5FFCCB5967AAB0;Distritos Seguros, Ciudadanías Seguras;Seguridad
1164;C0A83A020034F93F;Distritos Seguros, Control Urbano, Protección De Infraestructura;Seguridad
1165;9DFD7A7122D48C43;Protección De Infraestructura;Seguridad
1166;E4767033CF21730A;Transporte Seguro, Lucha Contra El Crimen;Seguridad
1167;D6BBDFFC103A5C3E;Distritos Seguros, Control Urbano, Protección De Infraestructura;Seguridad
1168;EEE378661DDF1A26;Distritos Seguros, Control Urbano, Protección De Infraestructura;Seguridad
1169;FB86DF1D7A1DB679;Distritos Seguros, Control Urbano, Protección De Infraestructura;Seguridad
1170;67B4B47E379EEC95;Distritos Seguros, Control Urbano, Transporte Seguro, Ciudadanías Seguras, Bienestar Y Reconocimiento, Urbanismo Para La Seguridad;Seguridad
1171;63B734230ACC1F98;Distritos Seguros, Control Urbano, Protección De Infraestructura;Seguridad
1172;B6F1D06BD7DCB0D0;Transporte Seguro, Lucha Contra El Crimen;Seguridad
1173;081F883C0487B98B;Distritos Seguros, Control Urbano, Ciudadanías Seguras, Bienestar Y Reconocimiento;Seguridad
1174;912315A2805BD233;Distritos Seguros, Control Urbano, Datos Para La Seguridad, Cooperación Ciudadana, Ciudadanías Seguras;Seguridad
1175;5B00C2E376941F47;Distritos Seguros;Seguridad
1176;53C26A609828B7B2;Distritos Seguros, Ciudadanías Seguras;Seguridad
1177;F5E6DD73EFF34E74;Distritos Seguros, Ciudadanías Seguras;Seguridad
1178;4D0842C5A4AB9D7F;Distritos Seguros, Ciudadanías Seguras;Seguridad
1179;C7BC25EB3FD1E4BA;Distritos Seguros, Control Urbano, Gestión De La Seguridad En Aglomeraciones, Ciudadanías Seguras;Seguridad
1180;BD2A7E5237F0BE05;Distritos Seguros, Seguridad Inteligente, Gestión De La Seguridad En Aglomeraciones, Ciudadanías Seguras, Bienestar Y Reconocimiento;Seguridad
1181;8F838CB65A40E517;Distritos Seguros, Control Urbano, Seguridad Inteligente, Lucha Contra El Crimen, Ciudadanías Seguras, Bienestar Y Reconocimiento;Seguridad
1182;4A92517879357764;Distritos Seguros, Ciudadanías Seguras;Seguridad
1183;C407CA82B4DD98F0;Distritos Seguros, Control Urbano, Gestión De La Seguridad En Aglomeraciones, Ciudadanías Seguras;Seguridad
1184;B3EA217B24D05796;Distritos Seguros, Control Urbano, Ciudadanías Seguras, Bienestar Y Reconocimiento;Seguridad
1185;94CF09DA7C266905;Distritos Seguros, Control Urbano, Cooperación Ciudadana, Lucha Contra El Cibercrimen, Ciudadanías Seguras;Seguridad
1186;DE0F1CD27BA18C2B;N/A;Seguridad
1187;B18CC52D72C4C28A;N/A;Seguridad
1188;D542A8015B64A0B2;Control Urbano, Cooperación Ciudadana;Seguridad
1189;C77AE91C04417945;Distritos Seguros, Control Urbano;Seguridad
1190;9A145F01140EBF55;N/A;Seguridad
1191;086055F7853CAA01;Distritos Seguros;Seguridad
1192;C5F81FE43EDC784E;Distritos Seguros;Seguridad
1193;50FDD8FD9085685B;Distritos Seguros, Control Urbano, Protección De Infraestructura;Seguridad
1194;BDEF967EC9D17DBA;Distritos Seguros, Control Urbano, Protección De Infraestructura;Seguridad
1195;8AD2B749257C7A73;Transporte Seguro, Lucha Contra El Crimen;Seguridad
1196;6F1165EAAF7D29BC;Distritos Seguros, Control Urbano, Protección De Infraestructura;Seguridad
1197;3E5FCEB1728F9DA0;N/A;Seguridad
1198;62326EC178D2F97D;Distritos Seguros, Control Urbano, Ciudadanías Seguras, Bienestar Y Reconocimiento, Urbanismo Para La Seguridad;Seguridad
1199;8193641EDAED7571;Distritos Seguros, Control Urbano, Datos Para La Seguridad, Lucha Contra El Crimen, Lucha Contra El Cibercrimen;Seguridad
1200;59A8A96E04F0A814;Distritos Seguros, Control Urbano, Lucha Contra El Crimen;Seguridad
1201;1751ABC933C9E59E;Distritos Seguros, Ciudadanías Seguras;Seguridad
1202;EA23A2DA01FF0314;Distritos Seguros, Ciudadanías Seguras;Seguridad
1203;084A40E05D1BD1C6;Distritos Seguros, Control Urbano, Ciudadanías Seguras, Bienestar Y Reconocimiento;Seguridad
1204;E5683D48AD14BAAD;Distritos Seguros, Control Urbano, Datos Para La Seguridad, Ciudadanías Seguras, Bienestar Y Reconocimiento;Seguridad
1205;95120A6D01AC8C43;Distritos Seguros, Control Urbano, Datos Para La Seguridad, Gestión De La Seguridad En Aglomeraciones, Ciudadanías Seguras;Seguridad
1206;77FAF1BA451AADD4;Distritos Seguros, Control Urbano, Lucha Contra El Crimen, Ciudadanías Seguras, Bienestar Y Reconocimiento, Urbanismo Para La Seguridad;Seguridad
1207;5B0477E26E548FF7;Distritos Seguros;Seguridad
1208;675C80AC09FBF78A;Distritos Seguros, Control Urbano;Seguridad
1209;43022F64F90333E4;Distritos Seguros, Control Urbano, Gestión De La Seguridad En Aglomeraciones, Ciudadanías Seguras, Bienestar Y Reconocimiento;Seguridad
1210;7007AC8A780A2040;Distritos Seguros, Control Urbano, Gestión De La Seguridad En Aglomeraciones, Ciudadanías Seguras, Bienestar Y Reconocimiento;Seguridad
1211;A6B6EEFC334426F1;Distritos Seguros, Control Urbano, Ciudadanías Seguras, Bienestar Y Reconocimiento;Seguridad
1212;5B2C3284A5C3D471;Distritos Seguros, Control Urbano, Ciudadanías Seguras, Bienestar Y Reconocimiento;Seguridad
1213;A51179743B174FA9;Distritos Seguros, Control Urbano, Ciudadanías Seguras, Bienestar Y Reconocimiento;Seguridad
1214;E88C5ECC7484E5BB;Distritos Seguros, Control Urbano, Ciudadanías Seguras, Bienestar Y Reconocimiento;Seguridad
1215;85A7A89AD90E302B;Distritos Seguros, Control Urbano, Transporte Seguro, Ciudadanías Seguras, Bienestar Y Reconocimiento;Seguridad
1216;A57F56857A492B4A;Distritos Seguros, Control Urbano, Gestión De La Seguridad En Aglomeraciones, Ciudadanías Seguras, Bienestar Y Reconocimiento;Seguridad
1217;8CB3DF0377C3290D;Distritos Seguros, Control Urbano, Gestión De La Seguridad En Aglomeraciones, Ciudadanías Seguras, Bienestar Y Reconocimiento;Seguridad
1218;5517382DE260375E;Distritos Seguros, Control Urbano, Gestión De La Seguridad En Aglomeraciones, Ciudadanías Seguras, Bienestar Y Reconocimiento;Seguridad
1219;5A80B1F7932A299A;Distritos Seguros, Control Urbano, Gestión De La Seguridad En Aglomeraciones, Ciudadanías Seguras, Bienestar Y Reconocimiento;Seguridad
1220;AA195296D204A05A;Distritos Seguros, Control Urbano, Lucha Contra El Crimen, Lucha Contra El Cibercrimen, Ciudadanías Seguras;Seguridad
1221;2CA321240F4CAD51;Distritos Seguros, Control Urbano, Transporte Seguro, Protección Del Capital Natural, Ciudadanías Seguras;Seguridad
1222;6FC361B19521738A;Distritos Seguros, Control Urbano, Ciudadanías Seguras, Bienestar Y Reconocimiento;Seguridad
1223;9C45A80DE60BB0EA;Seguridad Inteligente, Datos Para La Seguridad;Seguridad
1224;2A8440677A10CF4E;N/A;Seguridad
1225;104D8F33ACF00C0E;N/A;Seguridad
1226;BE29692F23DF2B54;N/A;Seguridad
1227;18CA3D15E7AD9094;N/A;Seguridad
1228;3773DBF30784869B;N/A;Seguridad
1229;46DCF88B70DB3F7A;Distritos Seguros, Lucha Contra El Crimen;Seguridad
1230;49F48F738D17D15C;Distritos Seguros, Ciudadanías Seguras;Seguridad
1231;8FED5DE71736C59C;Distritos Seguros;Seguridad
1232;8AB813EFBE3B28C3;Distritos Seguros, Control Urbano;Seguridad
1233;08C15AC4040C9EA6;Distritos Seguros;Seguridad
1234;E2570A88A1BB34FD;Distritos Seguros;Seguridad
1235;E9D9B47401CAB86E;N/A;Seguridad
1236;014DD3ACD31228FC;Distritos Seguros, Ciudadanías Seguras;Seguridad
1237;F85ABC436755D35B;Distritos Seguros;Seguridad
1238;95E7E73BBE6CC656;Distritos Seguros, Control Urbano, Ciudadanías Seguras, Urbanismo Para La Seguridad;Seguridad
1239;EB860F60E5C96BDD;N/A;Seguridad
1240;F3B77BD17850CB4E;N/A;Seguridad
1241;93A2C3221520E689;N/A;Seguridad
1242;5247AC89A8361821;N/A;Seguridad
1243;053D4CDF1660C0C6;N/A;Seguridad
1244;B04584BB4E8632E9;Distritos Seguros, Cooperación Ciudadana, Seguridad Regional;Seguridad
1245;A19FF761E66BF917;N/A;Seguridad
1246;C2ED19EE7766973D;N/A;Seguridad
1247;A251CEEC8109CD53;N/A;Seguridad
1248;552041F892E39B0B;Distritos Seguros, Ciudadanías Seguras;Seguridad
1249;9300BDA60AE9F711;Distritos Seguros, Control Urbano, Seguridad Inteligente, Cooperación Ciudadana, Lucha Contra El Crimen, Ciudadanías Seguras;Seguridad
1250;F46F1CBF193B2398;N/A;Seguridad
1251;7B3F9B13CD5A2441;N/A;Seguridad
1252;B6D4E458565A622C;Distritos Seguros, Seguridad Inteligente, Datos Para La Seguridad, Cooperación Ciudadana, Ciudadanías Seguras;Seguridad
1253;7F310D3A953836C1;Distritos Seguros, Transporte Seguro, Lucha Contra El Crimen, Ciudadanías Seguras;Seguridad
1254;F0A51DD808F85200;Distritos Seguros, Control Urbano, Lucha Contra El Crimen, Ciudadanías Seguras;Seguridad
1255;972E7932BD20554B;Distritos Seguros, Control Urbano, Lucha Contra El Crimen, Ciudadanías Seguras;Seguridad
1256;728D7B1D964B9FEE;Cooperación Ciudadana;Seguridad
1257;21D8ABFBEB732CA1;Seguridad Inteligente;Seguridad
1258;27B87D16A72546E1;Datos Para La Seguridad;Seguridad
1259;048CDF38489498DA;Distritos Seguros, Ciudadanías Seguras;Seguridad
1260;9465E1C96198A076;Datos Para La Seguridad, Cooperación Ciudadana, Seguridad Regional;Seguridad
1261;B283E8CBC046FFC1;Distritos Seguros, Ciudadanías Seguras;Seguridad
1262;33448D5F42E5C3AC;Distritos Seguros, Ciudadanías Seguras;Seguridad
1263;B32237399193A80D;Distritos Seguros, Ciudadanías Seguras;Seguridad
1264;A5B549C28F7389C6;N/A;Seguridad
1265;54A6572E7ED93FD0;Distritos Seguros, Ciudadanías Seguras;Seguridad
1266;6E38181C1A1F8BC6;Distritos Seguros, Cooperación Ciudadana, Protección De Infraestructura, Ciudadanías Seguras;Seguridad
1267;CA1A5B20EE0A3723;Bienestar Y Reconocimiento, Urbanismo Para La Seguridad;Seguridad
1268;376353CBEA92183A;Cooperación Ciudadana, Lucha Contra El Crimen, Lucha Contra El Cibercrimen;Seguridad
1269;2D62CB4BE5800D12;N/A;Seguridad
1270;B86F876704CCAAAF;Distritos Seguros, Cooperación Ciudadana, Lucha Contra El Crimen, Ciudadanías Seguras;Seguridad
1271;D782C9C7F4116208;Distritos Seguros, Control Urbano, Seguridad Inteligente, Datos Para La Seguridad, Cooperación Ciudadana;Seguridad
1272;422F37D1021C9D09;Distritos Seguros, Gestión De La Seguridad En Aglomeraciones, Ciudadanías Seguras;Seguridad
1273;67F2681467B26AA3;Protección De Infraestructura;Seguridad
1274;14FEB4024F1D6394;N/A;Seguridad
1275;F1465F4267A143E1;Distritos Seguros;Seguridad
1276;E338820C11EF9BF4;Distritos Seguros, Ciudadanías Seguras;Seguridad
1277;D8ED0E0934D8E620;Ciudadanías Seguras;Seguridad
1278;6E4F2C2D7B698865;Distritos Seguros, Control Urbano, Gestión De La Seguridad En Aglomeraciones, Ciudadanías Seguras, Bienestar Y Reconocimiento;Seguridad
1279;CE0FBA1C01AE41EB;Distritos Seguros, Control Urbano, Lucha Contra El Crimen, Ciudadanías Seguras;Seguridad
1280;EC6FE3FB871EFD0B;Distritos Seguros, Seguridad Inteligente, Datos Para La Seguridad, Cooperación Ciudadana, Lucha Contra El Crimen;Seguridad
1281;F14E96811456C293;Ciudadanías Seguras;Seguridad
1282;69FE5C2AE66E0777;N/A;Seguridad
1283;CC4FC68045F6900B;N/A;Seguridad
1284;59666716BAD6576B;Distritos Seguros, Control Urbano, Seguridad Inteligente, Datos Para La Seguridad, Lucha Contra El Crimen, Ciudadanías Seguras;Seguridad
1285;4722D6DBEDE13E2E;Distritos Seguros;Seguridad
1286;8586AFC2297E1CBB;Protección De Infraestructura, Gestión De La Seguridad En Aglomeraciones, Urbanismo Para La Seguridad;Seguridad
1287;3787331AB8C2562C;Distritos Seguros, Control Urbano, Gestión De La Seguridad En Aglomeraciones, Ciudadanías Seguras, Bienestar Y Reconocimiento;Seguridad
1288;CE4E6A0586C53212;Distritos Seguros, Seguridad Inteligente, Datos Para La Seguridad, Gestión De La Seguridad En Aglomeraciones, Lucha Contra El Crimen, Lucha Contra El Cibercrimen, Ciudadanías Seguras, Bienestar Y Reconocimiento;Seguridad
1289;65895A3FECA7D0B1;Control Urbano, Cooperación Ciudadana, Bienestar Y Reconocimiento, Urbanismo Para La Seguridad;Seguridad
1290;F6AD66B9012AF961;Distritos Seguros, Control Urbano, Gestión De La Seguridad En Aglomeraciones, Lucha Contra El Crimen, Lucha Contra El Cibercrimen, Ciudadanías Seguras;Seguridad
1291;3196450EBCED4E2F;Distritos Seguros, Control Urbano, Transporte Seguro, Ciudadanías Seguras, Bienestar Y Reconocimiento, Urbanismo Para La Seguridad;Seguridad
1292;9DBD2C4BE53E3025;Distritos Seguros;Seguridad
1293;3EC9B3E09E0057E6;Distritos Seguros, Control Urbano, Seguridad Inteligente, Datos Para La Seguridad;Seguridad
1294;2CF85990297C61D2;Distritos Seguros, Control Urbano, Ciudadanías Seguras, Urbanismo Para La Seguridad;Seguridad
1295;FB8BBD7F38BE6DD9;Distritos Seguros, Control Urbano, Gestión De La Seguridad En Aglomeraciones, Ciudadanías Seguras, Bienestar Y Reconocimiento, Urbanismo Para La Seguridad;Seguridad
1296;F64D613DE76F569F;Distritos Seguros, Cooperación Ciudadana, Lucha Contra El Crimen, Ciudadanías Seguras;Seguridad
1297;61A6F7543DCCFAA4;Distritos Seguros, Datos Para La Seguridad, Lucha Contra El Crimen, Lucha Contra El Cibercrimen, Ciudadanías Seguras, Bienestar Y Reconocimiento;Seguridad
1298;B65D1A811440A1B0;Distritos Seguros, Ciudadanías Seguras;Seguridad
1299;9ED6AA3B7967FDC4;Distritos Seguros, Datos Para La Seguridad;Seguridad
1300;A3998747BCC7C301;Distritos Seguros;Seguridad
1301;7134D2B362356118;Distritos Seguros, Transporte Seguro, Ciudadanías Seguras;Seguridad
1302;A6A56348238A61E1;Control Urbano, Cooperación Ciudadana, Ciudadanías Seguras, N/A;Seguridad
1303;31D0F90069D4230F;Distritos Seguros, Seguridad Inteligente, Datos Para La Seguridad, Cooperación Ciudadana;Seguridad
1304;4356DE92E60FCACC;Distritos Seguros, Control Urbano, Cooperación Ciudadana;Seguridad
1305;627C1D1B7AEE5777;Distritos Seguros, Ciudadanías Seguras;Seguridad
1306;D7DE23C86A0A7256;Distritos Seguros, Ciudadanías Seguras;Seguridad
1307;6111832CA6448759;Distritos Seguros, Control Urbano, Seguridad Inteligente, Datos Para La Seguridad, Cooperación Ciudadana;Seguridad
1308;9DB22159B74CB703;Distritos Seguros, Control Urbano, Cooperación Ciudadana, Gestión De La Seguridad En Aglomeraciones, Ciudadanías Seguras, Bienestar Y Reconocimiento;Seguridad
1309;E16354830C25C2BF;Distritos Seguros, Control Urbano, Seguridad Inteligente, Datos Para La Seguridad, Cooperación Ciudadana;Seguridad
1310;9EF5E5C090F11AD0;Distritos Seguros, Lucha Contra El Crimen;Seguridad
1311;8239343FCA08678E;Distritos Seguros, Control Urbano, Ciudadanías Seguras, Urbanismo Para La Seguridad;Seguridad
1312;F05BCC1599D4C8C6;Cooperación Ciudadana, Seguridad Regional, Ciudadanías Seguras, Bienestar Y Reconocimiento, Urbanismo Para La Seguridad;Seguridad
1313;DB1E1F23643778DF;Distritos Seguros, Seguridad Inteligente, Protección De Infraestructura, Ciudadanías Seguras, Urbanismo Para La Seguridad;Seguridad
1314;F2D1D5CE59AABC4D;N/A;Seguridad
1315;A7635C86585ADDE2;Distritos Seguros, Transporte Seguro, Ciudadanías Seguras;Seguridad
1316;8AD2E56901A7266A;Ciudadanías Seguras;Seguridad
1317;C4F811284DE52F53;Ciudadanías Seguras;Seguridad
1318;1E32A84F8A29778D;Distritos Seguros, Control Urbano, Seguridad Inteligente, Datos Para La Seguridad, Cooperación Ciudadana, Lucha Contra El Crimen, Lucha Contra El Cibercrimen, Ciudadanías Seguras, Bienestar Y Reconocimiento;Seguridad
1319;FEA10A2E464FE3DB;Distritos Seguros, Datos Para La Seguridad, Ciudadanías Seguras, Bienestar Y Reconocimiento, Urbanismo Para La Seguridad;Seguridad
1320;4C523B62F693E797;Distritos Seguros, Control Urbano, Cooperación Ciudadana, Lucha Contra El Crimen, Lucha Contra El Cibercrimen, Ciudadanías Seguras;Seguridad
1321;5907C52A3072A881;Distritos Seguros, Control Urbano, Ciudadanías Seguras;Seguridad
1322;761AF467D33FC1E8;Distritos Seguros, Control Urbano, Datos Para La Seguridad, Ciudadanías Seguras, Urbanismo Para La Seguridad;Seguridad
1323;7992F1CD22C5A91B;Distritos Seguros;Seguridad
1324;F40B5CA0B32D6DF1;Distritos Seguros, Ciudadanías Seguras;Seguridad
1325;7E3231B557BC607C;N/A;Seguridad
1326;879F9751817C7AC1;Distritos Seguros, Ciudadanías Seguras;Seguridad
1327;AA9937758667705C;Distritos Seguros, Control Urbano, Transporte Seguro, Ciudadanías Seguras, Bienestar Y Reconocimiento;Seguridad
1328;1A7F29D4BDC066A4;N/A;Seguridad
1329;0EDD22545EF36DC1;Distritos Seguros, Control Urbano, Datos Para La Seguridad, Gestión De La Seguridad En Aglomeraciones, Ciudadanías Seguras, Urbanismo Para La Seguridad;Seguridad
1330;D945593E6685C950;Distritos Seguros;Seguridad
1331;80D8FD74BAE78AA1;Distritos Seguros;Seguridad
1332;17DE47EBC4B2D052;N/A;Seguridad
1333;47BA9811F9D579F6;Distritos Seguros, Ciudadanías Seguras;Seguridad
1334;98BD5C7FD0769482;Distritos Seguros, Ciudadanías Seguras;Seguridad
1335;08243BEAB292C04D;Distritos Seguros, Control Urbano, Seguridad Inteligente, Datos Para La Seguridad, Cooperación Ciudadana, Protección De Infraestructura, Transporte Seguro, Protección Del Capital Natural, Gestión De La Seguridad En Aglomeraciones;Seguridad
1336;588789B6D2796F5A;Distritos Seguros, Lucha Contra El Crimen, Lucha Contra El Cibercrimen, Ciudadanías Seguras, Bienestar Y Reconocimiento;Seguridad
1337;EC86E4DCA9C32501;Datos Para La Seguridad, Urbanismo Para La Seguridad;Seguridad
1338;17BCB3402B374389;Distritos Seguros, Control Urbano, Protección De Infraestructura, Ciudadanías Seguras, Bienestar Y Reconocimiento, Urbanismo Para La Seguridad;Seguridad
1339;A1572D2F04205179;Distritos Seguros, Datos Para La Seguridad, Cooperación Ciudadana, Ciudadanías Seguras, Bienestar Y Reconocimiento, Urbanismo Para La Seguridad;Seguridad
1340;702247FFDEB63E0D;Distritos Seguros, Control Urbano, Datos Para La Seguridad, Ciudadanías Seguras;Seguridad
1341;4B0B083C079A3CB3;Distritos Seguros, Control Urbano, Cooperación Ciudadana, Seguridad Regional;Seguridad
1342;F1ED4E4CE9857EE7;Distritos Seguros, Ciudadanías Seguras;Seguridad
1343;7937C8BDCDB9D691;Distritos Seguros, Ciudadanías Seguras;Seguridad
1344;87A301D53A31EFDF;Distritos Seguros, Ciudadanías Seguras;Seguridad
1345;27F2707FAACAC621;Distritos Seguros, Ciudadanías Seguras;Seguridad
1346;88959377AF61CA88;Distritos Seguros, Ciudadanías Seguras;Seguridad
1347;ECB3DA1908042559;Distritos Seguros, Ciudadanías Seguras;Seguridad
1348;AE543D333D95E393;Distritos Seguros, Control Urbano, Lucha Contra El Crimen, Ciudadanías Seguras;Seguridad
1349;A881971860712258;Distritos Seguros, Cooperación Ciudadana;Seguridad
1350;658DF7DE469136AB;Distritos Seguros;Seguridad
1351;353124ADDA212C1D;Distritos Seguros, Control Urbano, Cooperación Ciudadana;Seguridad
1352;69FAEBA6AA3C9919;Distritos Seguros, Control Urbano, Lucha Contra El Crimen;Seguridad
1353;1F78BA9156ABA548;Distritos Seguros, Control Urbano, Lucha Contra El Crimen, Ciudadanías Seguras;Seguridad
1354;F882876518FACE5C;Distritos Seguros, Ciudadanías Seguras;Seguridad
1355;AF85A592B9ED7EC7;N/A;Seguridad
1356;7D45D1179DB21628;Distritos Seguros, Control Urbano, Ciudadanías Seguras;Seguridad
1357;DBC3CEC857A2FEB3;Control Urbano, Datos Para La Seguridad, Lucha Contra El Crimen, Lucha Contra El Cibercrimen, Ciudadanías Seguras;Seguridad
1358;F1EBE6CD69390AC3;Distritos Seguros, Transporte Seguro, Lucha Contra El Crimen, Lucha Contra El Cibercrimen;Seguridad
1359;811DC6D74FA330EE;Distritos Seguros, Control Urbano, Datos Para La Seguridad, Ciudadanías Seguras, Urbanismo Para La Seguridad;Seguridad
1360;1B41DD6A7749A1F4;Distritos Seguros, Control Urbano, Lucha Contra El Crimen, Ciudadanías Seguras, Bienestar Y Reconocimiento;Seguridad
1361;460B70D29D4ADE17;Distritos Seguros, Control Urbano, Lucha Contra El Crimen, Lucha Contra El Cibercrimen, Ciudadanías Seguras;Seguridad
1362;0C8F2585B9457A63;Distritos Seguros, Control Urbano;Seguridad
1363;987D682BA9767AEA;Distritos Seguros, Seguridad Inteligente, Datos Para La Seguridad, Cooperación Ciudadana;Seguridad
1364;0B40E758619718CA;Control Urbano, Protección De Infraestructura, Ciudadanías Seguras;Seguridad
1365;8245A08A2A8DC1E7;Distritos Seguros, Control Urbano, Protección De Infraestructura;Seguridad
1366;33D1A36AB58C1102;Distritos Seguros, Control Urbano, Seguridad Inteligente;Seguridad
1367;299E0E9F62204AB5;Control Urbano, Protección De Infraestructura;Seguridad
1368;5869AB86C763E281;Distritos Seguros, Protección De Infraestructura;Seguridad
1369;2139C00FD0D6DC6E;Distritos Seguros, Control Urbano, Lucha Contra El Crimen;Seguridad
1370;8A3AC009627E95B2;Lucha Contra El Crimen, Lucha Contra El Cibercrimen, Ciudadanías Seguras;Seguridad
1371;1946F67ECDB333C0;Control Urbano, Seguridad Inteligente, Lucha Contra El Crimen;Seguridad
1372;C3C5EFA2C0672FC9;Protección De Infraestructura;Seguridad
1373;B132EA69F6E9202E;Lucha Contra El Crimen, Lucha Contra El Cibercrimen, Ciudadanías Seguras;Seguridad
1374;85A82890BEB6C849;Lucha Contra El Crimen;Seguridad
1375;D3EE08A50D07C132;Distritos Seguros, Control Urbano, Protección De Infraestructura;Seguridad
1376;FB27E22BCD86923A;N/A;Seguridad
1377;B9039664D2A13507;Datos Para La Seguridad, Lucha Contra El Crimen, Lucha Contra El Cibercrimen;Seguridad
1378;5348F598B5AEE181;Distritos Seguros, Control Urbano, Transporte Seguro, Lucha Contra El Crimen, Ciudadanías Seguras;Seguridad
1379;80F0A7E9643F355A;Eco-Sistema para la convivencia!, Comuniquemos Convivencia;Convivencia
1380;1E4826DE54758E5A;Distrito Convivencia;Convivencia
1381;C998B37AC5095530;Eco-Sistema para la convivencia!;Convivencia
1382;7D6BBA28B9CB0C3B;Entre todos: ¡Transformamos la convivencia!  ¡Con-Vivamos a lo bien!;Convivencia
1383;F832FB5BAC54B2FA;Entre todos: ¡Transformamos la convivencia!  ¡Con-Vivamos a lo bien!;Convivencia
1384;955C2A7E7DCC6B1F;Entre todos: ¡Transformamos la convivencia!  ¡Con-Vivamos a lo bien!;Convivencia
1385;20F8BCEC739784FD;N/A;Convivencia
1386;E68BF5D7176DF1BD;Eco-Sistema para la convivencia!;Convivencia
1387;37950FCD4F530339;Entre todos: ¡Transformamos la convivencia!  ¡Con-Vivamos a lo bien!, Comuniquemos Convivencia;Convivencia
1388;BC936C290DD85626;Entre todos: ¡Transformamos la convivencia!  ¡Con-Vivamos a lo bien!;Convivencia
1389;BE2E78CA555443AD;Entre todos: ¡Transformamos la convivencia!  ¡Con-Vivamos a lo bien!, Eco-Sistema para la convivencia!, Distrito Convivencia;Convivencia
1390;17EF420FBBD79393;N/A;Convivencia
1391;A8F9B492D2C3C65F;Entre todos: ¡Transformamos la convivencia!  ¡Con-Vivamos a lo bien!, Eco-Sistema para la convivencia!;Convivencia
1392;BA721439139A7BB4;Comuniquemos Convivencia;Convivencia
1393;6F8A841C3E739FEE;N/A;Convivencia
1394;1A8785054BB4FC32;Entre todos: ¡Transformamos la convivencia!  ¡Con-Vivamos a lo bien!, Transformando-NOS, Comuniquemos Convivencia, Distrito Convivencia;Convivencia
1395;FD3D47D42A14C840;N/A;Convivencia
1396;97D0931B7B4C71CA;N/A;Convivencia
1397;4EC82C753FEB6739;N/A;Convivencia
1398;765944B8791CA664;Transformando-NOS;Convivencia
1399;C9D7C12FA42A8A9D;N/A;Convivencia
1400;81505AB0DDFADAFC;Entre todos: ¡Transformamos la convivencia!  ¡Con-Vivamos a lo bien!;Convivencia
1401;7B07DCF62BBF3587;Entre todos: ¡Transformamos la convivencia!  ¡Con-Vivamos a lo bien!, Eco-Sistema para la convivencia!;Convivencia
1402;1F632C1B09FB97F6;Entre todos: ¡Transformamos la convivencia!  ¡Con-Vivamos a lo bien!, Comuniquemos Convivencia, Distrito Convivencia;Convivencia
1403;40E35F39DBF09E50;Entre todos: ¡Transformamos la convivencia!  ¡Con-Vivamos a lo bien!;Convivencia
1404;5C507E479A718679;Comuniquemos Convivencia;Convivencia
1405;EDD2E0C16B9AC603;N/A;Convivencia
1406;8466453E7FEA1E06;N/A;Convivencia
1407;04DFA92ADD962D30;N/A;Convivencia
1408;9309A1C106109FB8;Entre todos: ¡Transformamos la convivencia!  ¡Con-Vivamos a lo bien!;Convivencia
1409;CC2D7A6EEE62DFEA;Entre todos: ¡Transformamos la convivencia!  ¡Con-Vivamos a lo bien!;Convivencia
1410;AC091522A697233E;Eco-Sistema para la convivencia!;Convivencia
1411;5E0BD04DCC73D390;Entre todos: ¡Transformamos la convivencia!  ¡Con-Vivamos a lo bien!, Eco-Sistema para la convivencia!;Convivencia
1412;CA3D45036609FE63;Entre todos: ¡Transformamos la convivencia!  ¡Con-Vivamos a lo bien!, Eco-Sistema para la convivencia!;Convivencia
1413;8260F754CCAF0BFB;N/A;Convivencia
1414;67FEAD88D534E02A;Comuniquemos Convivencia;Convivencia
1415;30E90255202C699B;N/A;Convivencia
1416;8E9D99B12C146FF1;N/A;Convivencia
1417;DD10ACB9DAD8387E;Entre todos: ¡Transformamos la convivencia!  ¡Con-Vivamos a lo bien!, Eco-Sistema para la convivencia!, Transformando-NOS, Comuniquemos Convivencia, Distrito Convivencia;Convivencia
1418;0D5F88474923FB24;Entre todos: ¡Transformamos la convivencia!  ¡Con-Vivamos a lo bien!;Convivencia
1419;F3D387FAFC475BFE;Eco-Sistema para la convivencia!;Convivencia
1420;0849A46BD8BE2677;Eco-Sistema para la convivencia!;Convivencia
1421;32FD1C77047C4D18;N/A;Convivencia
1422;35E78938EB993641;Entre todos: ¡Transformamos la convivencia!  ¡Con-Vivamos a lo bien!, N/A;Convivencia
1423;9FE8DE3F3ED8F701;Entre todos: ¡Transformamos la convivencia!  ¡Con-Vivamos a lo bien!;Convivencia
1424;2F5EA440637ABEA0;Entre todos: ¡Transformamos la convivencia!  ¡Con-Vivamos a lo bien!;Convivencia
1425;D52E54A9F78837B3;N/A;Convivencia
1426;D142C55C3894ED3B;Entre todos: ¡Transformamos la convivencia!  ¡Con-Vivamos a lo bien!;Convivencia
1427;7355CA6D428CCFEB;N/A;Convivencia
1428;7E2A682419CFE2C2;N/A;Convivencia
1429;E3FBB8DBBB6AE791;Entre todos: ¡Transformamos la convivencia!  ¡Con-Vivamos a lo bien!;Convivencia
1430;4B03F76E42A162DF;Entre todos: ¡Transformamos la convivencia!  ¡Con-Vivamos a lo bien!;Convivencia
1431;A35FC6A63DB3582D;Entre todos: ¡Transformamos la convivencia!  ¡Con-Vivamos a lo bien!;Convivencia
1432;A96CF6CF1FF255AC;Entre todos: ¡Transformamos la convivencia!  ¡Con-Vivamos a lo bien!;Convivencia
1433;6056A3F0634DFD52;Entre todos: ¡Transformamos la convivencia!  ¡Con-Vivamos a lo bien!;Convivencia
1434;E33EEE21C7DA9868;Entre todos: ¡Transformamos la convivencia!  ¡Con-Vivamos a lo bien!;Convivencia
1435;C3EE0B82ADCA5046;Distrito Convivencia;Convivencia
1436;9120BB2492FA58C8;Entre todos: ¡Transformamos la convivencia!  ¡Con-Vivamos a lo bien!;Convivencia
1437;32E9EEF294285452;N/A;Convivencia
1438;D7101FF6B2326C49;N/A;Convivencia
1439;B3537A9D9574F254;N/A;Convivencia
1440;732B0631B8FF55EB;N/A;Convivencia
1441;90F7A509704E3FD4;N/A;Convivencia
1442;E664B6565F64C32F;Entre todos: ¡Transformamos la convivencia!  ¡Con-Vivamos a lo bien!;Convivencia
1443;B0349E68ABA9F18D;Eco-Sistema para la convivencia!;Convivencia
1444;7A74AB0E2B130953;Entre todos: ¡Transformamos la convivencia!  ¡Con-Vivamos a lo bien!;Convivencia
1445;CE5B5FC009A492E3;Entre todos: ¡Transformamos la convivencia!  ¡Con-Vivamos a lo bien!, Eco-Sistema para la convivencia!;Convivencia
1446;76924D2A99E897F3;Entre todos: ¡Transformamos la convivencia!  ¡Con-Vivamos a lo bien!;Convivencia
1447;634731F0E4830E72;Entre todos: ¡Transformamos la convivencia!  ¡Con-Vivamos a lo bien!, Distrito Convivencia;Convivencia
1448;3E2A178B6565D920;Eco-Sistema para la convivencia!;Convivencia
1449;9404083EFA5F05B9;Entre todos: ¡Transformamos la convivencia!  ¡Con-Vivamos a lo bien!;Convivencia
1450;6EAC50FBD0E28594;Entre todos: ¡Transformamos la convivencia!  ¡Con-Vivamos a lo bien!;Convivencia
1451;823CAB43790ECCD8;Entre todos: ¡Transformamos la convivencia!  ¡Con-Vivamos a lo bien!, Comuniquemos Convivencia;Convivencia
1452;935A68AEF2FEC167;Entre todos: ¡Transformamos la convivencia!  ¡Con-Vivamos a lo bien!;Convivencia
1453;299C194B761A0BC7;Entre todos: ¡Transformamos la convivencia!  ¡Con-Vivamos a lo bien!, Eco-Sistema para la convivencia!;Convivencia
1454;413C19BDFEE1655E;N/A;Convivencia
1455;99CEE21C43EDB99F;N/A;Convivencia
1456;AF3F00B0AB1D8B07;N/A;Convivencia
1457;C92A8FF6B4F4B774;Entre todos: ¡Transformamos la convivencia!  ¡Con-Vivamos a lo bien!, Eco-Sistema para la convivencia!, Transformando-NOS, Comuniquemos Convivencia, Distrito Convivencia;Convivencia
1458;5AC34ADD323F4653;Entre todos: ¡Transformamos la convivencia!  ¡Con-Vivamos a lo bien!;Convivencia
1459;51AE3FCB30410594;Entre todos: ¡Transformamos la convivencia!  ¡Con-Vivamos a lo bien!;Convivencia
1460;68E17BB10438E1AC;Entre todos: ¡Transformamos la convivencia!  ¡Con-Vivamos a lo bien!, Eco-Sistema para la convivencia!;Convivencia
1461;73CF6DF0AA75F2AD;Entre todos: ¡Transformamos la convivencia!  ¡Con-Vivamos a lo bien!;Convivencia
1462;DE488E5FCB6BE11D;Entre todos: ¡Transformamos la convivencia!  ¡Con-Vivamos a lo bien!;Convivencia
1463;0BCA36DEC479E4D8;Entre todos: ¡Transformamos la convivencia!  ¡Con-Vivamos a lo bien!, Eco-Sistema para la convivencia!;Convivencia
1464;8B016B5D5CB579D1;Entre todos: ¡Transformamos la convivencia!  ¡Con-Vivamos a lo bien!, Eco-Sistema para la convivencia!;Convivencia
1465;B81EA51BCB57A6DD;Entre todos: ¡Transformamos la convivencia!  ¡Con-Vivamos a lo bien!;Convivencia
1466;3349DD2CA1C50523;N/A;Convivencia
1467;42E6EE81CFD19334;Entre todos: ¡Transformamos la convivencia!  ¡Con-Vivamos a lo bien!;Convivencia
1468;49F4E41039F4904F;N/A;Convivencia
1469;A064EF77D1B61BB1;N/A;Convivencia
1470;6CC0D100071A8CFE;N/A;Convivencia
1471;AD9BC1C25BEC1AC2;N/A;Convivencia
1472;61805353B9FAC10D;N/A;Convivencia
1473;8CD0502B979E7F48;N/A;Convivencia
1474;ACA3642411A1C683;Entre todos: ¡Transformamos la convivencia!  ¡Con-Vivamos a lo bien!;Convivencia
1475;ED6340807FCEA6FF;Entre todos: ¡Transformamos la convivencia!  ¡Con-Vivamos a lo bien!;Convivencia
1476;28744654DABEE7FF;Transformando-NOS;Convivencia
1477;7F72034F02226C69;Comuniquemos Convivencia, Distrito Convivencia;Convivencia
1478;D97B9BB93DC894FA;Entre todos: ¡Transformamos la convivencia!  ¡Con-Vivamos a lo bien!, Eco-Sistema para la convivencia!, Transformando-NOS, Comuniquemos Convivencia, Distrito Convivencia;Convivencia
1479;332695672A2E7B3B;Entre todos: ¡Transformamos la convivencia!  ¡Con-Vivamos a lo bien!, Distrito Convivencia;Convivencia
1480;E419C9C2869DC28B;N/A;Convivencia
1481;95C798916A40B9AB;N/A;Convivencia
1482;6B03203900DAD839;Entre todos: ¡Transformamos la convivencia!  ¡Con-Vivamos a lo bien!;Convivencia
1483;B0E8FCAA8A6A8FD5;Entre todos: ¡Transformamos la convivencia!  ¡Con-Vivamos a lo bien!;Convivencia
1484;0CC25AB5625F4C22;Entre todos: ¡Transformamos la convivencia!  ¡Con-Vivamos a lo bien!;Convivencia
1485;872A3C0789729EC6;Entre todos: ¡Transformamos la convivencia!  ¡Con-Vivamos a lo bien!;Convivencia
1486;D54FC2951FEA672E;Entre todos: ¡Transformamos la convivencia!  ¡Con-Vivamos a lo bien!;Convivencia
1487;23F04966A128E75B;Entre todos: ¡Transformamos la convivencia!  ¡Con-Vivamos a lo bien!;Convivencia
1488;1DF2883CCC3FE022;Entre todos: ¡Transformamos la convivencia!  ¡Con-Vivamos a lo bien!;Convivencia
1489;BB507A56F531A00E;Entre todos: ¡Transformamos la convivencia!  ¡Con-Vivamos a lo bien!;Convivencia
1490;57437E1C33FA9D10;Entre todos: ¡Transformamos la convivencia!  ¡Con-Vivamos a lo bien!;Convivencia
1491;F5110B3E2035FE6C;Entre todos: ¡Transformamos la convivencia!  ¡Con-Vivamos a lo bien!;Convivencia
1492;2841B32307563522;Entre todos: ¡Transformamos la convivencia!  ¡Con-Vivamos a lo bien!;Convivencia
1493;4E73120C4D3EB1BB;Entre todos: ¡Transformamos la convivencia!  ¡Con-Vivamos a lo bien!;Convivencia
1494;ACDCA711D03009E4;Entre todos: ¡Transformamos la convivencia!  ¡Con-Vivamos a lo bien!;Convivencia
1495;D7939978FB55037F;Entre todos: ¡Transformamos la convivencia!  ¡Con-Vivamos a lo bien!;Convivencia
1496;E9B3EBE2C5A7E75D;N/A;Convivencia
1497;896B676ECC89FE42;Entre todos: ¡Transformamos la convivencia!  ¡Con-Vivamos a lo bien!, Eco-Sistema para la convivencia!;Convivencia
1498;3C072DCF23AB0812;Entre todos: ¡Transformamos la convivencia!  ¡Con-Vivamos a lo bien!;Convivencia
1499;709FD0FCE42E8592;Entre todos: ¡Transformamos la convivencia!  ¡Con-Vivamos a lo bien!;Convivencia
1500;37B9F0E4B301B0D7;Entre todos: ¡Transformamos la convivencia!  ¡Con-Vivamos a lo bien!, Eco-Sistema para la convivencia!;Convivencia
1501;2CA7D0BE5D2670D9;Entre todos: ¡Transformamos la convivencia!  ¡Con-Vivamos a lo bien!, Eco-Sistema para la convivencia!;Convivencia
1502;D673F88E51A5ECB0;Entre todos: ¡Transformamos la convivencia!  ¡Con-Vivamos a lo bien!;Convivencia
1503;05957E76B21C33A1;Entre todos: ¡Transformamos la convivencia!  ¡Con-Vivamos a lo bien!;Convivencia
1504;605C45B2D13B7558;Entre todos: ¡Transformamos la convivencia!  ¡Con-Vivamos a lo bien!;Convivencia
1505;8A8F711CF0A56D73;Entre todos: ¡Transformamos la convivencia!  ¡Con-Vivamos a lo bien!, Eco-Sistema para la convivencia!;Convivencia
1506;D6B5BCBF2D1EAC29;Entre todos: ¡Transformamos la convivencia!  ¡Con-Vivamos a lo bien!, Eco-Sistema para la convivencia!;Convivencia
1507;16AF7FEFD8003D15;Entre todos: ¡Transformamos la convivencia!  ¡Con-Vivamos a lo bien!, Distrito Convivencia;Convivencia
1508;1D75F52A2EF06423;Eco-Sistema para la convivencia!;Convivencia
1509;91BDE32D7339B9CF;Entre todos: ¡Transformamos la convivencia!  ¡Con-Vivamos a lo bien!;Convivencia
1510;B290B2E17E15D779;Eco-Sistema para la convivencia!;Convivencia
1511;D7B61AB06BB6AE9D;Distrito Convivencia;Convivencia
1512;62544AB65BA043AC;Entre todos: ¡Transformamos la convivencia!  ¡Con-Vivamos a lo bien!;Convivencia
1513;949F49A4CC2A614B;Entre todos: ¡Transformamos la convivencia!  ¡Con-Vivamos a lo bien!;Convivencia
1514;051752A85DFAA5AD;Entre todos: ¡Transformamos la convivencia!  ¡Con-Vivamos a lo bien!;Convivencia
1515;F6985C994EB181FC;Entre todos: ¡Transformamos la convivencia!  ¡Con-Vivamos a lo bien!;Convivencia
1516;878214F6B1E6D118;Entre todos: ¡Transformamos la convivencia!  ¡Con-Vivamos a lo bien!;Convivencia
1517;78C373F8A1C0A12A;Entre todos: ¡Transformamos la convivencia!  ¡Con-Vivamos a lo bien!;Convivencia
1518;7346D8D6E9479C46;Entre todos: ¡Transformamos la convivencia!  ¡Con-Vivamos a lo bien!;Convivencia
1519;6C89F8184086B448;Entre todos: ¡Transformamos la convivencia!  ¡Con-Vivamos a lo bien!;Convivencia
1520;0C8209D73A236BD4;Entre todos: ¡Transformamos la convivencia!  ¡Con-Vivamos a lo bien!;Convivencia
1521;1FC579C86AE424CA;Entre todos: ¡Transformamos la convivencia!  ¡Con-Vivamos a lo bien!;Convivencia
1522;E3A03FDCB02D9B7B;Entre todos: ¡Transformamos la convivencia!  ¡Con-Vivamos a lo bien!;Convivencia
1523;EB7536A2A89D4D2D;Entre todos: ¡Transformamos la convivencia!  ¡Con-Vivamos a lo bien!;Convivencia
1524;2AECBEE1AC4C3842;Entre todos: ¡Transformamos la convivencia!  ¡Con-Vivamos a lo bien!;Convivencia
1525;7C1059B60A5D7D42;Entre todos: ¡Transformamos la convivencia!  ¡Con-Vivamos a lo bien!;Convivencia
1526;8B3C4733610C74CC;Comuniquemos Convivencia, Distrito Convivencia;Convivencia
1527;30C25EA6227FC383;Comuniquemos Convivencia;Convivencia
1528;F55926FEEBE01D98;N/A;Convivencia
1529;354B090FA69618C1;Entre todos: ¡Transformamos la convivencia!  ¡Con-Vivamos a lo bien!, Eco-Sistema para la convivencia!, Transformando-NOS, Comuniquemos Convivencia, Distrito Convivencia;Convivencia
1530;6F9D4C3A6279C16D;Entre todos: ¡Transformamos la convivencia!  ¡Con-Vivamos a lo bien!, Comuniquemos Convivencia;Convivencia
1531;C0FD4852947B0A38;Entre todos: ¡Transformamos la convivencia!  ¡Con-Vivamos a lo bien!;Convivencia
1532;C3F2629D1CDC0C41;Entre todos: ¡Transformamos la convivencia!  ¡Con-Vivamos a lo bien!;Convivencia
1533;45199ACDE3BF14B2;Eco-Sistema para la convivencia!;Convivencia
1534;C8600FC6C3884A80;Distrito Convivencia;Convivencia
1535;902D072E62AD3175;N/A;Convivencia
1536;C7FC7F42ACFAAC1F;Eco-Sistema para la convivencia!;Convivencia
1537;FF5EDC321517D345;Entre todos: ¡Transformamos la convivencia!  ¡Con-Vivamos a lo bien!;Convivencia
1538;E0C3FF5DABCDCC85;Entre todos: ¡Transformamos la convivencia!  ¡Con-Vivamos a lo bien!, Eco-Sistema para la convivencia!;Convivencia
1539;74EA8DA7252EBD79;N/A;Convivencia
1540;E18FA5670FA57D56;N/A;Convivencia
1541;55BE72BDE638B901;N/A;Convivencia
1542;456F82F31633A8E9;N/A;Convivencia
1543;3FAA41B392E1DD2F;N/A;Convivencia
1544;3F2407580E93C13A;N/A;Convivencia
1545;96B5E577A3E529A2;N/A;Convivencia
1546;ABCE6A6D08DDCA09;Entre todos: ¡Transformamos la convivencia!  ¡Con-Vivamos a lo bien!, Comuniquemos Convivencia;Convivencia
1547;B1E919004B2E4121;Entre todos: ¡Transformamos la convivencia!  ¡Con-Vivamos a lo bien!;Convivencia
1548;8C5A11FBBC49A4AF;Entre todos: ¡Transformamos la convivencia!  ¡Con-Vivamos a lo bien!, Eco-Sistema para la convivencia!;Convivencia
1549;DE00ED124320C3ED;Eco-Sistema para la convivencia!, Transformando-NOS;Convivencia
1550;C1FFB5D21B9853D3;Transformando-NOS;Convivencia
1551;07EC5CFF44943E1A;Entre todos: ¡Transformamos la convivencia!  ¡Con-Vivamos a lo bien!;Convivencia
1552;3C007A6DA753A815;N/A;Convivencia
1553;1E01CBC406CA46A7;Entre todos: ¡Transformamos la convivencia!  ¡Con-Vivamos a lo bien!;Convivencia
1554;B6A11734F95DBBC8;Entre todos: ¡Transformamos la convivencia!  ¡Con-Vivamos a lo bien!, Comuniquemos Convivencia;Convivencia
1555;4E9D0A665C6CFD11;Entre todos: ¡Transformamos la convivencia!  ¡Con-Vivamos a lo bien!;Convivencia
1556;0B5E5442520EB940;Entre todos: ¡Transformamos la convivencia!  ¡Con-Vivamos a lo bien!;Convivencia
1557;A2AE7380E1C3540F;Entre todos: ¡Transformamos la convivencia!  ¡Con-Vivamos a lo bien!, Transformando-NOS;Convivencia
1558;B12F52B79347793A;Eco-Sistema para la convivencia!;Convivencia
1559;4C608F05779E6EF9;Entre todos: ¡Transformamos la convivencia!  ¡Con-Vivamos a lo bien!;Convivencia
1560;E874FACB3B87481C;N/A;Convivencia
1561;021710A9C888EE96;Eco-Sistema para la convivencia!;Convivencia
1562;E8AEE8DCB925BDA0;Entre todos: ¡Transformamos la convivencia!  ¡Con-Vivamos a lo bien!, Eco-Sistema para la convivencia!, Distrito Convivencia;Convivencia
1563;83F1ECCBAD1A3E12;Entre todos: ¡Transformamos la convivencia!  ¡Con-Vivamos a lo bien!;Convivencia
1564;02229E8A836C900A;N/A;Convivencia
1565;D76AD941CF673045;Entre todos: ¡Transformamos la convivencia!  ¡Con-Vivamos a lo bien!;Convivencia
1566;4F2B0BA2FC8200DC;Transformando-NOS, Comuniquemos Convivencia, Distrito Convivencia;Convivencia
1567;656F9EE1F72F66B9;N/A;Convivencia
1568;983736436D523699;N/A;Convivencia
1569;8D66EDC245B23028;Entre todos: ¡Transformamos la convivencia!  ¡Con-Vivamos a lo bien!;Convivencia
1570;146005A0F36D5DA0;Entre todos: ¡Transformamos la convivencia!  ¡Con-Vivamos a lo bien!;Convivencia
1571;9EA9881E447C022C;N/A;Convivencia
1572;B6E073F1B7704E13;Entre todos: ¡Transformamos la convivencia!  ¡Con-Vivamos a lo bien!, Transformando-NOS, Distrito Convivencia;Convivencia
1573;D414964310DC552C;Entre todos: ¡Transformamos la convivencia!  ¡Con-Vivamos a lo bien!, Transformando-NOS, Distrito Convivencia;Convivencia
1574;F3FD01F5B48E247F;Entre todos: ¡Transformamos la convivencia!  ¡Con-Vivamos a lo bien!, Transformando-NOS, Distrito Convivencia;Convivencia
1575;4F4137D64B20CAA7;Entre todos: ¡Transformamos la convivencia!  ¡Con-Vivamos a lo bien!, Transformando-NOS, Distrito Convivencia;Convivencia
1576;790B7136615C6399;Entre todos: ¡Transformamos la convivencia!  ¡Con-Vivamos a lo bien!, Transformando-NOS, Distrito Convivencia;Convivencia
1577;2033442EC506D339;Entre todos: ¡Transformamos la convivencia!  ¡Con-Vivamos a lo bien!, Transformando-NOS, Distrito Convivencia;Convivencia
1578;A94794B6857B2EA0;Entre todos: ¡Transformamos la convivencia!  ¡Con-Vivamos a lo bien!, Transformando-NOS, Distrito Convivencia;Convivencia
1579;1E0CBC03E3CC8E1A;Entre todos: ¡Transformamos la convivencia!  ¡Con-Vivamos a lo bien!, Transformando-NOS, Distrito Convivencia;Convivencia
1580;3D1311C08C203148;Entre todos: ¡Transformamos la convivencia!  ¡Con-Vivamos a lo bien!, Transformando-NOS, Distrito Convivencia;Convivencia
1581;04A09D0EEBDB95E7;Entre todos: ¡Transformamos la convivencia!  ¡Con-Vivamos a lo bien!, Transformando-NOS, Distrito Convivencia;Convivencia
1582;DF98BBC68F7A861D;Entre todos: ¡Transformamos la convivencia!  ¡Con-Vivamos a lo bien!, Transformando-NOS, Distrito Convivencia;Convivencia
1583;C4CD2649A844A864;Entre todos: ¡Transformamos la convivencia!  ¡Con-Vivamos a lo bien!, Transformando-NOS, Distrito Convivencia;Convivencia
1584;F078E8ECE9FBC8FB;Entre todos: ¡Transformamos la convivencia!  ¡Con-Vivamos a lo bien!, Transformando-NOS, Distrito Convivencia;Convivencia
1585;45E348729202C4FA;Entre todos: ¡Transformamos la convivencia!  ¡Con-Vivamos a lo bien!, Transformando-NOS, Distrito Convivencia;Convivencia
1586;901BBDE964000573;Entre todos: ¡Transformamos la convivencia!  ¡Con-Vivamos a lo bien!, Transformando-NOS, Distrito Convivencia;Convivencia
1587;950B54511C94841E;Entre todos: ¡Transformamos la convivencia!  ¡Con-Vivamos a lo bien!, Transformando-NOS, Distrito Convivencia;Convivencia
1588;A7F5890558D3CA1F;Entre todos: ¡Transformamos la convivencia!  ¡Con-Vivamos a lo bien!, Transformando-NOS, Distrito Convivencia;Convivencia
1589;DC01B90AFFA782C2;Entre todos: ¡Transformamos la convivencia!  ¡Con-Vivamos a lo bien!, Transformando-NOS, Distrito Convivencia;Convivencia
1590;7E3C266C8622978A;Entre todos: ¡Transformamos la convivencia!  ¡Con-Vivamos a lo bien!, Transformando-NOS, Distrito Convivencia;Convivencia
1591;9E443F2F1893842D;Entre todos: ¡Transformamos la convivencia!  ¡Con-Vivamos a lo bien!, Transformando-NOS, Distrito Convivencia;Convivencia
1592;9D43D87BD349ADE0;Entre todos: ¡Transformamos la convivencia!  ¡Con-Vivamos a lo bien!, Transformando-NOS, Distrito Convivencia;Convivencia
1593;0BD4AC6DBE4C7B9C;N/A;Convivencia
1594;5D6E9FA105DD10DA;Entre todos: ¡Transformamos la convivencia!  ¡Con-Vivamos a lo bien!;Convivencia
1595;C30472EB93A220B5;Entre todos: ¡Transformamos la convivencia!  ¡Con-Vivamos a lo bien!;Convivencia
1596;F58A30BBFEC8FA85;Entre todos: ¡Transformamos la convivencia!  ¡Con-Vivamos a lo bien!;Convivencia
1597;7DBC6C89D1571E86;Entre todos: ¡Transformamos la convivencia!  ¡Con-Vivamos a lo bien!;Convivencia
1598;7E84BBEDC774080D;Entre todos: ¡Transformamos la convivencia!  ¡Con-Vivamos a lo bien!;Convivencia
1599;C6E9BB0059109483;Entre todos: ¡Transformamos la convivencia!  ¡Con-Vivamos a lo bien!, Comuniquemos Convivencia;Convivencia
1600;B03B87F083591755;N/A;Convivencia
1601;B7FE01BF292C9F14;Entre todos: ¡Transformamos la convivencia!  ¡Con-Vivamos a lo bien!;Convivencia
1602;4E500088027F3D1D;Entre todos: ¡Transformamos la convivencia!  ¡Con-Vivamos a lo bien!;Convivencia
1603;2EFFC3ED71F2AA97;Entre todos: ¡Transformamos la convivencia!  ¡Con-Vivamos a lo bien!;Convivencia
1604;0B0DD5C0869B9F79;Entre todos: ¡Transformamos la convivencia!  ¡Con-Vivamos a lo bien!;Convivencia
1605;E37DE2D35F406CD5;Entre todos: ¡Transformamos la convivencia!  ¡Con-Vivamos a lo bien!;Convivencia
1606;D3CF2CA82B954F87;Entre todos: ¡Transformamos la convivencia!  ¡Con-Vivamos a lo bien!;Convivencia
1607;A3C682A3AED10D0F;Entre todos: ¡Transformamos la convivencia!  ¡Con-Vivamos a lo bien!;Convivencia
1608;048117C57201AE54;N/A;Convivencia
1609;D4266DDA2056E9EE;Entre todos: ¡Transformamos la convivencia!  ¡Con-Vivamos a lo bien!;Convivencia
1610;96E55DB662875963;Entre todos: ¡Transformamos la convivencia!  ¡Con-Vivamos a lo bien!, Comuniquemos Convivencia;Convivencia
1611;DCC136EAAF29F224;Entre todos: ¡Transformamos la convivencia!  ¡Con-Vivamos a lo bien!;Convivencia
1612;432680DEC059EE17;Entre todos: ¡Transformamos la convivencia!  ¡Con-Vivamos a lo bien!;Convivencia
1613;0F8D313A756C636C;Entre todos: ¡Transformamos la convivencia!  ¡Con-Vivamos a lo bien!;Convivencia
1614;C44FCD93430BEA40;Entre todos: ¡Transformamos la convivencia!  ¡Con-Vivamos a lo bien!;Convivencia
1615;EA24D765D9C19C5D;Entre todos: ¡Transformamos la convivencia!  ¡Con-Vivamos a lo bien!;Convivencia
1616;44146971BAE5D68E;Eco-Sistema para la convivencia!;Convivencia
1617;1A27CD59AAF463FA;Entre todos: ¡Transformamos la convivencia!  ¡Con-Vivamos a lo bien!;Convivencia
1618;599EF0F8D77D3E6F;N/A;Convivencia
1619;266200A59F10949A;N/A;Convivencia
1620;C47AF43E8A07587F;Entre todos: ¡Transformamos la convivencia!  ¡Con-Vivamos a lo bien!;Convivencia
1621;B01543C942300E85;N/A;Convivencia
1622;BCD6DB1A74BF5D29;N/A;Convivencia
1623;B8A8315ABF6CA5BC;Entre todos: ¡Transformamos la convivencia!  ¡Con-Vivamos a lo bien!;Convivencia
1624;7D8CDB0064E183A3;Entre todos: ¡Transformamos la convivencia!  ¡Con-Vivamos a lo bien!;Convivencia
1625;3D18634B572BC978;Entre todos: ¡Transformamos la convivencia!  ¡Con-Vivamos a lo bien!;Convivencia
1626;9B3440FFD6041A97;Entre todos: ¡Transformamos la convivencia!  ¡Con-Vivamos a lo bien!, Comuniquemos Convivencia;Convivencia
1627;619FDFAD4E3BBFBF;Eco-Sistema para la convivencia!;Convivencia
1628;61E2FABE4C35EA93;N/A;Convivencia
1629;5876F5EF11A51896;Entre todos: ¡Transformamos la convivencia!  ¡Con-Vivamos a lo bien!, Comuniquemos Convivencia;Convivencia
1630;801D9BFDFFFBFCE9;Entre todos: ¡Transformamos la convivencia!  ¡Con-Vivamos a lo bien!;Convivencia
1631;498DC7F3D2AA6E34;Entre todos: ¡Transformamos la convivencia!  ¡Con-Vivamos a lo bien!, Eco-Sistema para la convivencia!, Comuniquemos Convivencia;Convivencia
1632;F632F053064377AC;Entre todos: ¡Transformamos la convivencia!  ¡Con-Vivamos a lo bien!, Eco-Sistema para la convivencia!;Convivencia
1633;E120878555DE163D;Entre todos: ¡Transformamos la convivencia!  ¡Con-Vivamos a lo bien!, Transformando-NOS;Convivencia
1634;13709C34589CC192;Entre todos: ¡Transformamos la convivencia!  ¡Con-Vivamos a lo bien!, Eco-Sistema para la convivencia!, Transformando-NOS, Comuniquemos Convivencia, Distrito Convivencia;Convivencia
1635;42DA585AFED3F8E6;Entre todos: ¡Transformamos la convivencia!  ¡Con-Vivamos a lo bien!, Comuniquemos Convivencia;Convivencia
1636;FAD6B1362B72FC18;Entre todos: ¡Transformamos la convivencia!  ¡Con-Vivamos a lo bien!, Comuniquemos Convivencia;Convivencia
1637;76B9960A6648140F;Entre todos: ¡Transformamos la convivencia!  ¡Con-Vivamos a lo bien!, Comuniquemos Convivencia;Convivencia
1638;C55F296426E28AE1;Entre todos: ¡Transformamos la convivencia!  ¡Con-Vivamos a lo bien!, Comuniquemos Convivencia;Convivencia
1639;C01321BA6D0D65AB;Entre todos: ¡Transformamos la convivencia!  ¡Con-Vivamos a lo bien!, Comuniquemos Convivencia, Distrito Convivencia;Convivencia
1640;10BB61EE52859F1C;Entre todos: ¡Transformamos la convivencia!  ¡Con-Vivamos a lo bien!, Comuniquemos Convivencia;Convivencia
1641;9633EE1C368A27C0;N/A;Convivencia
1642;2E424408AD9B7BD0;Entre todos: ¡Transformamos la convivencia!  ¡Con-Vivamos a lo bien!, Comuniquemos Convivencia;Convivencia
1643;637DC25F5AC84CFB;Entre todos: ¡Transformamos la convivencia!  ¡Con-Vivamos a lo bien!, Comuniquemos Convivencia;Convivencia
1644;F82681F2F7171D6D;Entre todos: ¡Transformamos la convivencia!  ¡Con-Vivamos a lo bien!, Comuniquemos Convivencia;Convivencia
1645;412DF24A7BB03618;N/A;Convivencia
1646;7A6B1A2129DD5F9C;Entre todos: ¡Transformamos la convivencia!  ¡Con-Vivamos a lo bien!, Comuniquemos Convivencia;Convivencia
1647;7134A1F458C6A3C0;Entre todos: ¡Transformamos la convivencia!  ¡Con-Vivamos a lo bien!;Convivencia
1648;A886E011066D1769;Entre todos: ¡Transformamos la convivencia!  ¡Con-Vivamos a lo bien!;Convivencia
1649;A25059D1A2796BBD;Entre todos: ¡Transformamos la convivencia!  ¡Con-Vivamos a lo bien!, Eco-Sistema para la convivencia!, Comuniquemos Convivencia;Convivencia
1650;580BC84DC608D91A;Entre todos: ¡Transformamos la convivencia!  ¡Con-Vivamos a lo bien!;Convivencia
1651;40D7FE1DB9FCD567;Entre todos: ¡Transformamos la convivencia!  ¡Con-Vivamos a lo bien!;Convivencia
1652;FDA01687C084C741;Comuniquemos Convivencia;Convivencia
1653;01FF9A8C3919F8B1;Entre todos: ¡Transformamos la convivencia!  ¡Con-Vivamos a lo bien!, Comuniquemos Convivencia;Convivencia
1654;A8B7CDE19D5E0CD1;Entre todos: ¡Transformamos la convivencia!  ¡Con-Vivamos a lo bien!, Comuniquemos Convivencia;Convivencia
1655;B1C08135CF176A2D;Entre todos: ¡Transformamos la convivencia!  ¡Con-Vivamos a lo bien!;Convivencia
1656;B43E4BF1191FB70A;Transformando-NOS;Convivencia
1657;FF31837D9340DCF2;Entre todos: ¡Transformamos la convivencia!  ¡Con-Vivamos a lo bien!;Convivencia
1658;67DEA311C9CE8E32;Entre todos: ¡Transformamos la convivencia!  ¡Con-Vivamos a lo bien!, Eco-Sistema para la convivencia!;Convivencia
1659;127A911C45C0DC0E;Entre todos: ¡Transformamos la convivencia!  ¡Con-Vivamos a lo bien!;Convivencia
1660;79FAFF8944C1881C;Distrito Convivencia;Convivencia
1661;A4BC0E8E7D8A3CF5;N/A;Convivencia
1662;2234FB10E994E14B;Entre todos: ¡Transformamos la convivencia!  ¡Con-Vivamos a lo bien!;Convivencia
1663;E7C6C05F97751DC1;Entre todos: ¡Transformamos la convivencia!  ¡Con-Vivamos a lo bien!, Eco-Sistema para la convivencia!, Transformando-NOS, Comuniquemos Convivencia;Convivencia
1664;AF9326217CB61F97;Entre todos: ¡Transformamos la convivencia!  ¡Con-Vivamos a lo bien!, Comuniquemos Convivencia;Convivencia
1665;40990FEE375D2880;Distrito Convivencia;Convivencia
1666;E19457A636292346;Entre todos: ¡Transformamos la convivencia!  ¡Con-Vivamos a lo bien!, Distrito Convivencia;Convivencia
1667;1207FE4BC8081900;Entre todos: ¡Transformamos la convivencia!  ¡Con-Vivamos a lo bien!, Distrito Convivencia;Convivencia
1668;71432D2AF00B5536;Entre todos: ¡Transformamos la convivencia!  ¡Con-Vivamos a lo bien!;Convivencia
1669;0CA06B725092112D;Entre todos: ¡Transformamos la convivencia!  ¡Con-Vivamos a lo bien!, Eco-Sistema para la convivencia!, Transformando-NOS;Convivencia
1670;361FF6256D09A9FB;Entre todos: ¡Transformamos la convivencia!  ¡Con-Vivamos a lo bien!;Convivencia
1671;00266C3F21F1C789;Entre todos: ¡Transformamos la convivencia!  ¡Con-Vivamos a lo bien!, Eco-Sistema para la convivencia!, Comuniquemos Convivencia, Distrito Convivencia;Convivencia
1672;60D57405556E4029;Entre todos: ¡Transformamos la convivencia!  ¡Con-Vivamos a lo bien!, Eco-Sistema para la convivencia!;Convivencia
1673;7D08F3E6A9C29AAF;Entre todos: ¡Transformamos la convivencia!  ¡Con-Vivamos a lo bien!;Convivencia
1674;C185047A41601E1A;Entre todos: ¡Transformamos la convivencia!  ¡Con-Vivamos a lo bien!;Convivencia
1675;E16DD345B5C0EBB4;Entre todos: ¡Transformamos la convivencia!  ¡Con-Vivamos a lo bien!, Transformando-NOS;Convivencia
1676;63FF38989B507477;Entre todos: ¡Transformamos la convivencia!  ¡Con-Vivamos a lo bien!, Comuniquemos Convivencia, Distrito Convivencia;Convivencia
1677;E79D660C99B266FB;N/A;Convivencia
1678;0AD3DB81F10C938A;Entre todos: ¡Transformamos la convivencia!  ¡Con-Vivamos a lo bien!;Convivencia
1679;2CE8ABFDA8E17BA4;Entre todos: ¡Transformamos la convivencia!  ¡Con-Vivamos a lo bien!, Eco-Sistema para la convivencia!, Transformando-NOS;Convivencia
1680;46894CDB12F37A84;Entre todos: ¡Transformamos la convivencia!  ¡Con-Vivamos a lo bien!;Convivencia
1681;0C20E7547D271734;Entre todos: ¡Transformamos la convivencia!  ¡Con-Vivamos a lo bien!;Convivencia
1682;08AF6D6731DFAD8C;N/A;Convivencia
1683;8FA27EE602B0691B;Entre todos: ¡Transformamos la convivencia!  ¡Con-Vivamos a lo bien!;Convivencia
1684;4247ECCBA5ABF5A4;N/A;Convivencia
1685;02087D7C4A0E0C17;Entre todos: ¡Transformamos la convivencia!  ¡Con-Vivamos a lo bien!;Convivencia
1686;39D5224A8787603A;N/A;Convivencia
1687;A08E6F702C781C0E;N/A;Convivencia
1688;CC69B2D35BB77B1C;Entre todos: ¡Transformamos la convivencia!  ¡Con-Vivamos a lo bien!;Convivencia
1689;66B08729615DC0E2;N/A;Convivencia
1690;1E0193243BDEBF7D;Entre todos: ¡Transformamos la convivencia!  ¡Con-Vivamos a lo bien!;Convivencia
1691;81075F520B5E5F98;Entre todos: ¡Transformamos la convivencia!  ¡Con-Vivamos a lo bien!, Eco-Sistema para la convivencia!;Convivencia
1692;D59C2509ABED4E90;Comuniquemos Convivencia;Convivencia
1693;01BBA43B0C8F93E5;Entre todos: ¡Transformamos la convivencia!;Convivencia
1694;17FFC1B4A93DD42B;Distrito Convivencia;Convivencia
1695;F1036E7BE53FC2BD;Entre todos: ¡Transformamos la convivencia!, ¡Con-Vivamos a lo bien!, Transformando-NOS;Convivencia
1696;85216A12C55D8700;Entre todos: ¡Transformamos la convivencia!;Convivencia
1697;2C31F0F6812498E7;¡Con-Vivamos a lo bien!, Eco-Sistema para la convivencia!;Convivencia
1698;FE131BEE67A10CF3;N/A;Convivencia
1699;CE4ECC939EAFC7D3;N/A;Convivencia
1700;6B0C1D8811925ED8;N/A;Convivencia
1701;0DEDB4F409DB5B8A;N/A;Convivencia
1702;42078E517334119E;N/A;Convivencia
1703;0ADA8374BAD125F7;N/A;Convivencia
1704;9BB80E45AA0AE45D;Entre todos: ¡Transformamos la convivencia!, Comuniquemos Convivencia;Convivencia
1705;21C0C1C3F95C5D1D;Entre todos: ¡Transformamos la convivencia!, Distrito Convivencia;Convivencia
1706;A0FABBAA21E27F5D;Entre todos: ¡Transformamos la convivencia!, ¡Con-Vivamos a lo bien!, Transformando-NOS;Convivencia
1707;8382811172688888;Entre todos: ¡Transformamos la convivencia!, ¡Con-Vivamos a lo bien!, Eco-Sistema para la convivencia!, Transformando-NOS, Comuniquemos Convivencia, Distrito Convivencia;Convivencia
1708;3466767DE5372C8B;Entre todos: ¡Transformamos la convivencia!, ¡Con-Vivamos a lo bien!, Eco-Sistema para la convivencia!, Transformando-NOS, Comuniquemos Convivencia, Distrito Convivencia;Convivencia
1709;61AD01605CB56C6E;Entre todos: ¡Transformamos la convivencia!, ¡Con-Vivamos a lo bien!, Eco-Sistema para la convivencia!, Transformando-NOS, Comuniquemos Convivencia;Convivencia
1710;85714E9D297C4475;Entre todos: ¡Transformamos la convivencia!, ¡Con-Vivamos a lo bien!, Eco-Sistema para la convivencia!, Transformando-NOS, Comuniquemos Convivencia, Distrito Convivencia;Convivencia
1711;CBDE39D6D2FB6340;N/A;Convivencia
1712;C4C8776D0A0D9108;N/A;Convivencia
1713;0C936FA4F0CF9EA8;Entre todos: ¡Transformamos la convivencia!, ¡Con-Vivamos a lo bien!, Eco-Sistema para la convivencia!, Transformando-NOS, Comuniquemos Convivencia;Convivencia
1714;5C46D2DAD04D3016;¡Con-Vivamos a lo bien!;Convivencia
1715;010E68AE5809B2C3;Entre todos: ¡Transformamos la convivencia!, ¡Con-Vivamos a lo bien!, Eco-Sistema para la convivencia!, Transformando-NOS;Convivencia
1716;C78339EE3E78668C;Entre todos: ¡Transformamos la convivencia!, ¡Con-Vivamos a lo bien!, Eco-Sistema para la convivencia!;Convivencia
1717;4954FBB0C3667322;N/A;Convivencia
1718;15A5766A8F9E475E;Entre todos: ¡Transformamos la convivencia!, ¡Con-Vivamos a lo bien!, Eco-Sistema para la convivencia!;Convivencia
1719;020A7C3924F4DD80;Entre todos: ¡Transformamos la convivencia!, ¡Con-Vivamos a lo bien!, Eco-Sistema para la convivencia!, Transformando-NOS;Convivencia
1720;666AC9F33081B9F8;Entre todos: ¡Transformamos la convivencia!, ¡Con-Vivamos a lo bien!, Eco-Sistema para la convivencia!, Transformando-NOS;Convivencia
1721;DA8BF266B7ADC0ED;Entre todos: ¡Transformamos la convivencia!, ¡Con-Vivamos a lo bien!, Eco-Sistema para la convivencia!, Transformando-NOS;Convivencia
1722;47C55D60DEC2B9B6;Entre todos: ¡Transformamos la convivencia!, ¡Con-Vivamos a lo bien!, Eco-Sistema para la convivencia!, Transformando-NOS;Convivencia
1723;8EC9C80AB14FA4ED;Entre todos: ¡Transformamos la convivencia!, ¡Con-Vivamos a lo bien!, Eco-Sistema para la convivencia!, Transformando-NOS;Convivencia
1724;0C95C374761F2617;Entre todos: ¡Transformamos la convivencia!, ¡Con-Vivamos a lo bien!, Eco-Sistema para la convivencia!, Transformando-NOS;Convivencia
1725;20031271BAF8059D;Entre todos: ¡Transformamos la convivencia!, Transformando-NOS, Comuniquemos Convivencia;Convivencia
1726;2E30C23A41E68DC2;Entre todos: ¡Transformamos la convivencia!;Convivencia
1727;05BF75EC5CDE8149;Entre todos: ¡Transformamos la convivencia!, ¡Con-Vivamos a lo bien!, Comuniquemos Convivencia;Convivencia
1728;9A780CA3D8C334AC;Entre todos: ¡Transformamos la convivencia!, ¡Con-Vivamos a lo bien!, Comuniquemos Convivencia;Convivencia
1729;DA6EDF3E583C6954;Entre todos: ¡Transformamos la convivencia!, ¡Con-Vivamos a lo bien!, Comuniquemos Convivencia;Convivencia
1730;21160028A35CF1AC;Transformando-NOS;Convivencia
1731;C6C3B916D10B5171;Transformando-NOS;Convivencia
1732;67D38521335E5DC4;Entre todos: ¡Transformamos la convivencia!, Comuniquemos Convivencia;Convivencia
1733;1E90CD1BF33BCB90;Comuniquemos Convivencia, Distrito Convivencia;Convivencia
1734;605986DF92C17D2D;Entre todos: ¡Transformamos la convivencia!, ¡Con-Vivamos a lo bien!, Eco-Sistema para la convivencia!, Transformando-NOS;Convivencia
1735;10B8F65EF5185C60;Entre todos: ¡Transformamos la convivencia!;Convivencia
1736;CE0C0177129EAE2D;Entre todos: ¡Transformamos la convivencia!, Comuniquemos Convivencia;Convivencia
1737;9AFDFD7C742525C4;Entre todos: ¡Transformamos la convivencia!, ¡Con-Vivamos a lo bien!, Eco-Sistema para la convivencia!, Transformando-NOS;Convivencia
1738;E61DFF02675D1F5B;Entre todos: ¡Transformamos la convivencia!, ¡Con-Vivamos a lo bien!, Eco-Sistema para la convivencia!, Transformando-NOS;Convivencia
1739;530B114FAB3CC903;Entre todos: ¡Transformamos la convivencia!, Eco-Sistema para la convivencia!, Transformando-NOS;Convivencia
1740;1E753BF9C7D7D0AE;Entre todos: ¡Transformamos la convivencia!, ¡Con-Vivamos a lo bien!, Eco-Sistema para la convivencia!, Transformando-NOS, Comuniquemos Convivencia, Distrito Convivencia;Convivencia
1741;66078F91BD2FB0A2;N/A;Convivencia
1742;F04C9B55E615F232;N/A;Convivencia
1743;9440150B1BFA1AB8;Entre todos: ¡Transformamos la convivencia!, Comuniquemos Convivencia;Convivencia
1744;5C63626C82FDAA3F;N/A;Convivencia
1745;537651F47446EB69;Entre todos: ¡Transformamos la convivencia!;Convivencia
1746;5A60143E7A94D761;Entre todos: ¡Transformamos la convivencia!, ¡Con-Vivamos a lo bien!, Transformando-NOS, Comuniquemos Convivencia, Distrito Convivencia;Convivencia
1747;03EF7B6D0A9EE130;N/A;Convivencia
1748;D5A863739F342CE8;Entre todos: ¡Transformamos la convivencia!, ¡Con-Vivamos a lo bien!, Transformando-NOS, Comuniquemos Convivencia, Distrito Convivencia;Convivencia
1749;D8538D95D20C5095;Entre todos: ¡Transformamos la convivencia!, ¡Con-Vivamos a lo bien!, Transformando-NOS, Comuniquemos Convivencia, Distrito Convivencia;Convivencia
1750;9981806D446495E4;N/A;Convivencia
1751;E2BDD3B8498DFA84;Entre todos: ¡Transformamos la convivencia!, ¡Con-Vivamos a lo bien!, Transformando-NOS, Comuniquemos Convivencia, Distrito Convivencia;Convivencia
1752;1B75B1DE33044110;Entre todos: ¡Transformamos la convivencia!;Convivencia
1753;CEF00FDAFDFDE5C2;N/A;Convivencia
1754;3C41398977909072;Entre todos: ¡Transformamos la convivencia!, ¡Con-Vivamos a lo bien!;Convivencia
1755;0CFDAA935D6C3F76;Entre todos: ¡Transformamos la convivencia!, ¡Con-Vivamos a lo bien!, Transformando-NOS, Comuniquemos Convivencia, Distrito Convivencia;Convivencia
1756;2796EA5D10E862E2;Entre todos: ¡Transformamos la convivencia!, ¡Con-Vivamos a lo bien!, Transformando-NOS, Comuniquemos Convivencia, Distrito Convivencia;Convivencia
1757;3191FAEB85723EC4;N/A;Convivencia
1758;9F08942AE4C2CDAA;Entre todos: ¡Transformamos la convivencia!, ¡Con-Vivamos a lo bien!;Convivencia
1759;334F4727E2D75727;Entre todos: ¡Transformamos la convivencia!, ¡Con-Vivamos a lo bien!, Eco-Sistema para la convivencia!;Convivencia
1760;8240573E6AE8AEE1;Entre todos: ¡Transformamos la convivencia!, ¡Con-Vivamos a lo bien!, Transformando-NOS, Comuniquemos Convivencia, Distrito Convivencia;Convivencia
1761;12583819652D62F4;Entre todos: ¡Transformamos la convivencia!, Comuniquemos Convivencia, Distrito Convivencia;Convivencia
1762;BE367520714ED28A;Entre todos: ¡Transformamos la convivencia!, ¡Con-Vivamos a lo bien!, Eco-Sistema para la convivencia!;Convivencia
1763;BA69CC12677E4120;Entre todos: ¡Transformamos la convivencia!, ¡Con-Vivamos a lo bien!, Comuniquemos Convivencia;Convivencia
1764;C84A573C690D5398;Entre todos: ¡Transformamos la convivencia!, ¡Con-Vivamos a lo bien!, Comuniquemos Convivencia;Convivencia
1765;1969E29DADDB5D98;Entre todos: ¡Transformamos la convivencia!, ¡Con-Vivamos a lo bien!, Comuniquemos Convivencia;Convivencia
1766;2A19F2021D42A28C;Entre todos: ¡Transformamos la convivencia!, ¡Con-Vivamos a lo bien!, Comuniquemos Convivencia;Convivencia
1767;C4BB815F916815AC;Entre todos: ¡Transformamos la convivencia!, ¡Con-Vivamos a lo bien!;Convivencia
1768;31B0950079A717C0;Entre todos: ¡Transformamos la convivencia!, Comuniquemos Convivencia;Convivencia
1769;68FA51C1B90CB32C;Entre todos: ¡Transformamos la convivencia!;Convivencia
1770;F6572F6397DB086B;Entre todos: ¡Transformamos la convivencia!;Convivencia
1771;BE7374587449378B;N/A;Convivencia
1772;906B93B902FE44FD;¡Con-Vivamos a lo bien!, Distrito Convivencia;Convivencia
1773;4885F680DBA77C36;Entre todos: ¡Transformamos la convivencia!, ¡Con-Vivamos a lo bien!, Eco-Sistema para la convivencia!, Transformando-NOS;Convivencia
1774;830DD8D26C48C53E;Entre todos: ¡Transformamos la convivencia!, ¡Con-Vivamos a lo bien!, Eco-Sistema para la convivencia!, Transformando-NOS;Convivencia
1775;73237A90819EB63E;Entre todos: ¡Transformamos la convivencia!, ¡Con-Vivamos a lo bien!, Eco-Sistema para la convivencia!, Transformando-NOS;Convivencia
1776;C057AD4DE9618967;Entre todos: ¡Transformamos la convivencia!, ¡Con-Vivamos a lo bien!, Eco-Sistema para la convivencia!, Transformando-NOS, Comuniquemos Convivencia;Convivencia
1777;62B4B9A2064C76B8;Entre todos: ¡Transformamos la convivencia!, ¡Con-Vivamos a lo bien!, Eco-Sistema para la convivencia!, Transformando-NOS;Convivencia
1778;3B78F9C7E511F301;N/A;Convivencia
1779;7CF0036B983D0C9A;Entre todos: ¡Transformamos la convivencia!, ¡Con-Vivamos a lo bien!, Eco-Sistema para la convivencia!, Transformando-NOS;Convivencia
1780;3273E3EBAB7BF62E;Entre todos: ¡Transformamos la convivencia!, ¡Con-Vivamos a lo bien!, Eco-Sistema para la convivencia!, Transformando-NOS;Convivencia
1781;D3D0BBDE9BC7A941;Entre todos: ¡Transformamos la convivencia!, ¡Con-Vivamos a lo bien!, Eco-Sistema para la convivencia!, Transformando-NOS;Convivencia
1782;B1916DE8185672CE;Entre todos: ¡Transformamos la convivencia!, ¡Con-Vivamos a lo bien!, Eco-Sistema para la convivencia!, Transformando-NOS;Convivencia
1783;F455B17A2A0BFD38;¡Con-Vivamos a lo bien!, Distrito Convivencia;Convivencia
1784;2AEF32CBA1A5FAEC;Entre todos: ¡Transformamos la convivencia!, ¡Con-Vivamos a lo bien!, Eco-Sistema para la convivencia!, Transformando-NOS;Convivencia
1785;B9E9DD27EFFD923F;Comuniquemos Convivencia, Distrito Convivencia;Convivencia
1786;ECDCBD2F8D72589F;N/A;Convivencia
1787;7FD58F696A58D109;N/A;Convivencia
1788;8748F1F486BDEF9B;Entre todos: ¡Transformamos la convivencia!;Convivencia
1789;0541C0C70B63B80C;Entre todos: ¡Transformamos la convivencia!, ¡Con-Vivamos a lo bien!, Transformando-NOS, Distrito Convivencia;Convivencia
1790;DBD7117595968DE1;Entre todos: ¡Transformamos la convivencia!, ¡Con-Vivamos a lo bien!, Eco-Sistema para la convivencia!, Comuniquemos Convivencia, Distrito Convivencia;Convivencia
1791;0A19969DCC89E06D;Entre todos: ¡Transformamos la convivencia!, ¡Con-Vivamos a lo bien!, Transformando-NOS, Comuniquemos Convivencia, Distrito Convivencia;Convivencia
1792;B0684DFF540B78D6;Entre todos: ¡Transformamos la convivencia!, ¡Con-Vivamos a lo bien!, Comuniquemos Convivencia;Convivencia
1793;A10621CFBA9FD2C4;¡Con-Vivamos a lo bien!, Comuniquemos Convivencia;Convivencia
1794;85CDF5567F8A75DB;¡Con-Vivamos a lo bien!, Eco-Sistema para la convivencia!;Convivencia
1795;CD132E25FA9C94F6;Entre todos: ¡Transformamos la convivencia!;Convivencia
1796;E2FA18459138BE73;Entre todos: ¡Transformamos la convivencia!, Comuniquemos Convivencia;Convivencia
1797;1179A3DF6CC80BF0;Entre todos: ¡Transformamos la convivencia!, ¡Con-Vivamos a lo bien!;Convivencia
1798;7B4E25CA4AC52C46;Entre todos: ¡Transformamos la convivencia!, Eco-Sistema para la convivencia!, Distrito Convivencia;Convivencia
1799;4D6C90EEB59F0976;¡Con-Vivamos a lo bien!;Convivencia
1800;294FC617194614C0;Entre todos: ¡Transformamos la convivencia!, Comuniquemos Convivencia;Convivencia
1801;4ACE7CFD66656472;¡Con-Vivamos a lo bien!, Comuniquemos Convivencia;Convivencia
1802;9DBDBC9FB589702C;Entre todos: ¡Transformamos la convivencia!, ¡Con-Vivamos a lo bien!, Eco-Sistema para la convivencia!;Convivencia
1803;FC10F362ACC93876;Entre todos: ¡Transformamos la convivencia!, ¡Con-Vivamos a lo bien!, Comuniquemos Convivencia;Convivencia
1804;5593946F300BC485;Entre todos: ¡Transformamos la convivencia!, ¡Con-Vivamos a lo bien!, Eco-Sistema para la convivencia!;Convivencia
1805;1311B2B68472146F;Entre todos: ¡Transformamos la convivencia!, ¡Con-Vivamos a lo bien!, Transformando-NOS, Comuniquemos Convivencia, Distrito Convivencia;Convivencia
1806;BF9BE3EACFF999EF;Entre todos: ¡Transformamos la convivencia!, ¡Con-Vivamos a lo bien!, Transformando-NOS, Comuniquemos Convivencia, Distrito Convivencia;Convivencia
1807;8F178710001C5CE1;Entre todos: ¡Transformamos la convivencia!, ¡Con-Vivamos a lo bien!, Transformando-NOS, Comuniquemos Convivencia, Distrito Convivencia;Convivencia
1808;8B123BD63CE58112;Entre todos: ¡Transformamos la convivencia!, ¡Con-Vivamos a lo bien!, Transformando-NOS, Comuniquemos Convivencia, Distrito Convivencia;Convivencia
1809;4D561A12C168DB3D;Entre todos: ¡Transformamos la convivencia!, ¡Con-Vivamos a lo bien!, Transformando-NOS, Comuniquemos Convivencia, Distrito Convivencia;Convivencia
1810;83A1D6DF465D7BEA;Entre todos: ¡Transformamos la convivencia!, ¡Con-Vivamos a lo bien!, Transformando-NOS, Comuniquemos Convivencia, Distrito Convivencia;Convivencia
1811;54C27B3025837B12;Entre todos: ¡Transformamos la convivencia!, ¡Con-Vivamos a lo bien!, Transformando-NOS, Comuniquemos Convivencia, Distrito Convivencia;Convivencia
1812;F6A736E865DE8097;Entre todos: ¡Transformamos la convivencia!, ¡Con-Vivamos a lo bien!, Transformando-NOS, Comuniquemos Convivencia, Distrito Convivencia;Convivencia
1813;2E06F2A818E30809;Entre todos: ¡Transformamos la convivencia!, ¡Con-Vivamos a lo bien!, Transformando-NOS, Comuniquemos Convivencia, Distrito Convivencia;Convivencia
1814;4CA3320AB60347EE;Entre todos: ¡Transformamos la convivencia!, ¡Con-Vivamos a lo bien!, Transformando-NOS, Comuniquemos Convivencia, Distrito Convivencia;Convivencia
1815;018CA86F6D0BDF19;N/A;Convivencia
1816;B0CC415A6B2B4CEC;Entre todos: ¡Transformamos la convivencia!;Convivencia
1817;1BB54CEF870432CC;Entre todos: ¡Transformamos la convivencia!, ¡Con-Vivamos a lo bien!, Transformando-NOS, Comuniquemos Convivencia, Distrito Convivencia;Convivencia
1818;25ED3E31F9686FC7;Entre todos: ¡Transformamos la convivencia!, ¡Con-Vivamos a lo bien!, Transformando-NOS, Comuniquemos Convivencia, Distrito Convivencia;Convivencia
1819;D40010A7B59B4892;Entre todos: ¡Transformamos la convivencia!, ¡Con-Vivamos a lo bien!, Transformando-NOS, Comuniquemos Convivencia, Distrito Convivencia;Convivencia
1820;480D9DC2691E2355;Entre todos: ¡Transformamos la convivencia!, ¡Con-Vivamos a lo bien!, Transformando-NOS, Comuniquemos Convivencia, Distrito Convivencia;Convivencia
1821;8BC7FF3975725717;Entre todos: ¡Transformamos la convivencia!, ¡Con-Vivamos a lo bien!, Transformando-NOS, Comuniquemos Convivencia, Distrito Convivencia;Convivencia
1822;348BA8426F0FED18;Entre todos: ¡Transformamos la convivencia!, ¡Con-Vivamos a lo bien!, Transformando-NOS, Comuniquemos Convivencia, Distrito Convivencia;Convivencia
1823;3350D66F47161FAB;N/A;Convivencia
1824;8017C733BD460927;Entre todos: ¡Transformamos la convivencia!, ¡Con-Vivamos a lo bien!, Transformando-NOS, Comuniquemos Convivencia, Distrito Convivencia;Convivencia
1825;95CC951BB3553C17;Entre todos: ¡Transformamos la convivencia!, ¡Con-Vivamos a lo bien!, Transformando-NOS, Comuniquemos Convivencia, Distrito Convivencia;Convivencia
1826;0A83EB2E68A993B6;Entre todos: ¡Transformamos la convivencia!, ¡Con-Vivamos a lo bien!, Transformando-NOS, Comuniquemos Convivencia, Distrito Convivencia;Convivencia
1827;34A61FAF304FF8D9;Entre todos: ¡Transformamos la convivencia!, ¡Con-Vivamos a lo bien!, Transformando-NOS, Comuniquemos Convivencia, Distrito Convivencia;Convivencia
1828;75A98AF8E3CBD407;Entre todos: ¡Transformamos la convivencia!, ¡Con-Vivamos a lo bien!, Transformando-NOS, Comuniquemos Convivencia, Distrito Convivencia;Convivencia
1829;CF826CA9C98E9343;Entre todos: ¡Transformamos la convivencia!, ¡Con-Vivamos a lo bien!, Transformando-NOS, Comuniquemos Convivencia, Distrito Convivencia;Convivencia
1830;BF05A6EC8065FE85;Entre todos: ¡Transformamos la convivencia!, ¡Con-Vivamos a lo bien!, Transformando-NOS, Comuniquemos Convivencia, Distrito Convivencia;Convivencia
1831;AA11A59EE347CE03;N/A;Convivencia
1832;F84460C2FDB49A23;N/A;Convivencia
1833;77F674140D352A4D;Entre todos: ¡Transformamos la convivencia!, ¡Con-Vivamos a lo bien!, Transformando-NOS, Comuniquemos Convivencia, Distrito Convivencia;Convivencia
1834;93989B1D1A737CFC;Entre todos: ¡Transformamos la convivencia!, ¡Con-Vivamos a lo bien!, Transformando-NOS, Comuniquemos Convivencia, Distrito Convivencia;Convivencia
1835;D0930DE0D0BF985D;Entre todos: ¡Transformamos la convivencia!, ¡Con-Vivamos a lo bien!, Transformando-NOS, Comuniquemos Convivencia, Distrito Convivencia;Convivencia
1836;351A1396FBC03790;Entre todos: ¡Transformamos la convivencia!, ¡Con-Vivamos a lo bien!, Transformando-NOS, Comuniquemos Convivencia, Distrito Convivencia;Convivencia
1837;FF61CBABA81997DB;Entre todos: ¡Transformamos la convivencia!, ¡Con-Vivamos a lo bien!, Transformando-NOS, Comuniquemos Convivencia, Distrito Convivencia;Convivencia
1838;F65B48DFF4F92FBB;Entre todos: ¡Transformamos la convivencia!, ¡Con-Vivamos a lo bien!, Transformando-NOS, Comuniquemos Convivencia, Distrito Convivencia;Convivencia
1839;508F8F1113821DEE;Entre todos: ¡Transformamos la convivencia!;Convivencia
1840;B3BF796F9F3FC4AB;Entre todos: ¡Transformamos la convivencia!, ¡Con-Vivamos a lo bien!, Transformando-NOS, Comuniquemos Convivencia, Distrito Convivencia;Convivencia
1841;E57E879CC2D22CAF;Entre todos: ¡Transformamos la convivencia!, ¡Con-Vivamos a lo bien!, Transformando-NOS, Comuniquemos Convivencia, Distrito Convivencia;Convivencia
1842;51FAAB8B1F2F3272;Entre todos: ¡Transformamos la convivencia!, ¡Con-Vivamos a lo bien!, Transformando-NOS, Comuniquemos Convivencia;Convivencia
1843;3E2D8B0CE991E526;Entre todos: ¡Transformamos la convivencia!, ¡Con-Vivamos a lo bien!, Transformando-NOS, Comuniquemos Convivencia, Distrito Convivencia;Convivencia
1844;05FC380A3D480E84;Entre todos: ¡Transformamos la convivencia!, ¡Con-Vivamos a lo bien!, Transformando-NOS, Comuniquemos Convivencia, Distrito Convivencia;Convivencia
1845;8CC8E64714C70315;Entre todos: ¡Transformamos la convivencia!, ¡Con-Vivamos a lo bien!;Convivencia
1846;596C055F573B29BC;Entre todos: ¡Transformamos la convivencia!;Convivencia
1847;44498EBE98DDC7E2;N/A;Convivencia
1848;D9EA128B57F65EAC;N/A;Convivencia
1849;9F4E6B329C759F8E;Entre todos: ¡Transformamos la convivencia!, ¡Con-Vivamos a lo bien!, Eco-Sistema para la convivencia!;Convivencia
1850;E8416652FB14880F;Transformando-NOS;Convivencia
1851;5D2DAD0EE4489B57;Transformando-NOS;Convivencia
1852;6E6DAD5305CE485E;N/A;Convivencia
1853;5554D8C912DBBF90;N/A;Convivencia
1854;B7932396D8720249;Transformando-NOS;Convivencia
1855;4FA3837742211366;N/A;Convivencia
1856;AD89CD38FE0F7445;Transformando-NOS;Convivencia
1857;3CCE66FD14CEF742;Transformando-NOS, Comuniquemos Convivencia;Convivencia
1858;CFAD403115909407;N/A;Convivencia
1859;3159E8DF1FB66317;N/A;Convivencia
1860;1D85BB73A6DD9B9C;Entre todos: ¡Transformamos la convivencia!, ¡Con-Vivamos a lo bien!, Comuniquemos Convivencia, Distrito Convivencia;Convivencia
1861;88F0B884A76D8ADB;Entre todos: ¡Transformamos la convivencia!, Transformando-NOS, Comuniquemos Convivencia;Convivencia
1862;82764F402A3236A3;Entre todos: ¡Transformamos la convivencia!, Comuniquemos Convivencia, Distrito Convivencia;Convivencia
1863;BCA941F31B6B5057;Entre todos: ¡Transformamos la convivencia!, Transformando-NOS, Comuniquemos Convivencia, Distrito Convivencia;Convivencia
1864;58E9409333A93CF6;Entre todos: ¡Transformamos la convivencia!, Transformando-NOS, Comuniquemos Convivencia;Convivencia
1865;F57D0D8C44FF348C;Entre todos: ¡Transformamos la convivencia!, ¡Con-Vivamos a lo bien!, Transformando-NOS, Comuniquemos Convivencia;Convivencia
1866;93E081B43E959C2C;Entre todos: ¡Transformamos la convivencia!;Convivencia
1867;5510FA73E320E0EC;Entre todos: ¡Transformamos la convivencia!;Convivencia
1868;58991651EA80D880;N/A;Convivencia
1869;5562DFDFCF9050EE;N/A;Convivencia
1870;A9FF3CEC68B0936D;N/A;Convivencia
1871;9A70E6C1C26ACB77;N/A;Convivencia
1872;E79FF1A55FBE9B92;Entre todos: ¡Transformamos la convivencia!;Convivencia
1873;9B4903956643F7DF;Entre todos: ¡Transformamos la convivencia!, Eco-Sistema para la convivencia!;Convivencia
1874;AF9B73B7811C0290;Entre todos: ¡Transformamos la convivencia!, ¡Con-Vivamos a lo bien!, Comuniquemos Convivencia;Convivencia
1875;C05EE0731084BD52;Entre todos: ¡Transformamos la convivencia!, ¡Con-Vivamos a lo bien!, Comuniquemos Convivencia;Convivencia
1876;4BFFB3E56E11463A;N/A;Convivencia
1877;03297263F825D20F;Entre todos: ¡Transformamos la convivencia!, ¡Con-Vivamos a lo bien!, Comuniquemos Convivencia;Convivencia
1878;FBE1FEAC6321BE4B;Entre todos: ¡Transformamos la convivencia!, ¡Con-Vivamos a lo bien!, Eco-Sistema para la convivencia!, Comuniquemos Convivencia, Distrito Convivencia;Convivencia
1879;9957F6E92A0F9DC9;Entre todos: ¡Transformamos la convivencia!, ¡Con-Vivamos a lo bien!, Comuniquemos Convivencia;Convivencia
1880;9EB02BE5EF2A9638;Eco-Sistema para la convivencia!;Convivencia
1881;5D2424C3533B7879;Entre todos: ¡Transformamos la convivencia!, ¡Con-Vivamos a lo bien!;Convivencia
1882;3E46A0AC4F8A6E27;Entre todos: ¡Transformamos la convivencia!, ¡Con-Vivamos a lo bien!, Transformando-NOS, Comuniquemos Convivencia;Convivencia
1883;5F6A0A60B4EF74D2;Entre todos: ¡Transformamos la convivencia!, ¡Con-Vivamos a lo bien!, Transformando-NOS, Comuniquemos Convivencia, Distrito Convivencia;Convivencia
1884;950E637A42398BB2;Entre todos: ¡Transformamos la convivencia!, ¡Con-Vivamos a lo bien!, Transformando-NOS, Comuniquemos Convivencia, Distrito Convivencia;Convivencia
1885;3363BF1E62A13500;Entre todos: ¡Transformamos la convivencia!, Transformando-NOS, Comuniquemos Convivencia, Distrito Convivencia;Convivencia
1886;29DD5BAC46F964CD;Distrito Convivencia;Convivencia
1887;9B53C833722B0DE2;Entre todos: ¡Transformamos la convivencia!, ¡Con-Vivamos a lo bien!, Comuniquemos Convivencia, Distrito Convivencia;Convivencia
1888;08A888749AF70082;Entre todos: ¡Transformamos la convivencia!, ¡Con-Vivamos a lo bien!, Comuniquemos Convivencia;Convivencia
1889;671BC866932C24C6;Entre todos: ¡Transformamos la convivencia!, Comuniquemos Convivencia;Convivencia
1890;35A883687D458A22;Entre todos: ¡Transformamos la convivencia!, ¡Con-Vivamos a lo bien!, Comuniquemos Convivencia;Convivencia
1891;7E48A542F0BD1251;Entre todos: ¡Transformamos la convivencia!, Transformando-NOS, Comuniquemos Convivencia;Convivencia
1892;F9A675F9BF25F599;Entre todos: ¡Transformamos la convivencia!, ¡Con-Vivamos a lo bien!, Transformando-NOS, Comuniquemos Convivencia, Distrito Convivencia;Convivencia
1893;2F8F46856266BE40;Entre todos: ¡Transformamos la convivencia!, ¡Con-Vivamos a lo bien!, Transformando-NOS, Comuniquemos Convivencia, Distrito Convivencia;Convivencia
1894;BEB4C4EA52B179A4;Entre todos: ¡Transformamos la convivencia!, ¡Con-Vivamos a lo bien!, Comuniquemos Convivencia;Convivencia
1895;6D69A1AC82619740;Entre todos: ¡Transformamos la convivencia!, ¡Con-Vivamos a lo bien!, Comuniquemos Convivencia;Convivencia
1896;0C13AA03454CD02D;Entre todos: ¡Transformamos la convivencia!, Eco-Sistema para la convivencia!, Transformando-NOS, Comuniquemos Convivencia, Distrito Convivencia;Convivencia
1897;DE1806DFC224163B;N/A;Convivencia
1898;1138289CF215D35F;N/A;Convivencia
1899;1A86276305CD96A0;Entre todos: ¡Transformamos la convivencia!, ¡Con-Vivamos a lo bien!, Eco-Sistema para la convivencia!;Convivencia
1900;DACA3E8E0C6FFA35;N/A;Convivencia
1901;29A33BA97ABBBE92;N/A;Convivencia
1902;EEF7F420EE164861;N/A;Convivencia
1903;01BCA8B09FF6A411;N/A;Convivencia
1904;1E0EBAC75BA31056;Entre todos: ¡Transformamos la convivencia!, ¡Con-Vivamos a lo bien!, Transformando-NOS, Comuniquemos Convivencia, Distrito Convivencia;Convivencia
1905;F9D029B76D170532;Entre todos: ¡Transformamos la convivencia!, ¡Con-Vivamos a lo bien!, Comuniquemos Convivencia, Distrito Convivencia;Convivencia
1906;9EB584A45EB22F8D;Entre todos: ¡Transformamos la convivencia!, ¡Con-Vivamos a lo bien!, Transformando-NOS, Comuniquemos Convivencia, Distrito Convivencia;Convivencia
1907;A79F102871779DCA;Entre todos: ¡Transformamos la convivencia!, ¡Con-Vivamos a lo bien!, Transformando-NOS;Convivencia
1908;CED0B7A8260B3D93;Entre todos: ¡Transformamos la convivencia!, ¡Con-Vivamos a lo bien!, Transformando-NOS, Comuniquemos Convivencia;Convivencia
1909;BB033A8695813A94;Eco-Sistema para la convivencia!, Comuniquemos Convivencia;Convivencia
1910;77EB86AC16B7350F;Entre todos: ¡Transformamos la convivencia!, ¡Con-Vivamos a lo bien!, Transformando-NOS, Comuniquemos Convivencia;Convivencia
1911;F0E1C3D65AD68D77;Entre todos: ¡Transformamos la convivencia!, ¡Con-Vivamos a lo bien!, Transformando-NOS, Comuniquemos Convivencia, Distrito Convivencia;Convivencia
1912;BE4A37BD709C6A40;Entre todos: ¡Transformamos la convivencia!, ¡Con-Vivamos a lo bien!, Transformando-NOS, Comuniquemos Convivencia, Distrito Convivencia;Convivencia
1913;DD647392DF035C73;Entre todos: ¡Transformamos la convivencia!, ¡Con-Vivamos a lo bien!, Transformando-NOS, Comuniquemos Convivencia, Distrito Convivencia;Convivencia
1914;F283DC46AA01BC09;N/A;Convivencia
1915;161CAB41F26E8155;Transformando-NOS, Comuniquemos Convivencia;Convivencia
1916;C33762B9A88D743A;Eco-Sistema para la convivencia!;Convivencia
1917;C7D6BA6A37A60853;Entre todos: ¡Transformamos la convivencia!, ¡Con-Vivamos a lo bien!, Eco-Sistema para la convivencia!, Transformando-NOS, Comuniquemos Convivencia, Distrito Convivencia;Convivencia
1918;71CCBA4BF1C9EF49;Entre todos: ¡Transformamos la convivencia!, ¡Con-Vivamos a lo bien!, Transformando-NOS, Comuniquemos Convivencia;Convivencia
1919;744415D217760808;Entre todos: ¡Transformamos la convivencia!, ¡Con-Vivamos a lo bien!, Transformando-NOS, Comuniquemos Convivencia;Convivencia
1920;08FF0ED6B1B2F53F;Entre todos: ¡Transformamos la convivencia!, ¡Con-Vivamos a lo bien!, Transformando-NOS, Comuniquemos Convivencia, Distrito Convivencia;Convivencia
1921;ABE8FA5BFAAF31F9;Entre todos: ¡Transformamos la convivencia!, Transformando-NOS, Comuniquemos Convivencia, Distrito Convivencia;Convivencia
1922;2F77D62918A631F4;Entre todos: ¡Transformamos la convivencia!, ¡Con-Vivamos a lo bien!, Comuniquemos Convivencia, Distrito Convivencia;Convivencia
1923;C9EF7EC0344DEBEA;Entre todos: ¡Transformamos la convivencia!, Eco-Sistema para la convivencia!, Transformando-NOS, Comuniquemos Convivencia, Distrito Convivencia;Convivencia
1924;3E86E2DC4FB9C4E6;Entre todos: ¡Transformamos la convivencia!, ¡Con-Vivamos a lo bien!, Transformando-NOS, Comuniquemos Convivencia;Convivencia
1925;D3E7A7C693D3C0C5;N/A;Convivencia
1926;4CBE11934854DFA1;N/A;Convivencia
1927;E24C8E00A5460EE4;N/A;Convivencia
1928;0B913257784313B4;N/A;Convivencia
1929;326425E72CCF7FB9;¡Con-Vivamos a lo bien!, Eco-Sistema para la convivencia!;Convivencia
1930;58D2322AB771B841;Entre todos: ¡Transformamos la convivencia!;Convivencia
1931;B4C9B7EF0C0E2712;Entre todos: ¡Transformamos la convivencia!, Comuniquemos Convivencia;Convivencia
1932;099A0FC62509F8C9;Entre todos: ¡Transformamos la convivencia!, ¡Con-Vivamos a lo bien!, Comuniquemos Convivencia;Convivencia
1933;33CEC8F09764BC9C;Entre todos: ¡Transformamos la convivencia!, ¡Con-Vivamos a lo bien!, Transformando-NOS, Comuniquemos Convivencia;Convivencia
1934;BB846118C4FC2831;Entre todos: ¡Transformamos la convivencia!, ¡Con-Vivamos a lo bien!, Transformando-NOS, Comuniquemos Convivencia, Distrito Convivencia;Convivencia
1935;1CD47A29E7498832;Entre todos: ¡Transformamos la convivencia!, ¡Con-Vivamos a lo bien!, Transformando-NOS, Comuniquemos Convivencia, Distrito Convivencia;Convivencia
1936;5F7B098C6C948171;Entre todos: ¡Transformamos la convivencia!;Convivencia
1937;4F4DC2953D81488B;Entre todos: ¡Transformamos la convivencia!, ¡Con-Vivamos a lo bien!, Comuniquemos Convivencia;Convivencia
1938;32FBDEECE897C07A;Entre todos: ¡Transformamos la convivencia!;Convivencia
1939;E8EAF79CC019EF64;Entre todos: ¡Transformamos la convivencia!, Eco-Sistema para la convivencia!;Convivencia
1940;14AFAE5E8964F52A;Entre todos: ¡Transformamos la convivencia!, Eco-Sistema para la convivencia!;Convivencia
1941;046111A2321B7138;Entre todos: ¡Transformamos la convivencia!, ¡Con-Vivamos a lo bien!, Transformando-NOS, Comuniquemos Convivencia;Convivencia
1942;62640619096D06EF;Entre todos: ¡Transformamos la convivencia!, Eco-Sistema para la convivencia!;Convivencia
1943;E63B5F2CFF6F65C8;¡Con-Vivamos a lo bien!;Convivencia
1944;2F71946AC38156B8;N/A;Convivencia
1945;35BEA329A0165E73;Entre todos: ¡Transformamos la convivencia!, Comuniquemos Convivencia;Convivencia
1946;213280326DC79459;N/A;Convivencia
1947;3698975D026A4A29;Entre todos: ¡Transformamos la convivencia!;Convivencia
1948;9DC5C448C3861CDC;Entre todos: ¡Transformamos la convivencia!, Comuniquemos Convivencia;Convivencia
1949;7D5353C6D905D100;Transformando-NOS;Convivencia
1950;DAFE22DA1F720135;N/A;Convivencia
1951;1CCC15B78B21BAF0;N/A;Convivencia
1952;94741EE54812395C;Entre todos: ¡Transformamos la convivencia!, ¡Con-Vivamos a lo bien!, Transformando-NOS, Comuniquemos Convivencia, Distrito Convivencia;Convivencia
1953;00236CD1C7DA1A47;Entre todos: ¡Transformamos la convivencia!, ¡Con-Vivamos a lo bien!, Transformando-NOS, Comuniquemos Convivencia, Distrito Convivencia;Convivencia
1954;0D32088CC56A8E3B;¡Con-Vivamos a lo bien!;Convivencia
1955;E063CCB9EB4DE363;Entre todos: ¡Transformamos la convivencia!, ¡Con-Vivamos a lo bien!, Comuniquemos Convivencia;Convivencia
1956;43C094B1E0BDB978;Comuniquemos Convivencia;Convivencia
1957;D32169E4B60423DC;Entre todos: ¡Transformamos la convivencia!, Transformando-NOS, Comuniquemos Convivencia, Distrito Convivencia;Convivencia
1958;AB81949C71174837;N/A;Convivencia
1959;59DEA90F40C61363;Transformando-NOS;Convivencia
1960;7B4DB0C8ED7B670E;N/A;Convivencia
1961;6B241B034438E695;Entre todos: ¡Transformamos la convivencia!, Comuniquemos Convivencia, Distrito Convivencia;Convivencia
1962;269AA9847AB645A2;N/A;Convivencia
1963;8B9DAAC35EADA5DD;N/A;Convivencia
1964;250F28E398B9DB6D;N/A;Convivencia
1965;C416E0CAE35CE471;Distrito Convivencia;Convivencia
1966;838E22EAD6FCE8AA;N/A;Convivencia
1967;B2C5B558BCEF82FC;N/A;Convivencia
1968;964E82534EFFD10A;N/A;Convivencia
1969;ED520BCDD404C613;Comuniquemos Convivencia;Convivencia
1970;0E7A3020E3508DCE;Comuniquemos Convivencia;Convivencia
1971;61C2F14A5CE4C63D;Eco-Sistema para la convivencia!;Convivencia
1972;1EECD37752FB5D03;Entre todos: ¡Transformamos la convivencia!, ¡Con-Vivamos a lo bien!, Transformando-NOS, Comuniquemos Convivencia;Convivencia
1973;9D6B3780086F219D;Entre todos: ¡Transformamos la convivencia!, ¡Con-Vivamos a lo bien!, Transformando-NOS, Comuniquemos Convivencia;Convivencia
1974;DEB9266FDB29591C;Entre todos: ¡Transformamos la convivencia!, ¡Con-Vivamos a lo bien!, Transformando-NOS, Comuniquemos Convivencia, Distrito Convivencia;Convivencia
1975;4ACA88C5F9BEAD29;Entre todos: ¡Transformamos la convivencia!, ¡Con-Vivamos a lo bien!, Comuniquemos Convivencia;Convivencia
1976;D696C50570C9C814;Entre todos: ¡Transformamos la convivencia!, ¡Con-Vivamos a lo bien!, Eco-Sistema para la convivencia!;Convivencia
1977;5FEC0339DCD89977;N/A;Convivencia
1978;2213AA1262A6FD65;N/A;Convivencia
1979;115BC3AE2AF97B78;N/A;Convivencia
1980;3EF341EDD28DF682;N/A;Convivencia
1981;208E569F5FC9B855;Comuniquemos Convivencia;Convivencia
1982;0F7A50CC783FEE03;N/A;Convivencia
1983;441E35A57F84570A;Entre todos: ¡Transformamos la convivencia!;Convivencia
1984;F54BFF10C4B468DA;Entre todos: ¡Transformamos la convivencia!, Comuniquemos Convivencia;Convivencia
1985;36BB9CD89031F345;Entre todos: ¡Transformamos la convivencia!, ¡Con-Vivamos a lo bien!, Transformando-NOS, Comuniquemos Convivencia, Distrito Convivencia;Convivencia
1986;D9109D2DCFB3D366;Eco-Sistema para la convivencia!;Convivencia
1987;BE22186E1794074D;Entre todos: ¡Transformamos la convivencia!;Convivencia
1988;50887C30D6E8FDF1;Entre todos: ¡Transformamos la convivencia!, ¡Con-Vivamos a lo bien!, Eco-Sistema para la convivencia!, Transformando-NOS;Convivencia
1989;6521FDD88E6D714F;¡Con-Vivamos a lo bien!;Convivencia
1990;6419704FB825AB2F;N/A;Convivencia
1991;35A21D55B9FC21A6;N/A;Convivencia
1992;657C69F9B687B62B;N/A;Convivencia
1993;E7ABAA44FEDCBFED;N/A;Convivencia
1994;11BA2EA48D45C5A9;N/A;Convivencia
1995;6CB6DE5205AD9104;N/A;Convivencia
1996;610E248FE1ABED51;Entre todos: ¡Transformamos la convivencia!, Eco-Sistema para la convivencia!;Convivencia
1997;CCF39A4CD0B293CC;Comuniquemos Convivencia;Convivencia
1998;D980F9E66CF65E9E;Entre todos: ¡Transformamos la convivencia!, ¡Con-Vivamos a lo bien!, Eco-Sistema para la convivencia!, Transformando-NOS, Comuniquemos Convivencia;Convivencia
1999;FF9B0A10A3D9CB22;Entre todos: ¡Transformamos la convivencia!, ¡Con-Vivamos a lo bien!, Eco-Sistema para la convivencia!, Transformando-NOS, Comuniquemos Convivencia, Distrito Convivencia;Convivencia
2000;5F8A9224DE864610;Entre todos: ¡Transformamos la convivencia!, ¡Con-Vivamos a lo bien!, Eco-Sistema para la convivencia!, Transformando-NOS, Comuniquemos Convivencia, Distrito Convivencia;Convivencia
2001;0CC6B957C6B14D2A;Entre todos: ¡Transformamos la convivencia!, Transformando-NOS, Comuniquemos Convivencia;Convivencia
2002;4CDF5F8042734B7F;Entre todos: ¡Transformamos la convivencia!, ¡Con-Vivamos a lo bien!, Transformando-NOS, Comuniquemos Convivencia, Distrito Convivencia;Convivencia
2003;6A62FBDBD1B7E4C4;Entre todos: ¡Transformamos la convivencia!, Eco-Sistema para la convivencia!;Convivencia
2004;E4931A573278E4A9;Entre todos: ¡Transformamos la convivencia!;Convivencia
2005;7D3F4585E8BB6D63;Entre todos: ¡Transformamos la convivencia!;Convivencia
2006;79ECA2308436D9B7;N/A;Convivencia
2007;1A64F9050E8FF2DA;N/A;Convivencia
2008;3A2532C6CD07D8A6;N/A;Convivencia
2009;7960772602BCB415;N/A;Convivencia
2010;BBC9C9F889483BCA;N/A;Convivencia
2011;6C8A81A117E41959;N/A;Convivencia
2012;855E6714D0606CA7;Entre todos: ¡Transformamos la convivencia!;Convivencia
2013;00D768AB4535A3DC;Distrito Convivencia;Convivencia
2014;C0CB8D8C8DA85FC2;Distrito Convivencia;Convivencia
2015;9B6A7B927436CBE2;N/A;Convivencia
2016;65E627D7791B571D;N/A;Convivencia
2017;B73446ACA8D164F6;Eco-Sistema para la convivencia!, Comuniquemos Convivencia;Convivencia
2018;CE164EA262A5BE80;N/A;Convivencia
2019;5BB10E29CFBB4573;N/A;Convivencia
2020;F46CA1703D4CC88B;N/A;Convivencia
2021;46FBFB68DB5E434F;N/A;Convivencia
2022;74A348504AD3B99A;Entre todos: ¡Transformamos la convivencia!, ¡Con-Vivamos a lo bien!, Comuniquemos Convivencia;Convivencia
2023;D5E281861A08D628;Entre todos: ¡Transformamos la convivencia!;Convivencia
2024;E73E4AAF82CAE5A0;Comuniquemos Convivencia;Convivencia
2025;2BDAC7ABF4E23609;Entre todos: ¡Transformamos la convivencia!, ¡Con-Vivamos a lo bien!, Transformando-NOS, Comuniquemos Convivencia, Distrito Convivencia;Convivencia
2026;8FFFF49B020773A0;N/A;Convivencia
2027;93C046535F114269;N/A;Convivencia
2028;478196846140D915;N/A;Convivencia
2029;BB4726AB0604C125;N/A;Convivencia
2030;EBC5C7BD2E7C65C3;N/A;Convivencia
2031;0BAB042E9486C0D6;N/A;Convivencia
2032;2EC0EA113474D9D7;Entre todos: ¡Transformamos la convivencia!;Convivencia
2033;AC395C32BCFDAC0B;Entre todos: ¡Transformamos la convivencia!;Convivencia
2034;1CF8A7B840494F0E;Entre todos: ¡Transformamos la convivencia!, ¡Con-Vivamos a lo bien!, Eco-Sistema para la convivencia!;Convivencia
2035;8351A37BB8560A36;Comuniquemos Convivencia;Convivencia
2036;DA5323981125866F;Entre todos: ¡Transformamos la convivencia!, ¡Con-Vivamos a lo bien!, Comuniquemos Convivencia, Distrito Convivencia;Convivencia
2037;F95EFE3B7CFBF49C;Entre todos: ¡Transformamos la convivencia!, ¡Con-Vivamos a lo bien!, Transformando-NOS, Comuniquemos Convivencia;Convivencia
2038;5F9382D2AC031C72;Entre todos: ¡Transformamos la convivencia!, Transformando-NOS, Comuniquemos Convivencia;Convivencia
2039;46D509B6530403C9;N/A;Convivencia
2040;96F5A5DCFFCB2CA3;N/A;Convivencia
2041;80BEF4305B1AB1D5;N/A;Convivencia
2042;F497806A1CE28EBD;Entre todos: ¡Transformamos la convivencia!, Comuniquemos Convivencia;Convivencia
2043;315C12C85D101AF4;Entre todos: ¡Transformamos la convivencia!, ¡Con-Vivamos a lo bien!, Eco-Sistema para la convivencia!, Transformando-NOS;Convivencia
2044;BF62AD2CF66E4D63;N/A;Convivencia
2045;61AD2CD55E71C9DA;Entre todos: ¡Transformamos la convivencia!;Convivencia
2046;5DDB34891C555121;Entre todos: ¡Transformamos la convivencia!, ¡Con-Vivamos a lo bien!, Eco-Sistema para la convivencia!;Convivencia
2047;4875F89D0A1B80CB;N/A;Convivencia
2048;5BFF0E613EE4A411;N/A;Convivencia
2049;22FDAE65774B5119;N/A;Convivencia
2050;4AB4047008C93416;N/A;Convivencia
2051;2F1872A1859B7DBD;N/A;Convivencia
2052;D03B564CB0192841;N/A;Convivencia
2053;FDB2CC857011837D;N/A;Convivencia
2054;54AAB429DAA8BED2;Transformando-NOS;Convivencia
2055;D1A17A37A1F17A91;Entre todos: ¡Transformamos la convivencia!, Eco-Sistema para la convivencia!, Transformando-NOS, Comuniquemos Convivencia;Convivencia
2056;191974470071E956;Entre todos: ¡Transformamos la convivencia!, ¡Con-Vivamos a lo bien!;Convivencia
2057;4F890B11CC01AC21;N/A;Convivencia
2058;89B5F4C0814CC905;N/A;Convivencia
2059;A595AB665CA1416C;N/A;Convivencia
2060;998A0A405EC273D3;N/A;Convivencia
2061;86473E0852540632;N/A;Convivencia
2062;8860275E2D2FCEA4;N/A;Convivencia
2063;DB5274BA013FA983;N/A;Convivencia
2064;8992FB21DC033AE0;N/A;Convivencia
2065;A3C6E5CF99EFCB87;N/A;Convivencia
2066;707D5A1636FCDA47;N/A;Convivencia
2067;E91FBBE83A68D963;Entre todos: ¡Transformamos la convivencia!, Eco-Sistema para la convivencia!, Comuniquemos Convivencia;Convivencia
2068;E4110DBB63190D85;Entre todos: ¡Transformamos la convivencia!;Convivencia
2069;05F420F064E10785;Entre todos: ¡Transformamos la convivencia!, ¡Con-Vivamos a lo bien!, Eco-Sistema para la convivencia!;Convivencia
2070;35E3B588E7C75CF1;Transformando-NOS;Convivencia
2071;91E2FA0F8F0F1BCE;N/A;Convivencia
2072;16E2FB65DC254BFF;Entre todos: ¡Transformamos la convivencia!, ¡Con-Vivamos a lo bien!, Transformando-NOS, Comuniquemos Convivencia;Convivencia
2073;90C7F886BBD4BD27;N/A;Convivencia
2074;765FD6B96CBEDB46;N/A;Convivencia
2075;3E433509D0013D46;Entre todos: ¡Transformamos la convivencia!, ¡Con-Vivamos a lo bien!, Eco-Sistema para la convivencia!, Transformando-NOS, Comuniquemos Convivencia, Distrito Convivencia;Convivencia
2076;006D66A448A56086;Entre todos: ¡Transformamos la convivencia!, ¡Con-Vivamos a lo bien!, Eco-Sistema para la convivencia!, Transformando-NOS;Convivencia
2077;6D6B0B30DD542353;Entre todos: ¡Transformamos la convivencia!, ¡Con-Vivamos a lo bien!, Eco-Sistema para la convivencia!, Transformando-NOS;Convivencia
2078;9C636ED0AD3DEF51;N/A;Convivencia
2079;D53BF3507579E01D;N/A;Convivencia
2080;49172CDC3589D5AF;Entre todos: ¡Transformamos la convivencia!, ¡Con-Vivamos a lo bien!, Eco-Sistema para la convivencia!, Transformando-NOS, Comuniquemos Convivencia, Distrito Convivencia;Convivencia
2081;F56A6BAB00BB53F5;Entre todos: ¡Transformamos la convivencia!, ¡Con-Vivamos a lo bien!;Convivencia
2082;40930ADE2E313562;N/A;Convivencia
2083;561C7400EAD8C71B;Comuniquemos Convivencia, Distrito Convivencia;Convivencia
2084;BB15F88EB6F81C65;N/A;Convivencia
2085;DB6FA35AB264D542;N/A;Convivencia
2086;D2692D178C0BFB97;N/A;Convivencia
2087;EF38AD6C4E9A977C;N/A;Convivencia
2088;CEA3883220887DD0;N/A;Convivencia
2089;F7612D87D9C8A450;Entre todos: ¡Transformamos la convivencia!, ¡Con-Vivamos a lo bien!, Transformando-NOS, Comuniquemos Convivencia, Distrito Convivencia;Convivencia
2090;ABD0C50AE1972278;N/A;Convivencia
2091;491833D98C559635;N/A;Convivencia
2092;EB170D320D5F1B6A;N/A;Convivencia
2093;0645AFF92046E274;N/A;Convivencia
2094;87DE17A1387CD5A5;N/A;Convivencia
2095;86BCFF7D74FAF9A3;N/A;Convivencia
2096;8537F966BC274D0A;N/A;Convivencia
2097;53D07F5A0A016AC4;¡Con-Vivamos a lo bien!, Comuniquemos Convivencia;Convivencia
2098;ECFDEB85C0DC2BD5;Entre todos: ¡Transformamos la convivencia!, Comuniquemos Convivencia;Convivencia
2099;0AC9A42BAB3B19E8;Entre todos: ¡Transformamos la convivencia!, ¡Con-Vivamos a lo bien!, Transformando-NOS, Comuniquemos Convivencia;Convivencia
2100;18B715B9914B5E5F;Entre todos: ¡Transformamos la convivencia!, ¡Con-Vivamos a lo bien!, Transformando-NOS, Comuniquemos Convivencia, Distrito Convivencia;Convivencia
2101;0D5808D19A90AA57;Entre todos: ¡Transformamos la convivencia!, Distrito Convivencia;Convivencia
2102;C94E163473926D22;N/A;Convivencia
2103;A435E6EAA9B1E370;Entre todos: ¡Transformamos la convivencia!, ¡Con-Vivamos a lo bien!, Transformando-NOS, Comuniquemos Convivencia;Convivencia
2104;DE8EE21FE320A57B;N/A;Convivencia
2105;B5526A88B20EAF5D;N/A;Convivencia
2106;2EC6368049E12558;N/A;Convivencia
2107;85F15D0FEED0093B;¡Con-Vivamos a lo bien!;Convivencia
2108;F15F79E4C8A4DC8A;Entre todos: ¡Transformamos la convivencia!, ¡Con-Vivamos a lo bien!, Transformando-NOS, Comuniquemos Convivencia, Distrito Convivencia;Convivencia
2109;EFB35D8A0D4ECBEB;Entre todos: ¡Transformamos la convivencia!;Convivencia
2110;7ED6C02603EF6768;Entre todos: ¡Transformamos la convivencia!, Eco-Sistema para la convivencia!, Transformando-NOS, Comuniquemos Convivencia, Distrito Convivencia;Convivencia
2111;E22BF81D53689733;Entre todos: ¡Transformamos la convivencia!, ¡Con-Vivamos a lo bien!, Transformando-NOS, Comuniquemos Convivencia;Convivencia
2112;4DDBF7DF1F3D2C2C;¡Con-Vivamos a lo bien!;Convivencia
2113;F133FE8E6C973D3A;Entre todos: ¡Transformamos la convivencia!;Convivencia
2114;BF195AE96B64DB3A;¡Con-Vivamos a lo bien!, Eco-Sistema para la convivencia!;Convivencia
2115;88C2F73AC5E287C6;Entre todos: ¡Transformamos la convivencia!, Eco-Sistema para la convivencia!;Convivencia
2116;B453EEC01DA8C9A4;Entre todos: ¡Transformamos la convivencia!, ¡Con-Vivamos a lo bien!, Transformando-NOS, Comuniquemos Convivencia, Distrito Convivencia;Convivencia
2117;6741ABBAB418B2B9;N/A;Convivencia
2118;E973D72B28B167FA;Entre todos: ¡Transformamos la convivencia!, ¡Con-Vivamos a lo bien!, Transformando-NOS, Comuniquemos Convivencia, Distrito Convivencia;Convivencia
2119;D7D7741D69AD0112;Entre todos: ¡Transformamos la convivencia!;Convivencia
2120;B753D695A51029F4;¡Con-Vivamos a lo bien!;Convivencia
2121;4E8451A6F0450EB6;Entre todos: ¡Transformamos la convivencia!, ¡Con-Vivamos a lo bien!, Transformando-NOS, Comuniquemos Convivencia;Convivencia
2122;6841731A2D1531DA;Entre todos: ¡Transformamos la convivencia!, ¡Con-Vivamos a lo bien!, Comuniquemos Convivencia;Convivencia
2123;5B45B89DCEF3B192;N/A;Convivencia
2124;852146A59C12278D;Comuniquemos Convivencia;Convivencia
2125;A85E07EE6EB3C8A8;¡Con-Vivamos a lo bien!;Convivencia
2126;3BDD579BF99E5D6A;Entre todos: ¡Transformamos la convivencia!, Eco-Sistema para la convivencia!, Transformando-NOS, Comuniquemos Convivencia, Distrito Convivencia;Convivencia
2127;FBEEECDC206892B3;Entre todos: ¡Transformamos la convivencia!, ¡Con-Vivamos a lo bien!, Transformando-NOS, Comuniquemos Convivencia, Distrito Convivencia;Convivencia
2128;4E04327333675437;Entre todos: ¡Transformamos la convivencia!, ¡Con-Vivamos a lo bien!, Transformando-NOS, Comuniquemos Convivencia, Distrito Convivencia;Convivencia
2129;6402CC64FD73A3D0;Entre todos: ¡Transformamos la convivencia!, ¡Con-Vivamos a lo bien!, Transformando-NOS, Comuniquemos Convivencia, Distrito Convivencia;Convivencia
2130;63ED55CCC257CAF2;Entre todos: ¡Transformamos la convivencia!, ¡Con-Vivamos a lo bien!, Transformando-NOS, Comuniquemos Convivencia, Distrito Convivencia;Convivencia
2131;E7854FAEA134F110;N/A;Convivencia
2132;27BE111AC0D09F67;Entre todos: ¡Transformamos la convivencia!, ¡Con-Vivamos a lo bien!, Transformando-NOS, Comuniquemos Convivencia;Convivencia
2133;8D0208E0D50B3649;N/A;Convivencia
2134;B9C44FF3D1A07C62;¡Con-Vivamos a lo bien!;Convivencia
2135;04CA2E303FADD256;Entre todos: ¡Transformamos la convivencia!, Comuniquemos Convivencia, Distrito Convivencia;Convivencia
2136;CEC1EB46E4C99706;Entre todos: ¡Transformamos la convivencia!, ¡Con-Vivamos a lo bien!, Transformando-NOS, Comuniquemos Convivencia;Convivencia
2137;561D9C55731FBEFF;Entre todos: ¡Transformamos la convivencia!, Transformando-NOS, Distrito Convivencia;Convivencia
2138;77AC593D6D0A1D40;N/A;Convivencia
2139;7749EB0AD50BC2D5;Entre todos: ¡Transformamos la convivencia!, ¡Con-Vivamos a lo bien!, Transformando-NOS, Comuniquemos Convivencia;Convivencia
2140;4A1C04670B420E24;N/A;Convivencia
2141;E4E470E70F2AC41E;N/A;Convivencia
2142;59F67D76B94433A4;N/A;Convivencia
2143;2405D421F8ADFF45;N/A;Convivencia
2144;3604E8EF487BFB6C;N/A;Convivencia
2145;198B49661B1C7623;N/A;Convivencia
2146;4A21E610900B471E;Entre todos: ¡Transformamos la convivencia!, Eco-Sistema para la convivencia!, Transformando-NOS;Convivencia
2147;119AE9947974C09D;N/A;Convivencia
2148;1D9411EC1B7C6FE1;N/A;Convivencia
2149;8C42BBE5E6D295D7;Entre todos: ¡Transformamos la convivencia!;Convivencia
2150;841EEDB795E7FF95;N/A;Convivencia
2151;DFE91920E46907D1;N/A;Convivencia
2152;32E48DAD65D9BEDC;Transformando-NOS;Convivencia
2153;8DFC6543DDC4316B;Entre todos: ¡Transformamos la convivencia!, ¡Con-Vivamos a lo bien!, N/A;Convivencia
2154;B30AF359E67F5501;N/A;Convivencia
2155;9054E04C741A8856;N/A;Convivencia
2156;FF59C646E4C4B65A;N/A;Convivencia
2157;49E255A14CD9EC2F;Eco-Sistema para la convivencia!;Convivencia
2158;59B095451408B78B;Entre todos: ¡Transformamos la convivencia!, ¡Con-Vivamos a lo bien!, Comuniquemos Convivencia;Convivencia
2159;06F758B6066EDB87;N/A;Convivencia
2160;D49C8F9DE9D99B1D;N/A;Convivencia
2161;5175BF7EB29A3FD9;N/A;Convivencia
2162;3EAB82E026630BC6;Entre todos: ¡Transformamos la convivencia!;Convivencia
2163;014988980B26E847;Entre todos: ¡Transformamos la convivencia!;Convivencia
2164;B4A64630E13FFC25;Entre todos: ¡Transformamos la convivencia!;Convivencia
2165;BF4641BE4FF96406;Entre todos: ¡Transformamos la convivencia!;Convivencia
2166;1F72F03A37F11035;Comuniquemos Convivencia;Convivencia
2167;510E622F8CEDA719;Entre todos: ¡Transformamos la convivencia!, ¡Con-Vivamos a lo bien!, Comuniquemos Convivencia;Convivencia
2168;7A6F87FEFF8DEF37;N/A;Convivencia
2169;AA9BA55960F7447B;Entre todos: ¡Transformamos la convivencia!;Convivencia
2170;81C62F2DFF7FF95E;Entre todos: ¡Transformamos la convivencia!;Convivencia
2171;F297169D85CA2534;N/A;Convivencia
2172;E5BE7E19A5CC706D;N/A;Convivencia
2173;EBC6A6E68771B82F;N/A;Convivencia
2174;3F738E4756420E3E;N/A;Convivencia
2175;C507E415EE13F4E6;Comuniquemos Convivencia;Convivencia
2176;180FD122208722A8;N/A;Convivencia
2177;31ECF678BF38C40B;N/A;Convivencia
2178;65B788D1DF69B2CF;N/A;Convivencia
2179;FCACE4E318B22EC7;N/A;Convivencia
2180;6D7DDE03C52169AB;N/A;Convivencia
2181;1B326B20750521E7;Transformando-NOS;Convivencia
2182;6931DADE3F0E8567;N/A;Convivencia
2183;6C43E106586B6752;¡Con-Vivamos a lo bien!;Convivencia
2184;CE49716C633956B6;Entre todos: ¡Transformamos la convivencia!;Convivencia
2185;BE7365DE44E1B776;Entre todos: ¡Transformamos la convivencia!;Convivencia
2186;7D328F881B3A135A;Entre todos: ¡Transformamos la convivencia!;Convivencia
2187;4B1F2F4CC4701921;N/A;Convivencia
2188;98E1E163573D9834;Entre todos: ¡Transformamos la convivencia!;Convivencia
2189;A72298710C2298C7;N/A;Convivencia
2190;17DD984C1F31E7D9;N/A;Convivencia
2191;B1152A5B256EC2F5;N/A;Convivencia
2192;A20D5C968CE29525;Entre todos: ¡Transformamos la convivencia!, ¡Con-Vivamos a lo bien!, Transformando-NOS, Comuniquemos Convivencia, Distrito Convivencia;Convivencia
2193;830A634A789CB618;Entre todos: ¡Transformamos la convivencia!, ¡Con-Vivamos a lo bien!, Transformando-NOS, Comuniquemos Convivencia, Distrito Convivencia;Convivencia
2194;538C4F2F75C9B7E0;Entre todos: ¡Transformamos la convivencia!, ¡Con-Vivamos a lo bien!, Transformando-NOS, Comuniquemos Convivencia, Distrito Convivencia;Convivencia
2195;0B387198B988A79D;Entre todos: ¡Transformamos la convivencia!, ¡Con-Vivamos a lo bien!, Transformando-NOS, Comuniquemos Convivencia, Distrito Convivencia;Convivencia
2196;2369BDFE1B3263A8;N/A;Convivencia
2197;ECBB1182B222D193;N/A;Convivencia
2198;B44900A8C32B40B8;N/A;Convivencia
2199;E5AE3E051C1397CF;Entre todos: ¡Transformamos la convivencia!, Eco-Sistema para la convivencia!;Convivencia
2200;F0FA0EC2EA21FEB8;N/A;Convivencia
2201;DB78B6E138599A20;Entre todos: ¡Transformamos la convivencia!;Convivencia
2202;D225FAEF2D067C7D;N/A;Convivencia
2203;46D75B56D188E842;N/A;Convivencia
2204;410337D7584BF6BC;Eco-Sistema para la convivencia!;Convivencia
2205;E7AB19F60519D3B5;Entre todos: ¡Transformamos la convivencia!, ¡Con-Vivamos a lo bien!, Transformando-NOS, Comuniquemos Convivencia, Distrito Convivencia;Convivencia
2206;D55295AF3A908F5B;Entre todos: ¡Transformamos la convivencia!, ¡Con-Vivamos a lo bien!, Transformando-NOS, Comuniquemos Convivencia, Distrito Convivencia;Convivencia
2207;7B26C641E0C266DB;N/A;Convivencia
2208;78DAEBA62D32570E;Transformando-NOS, Comuniquemos Convivencia, Distrito Convivencia;Convivencia
2209;2F477EA54EA789EC;N/A;Convivencia
2210;BC2D8AB3E3E3CCC8;N/A;Convivencia
2211;8410C7676294B7CB;Entre todos: ¡Transformamos la convivencia!;Convivencia
2212;15F44586513D853F;Entre todos: ¡Transformamos la convivencia!;Convivencia
2213;AC6C6FAE2715AD5F;N/A;Convivencia
2214;DABA0993521CBCCA;N/A;Convivencia
2215;B0D2C4C959F32500;N/A;Convivencia
2216;7E4339036FC559A8;N/A;Convivencia
2217;5AC0F07A3CA8B05C;Entre todos: ¡Transformamos la convivencia!;Convivencia
2218;4612CFD1427610AE;Eco-Sistema para la convivencia!;Convivencia
2219;45783859060F93D9;Entre todos: ¡Transformamos la convivencia!;Convivencia
2220;C0E0BEE9B905F585;Entre todos: ¡Transformamos la convivencia!;Convivencia
2221;F77E657CB75F586E;N/A;Convivencia
2222;ABBDA9FC6EFC48E1;N/A;Convivencia
2223;D2AEDD22F6FDA42D;Entre todos: ¡Transformamos la convivencia!, Eco-Sistema para la convivencia!;Convivencia
2224;4D8BF5ECC6E4C384;Entre todos: ¡Transformamos la convivencia!, ¡Con-Vivamos a lo bien!, Eco-Sistema para la convivencia!;Convivencia
2225;603D2735B52C71B9;Entre todos: ¡Transformamos la convivencia!, ¡Con-Vivamos a lo bien!;Convivencia
2226;03D39D81AA1C4FC7;Entre todos: ¡Transformamos la convivencia!, ¡Con-Vivamos a lo bien!;Convivencia
2227;A027C7C4D92CE8DE;Entre todos: ¡Transformamos la convivencia!, ¡Con-Vivamos a lo bien!;Convivencia
2228;B383B20F0B0700F6;Entre todos: ¡Transformamos la convivencia!, ¡Con-Vivamos a lo bien!;Convivencia
2229;3BA851BA6A55ECB6;Entre todos: ¡Transformamos la convivencia!, ¡Con-Vivamos a lo bien!;Convivencia
2230;7BBCEF5AB9668B59;Entre todos: ¡Transformamos la convivencia!, ¡Con-Vivamos a lo bien!;Convivencia
2231;ABE5C5798A1AFDCC;Entre todos: ¡Transformamos la convivencia!, ¡Con-Vivamos a lo bien!;Convivencia
2232;DA87EB1EB5808167;Entre todos: ¡Transformamos la convivencia!, ¡Con-Vivamos a lo bien!;Convivencia
2233;0067DB1E00F31DA9;Entre todos: ¡Transformamos la convivencia!, ¡Con-Vivamos a lo bien!, Transformando-NOS, Comuniquemos Convivencia, Distrito Convivencia;Convivencia
2234;5925D6D8E0B84DC9;Entre todos: ¡Transformamos la convivencia!, ¡Con-Vivamos a lo bien!, Transformando-NOS, Comuniquemos Convivencia, Distrito Convivencia;Convivencia
2235;38D757EBEE789E62;Transformando-NOS, Comuniquemos Convivencia, Distrito Convivencia;Convivencia
2236;D6D32647391CFA6E;Transformando-NOS, Comuniquemos Convivencia, Distrito Convivencia;Convivencia
2237;4E6D2C1773FC64B2;Transformando-NOS, Comuniquemos Convivencia, Distrito Convivencia;Convivencia
2238;C237E55F753699E2;Transformando-NOS, Comuniquemos Convivencia, Distrito Convivencia;Convivencia
2239;9CC2124E5369A7CC;Entre todos: ¡Transformamos la convivencia!;Convivencia
2240;FBEE19D78A978DA4;Entre todos: ¡Transformamos la convivencia!, ¡Con-Vivamos a lo bien!;Convivencia
2241;ED3A59FE7ED74B2E;N/A;Convivencia
2242;F8586304654F1D1D;N/A;Convivencia
2243;72DEF7D2A95DB0F1;¡Con-Vivamos a lo bien!;Convivencia
2244;F67619D96C92FAED;N/A;Convivencia
2245;B5531DB503C18A1D;N/A;Convivencia
2246;71426673D66A89E2;N/A;Convivencia
2247;93F24000E53D5841;Transformando-NOS;Convivencia
2248;0DABC593DEA708EC;¡Con-Vivamos a lo bien!, Comuniquemos Convivencia;Convivencia
2249;F7B233ED18A80567;Entre todos: ¡Transformamos la convivencia!, ¡Con-Vivamos a lo bien!;Convivencia
2250;3DAD7B862B03EEC7;¡Con-Vivamos a lo bien!;Convivencia
2251;6443F0B2237E61F6;Entre todos: ¡Transformamos la convivencia!, ¡Con-Vivamos a lo bien!;Convivencia
2252;6314064B58D35D12;Entre todos: ¡Transformamos la convivencia!, ¡Con-Vivamos a lo bien!;Convivencia
2253;D0A02DA4C21DC99C;Entre todos: ¡Transformamos la convivencia!, ¡Con-Vivamos a lo bien!;Convivencia
2254;FDA6F5D58FF01E91;Entre todos: ¡Transformamos la convivencia!, ¡Con-Vivamos a lo bien!;Convivencia
2255;B49CCB9694413011;Entre todos: ¡Transformamos la convivencia!, ¡Con-Vivamos a lo bien!;Convivencia
2256;63432C9AEC8FFE38;Entre todos: ¡Transformamos la convivencia!, ¡Con-Vivamos a lo bien!;Convivencia
2257;231C9F0462DD79E5;Entre todos: ¡Transformamos la convivencia!, ¡Con-Vivamos a lo bien!;Convivencia
2258;AA6FCA78965D12A1;Entre todos: ¡Transformamos la convivencia!, ¡Con-Vivamos a lo bien!;Convivencia
2259;8141C26CC61010E7;Entre todos: ¡Transformamos la convivencia!, ¡Con-Vivamos a lo bien!;Convivencia
2260;57E67A42524634EA;Comuniquemos Convivencia;Convivencia
2261;D5A3C2510B2FAEE1;Entre todos: ¡Transformamos la convivencia!, ¡Con-Vivamos a lo bien!, Transformando-NOS, Distrito Convivencia;Convivencia
2262;EDBD67A94E214D25;Transformando-NOS, Comuniquemos Convivencia;Convivencia
2263;CEC8F096D37828F8;Transformando-NOS, Comuniquemos Convivencia, Distrito Convivencia;Convivencia
2264;E0D2A462816F9B19;Entre todos: ¡Transformamos la convivencia!, ¡Con-Vivamos a lo bien!, Transformando-NOS, Comuniquemos Convivencia, Distrito Convivencia;Convivencia
2265;BC88D567C550479D;Entre todos: ¡Transformamos la convivencia!, ¡Con-Vivamos a lo bien!;Convivencia
2266;1F306EFCB9F6B1AA;Entre todos: ¡Transformamos la convivencia!, ¡Con-Vivamos a lo bien!, Eco-Sistema para la convivencia!, Transformando-NOS;Convivencia
2267;83F6A4F7BEF09418;Entre todos: ¡Transformamos la convivencia!, ¡Con-Vivamos a lo bien!;Convivencia
2268;C1689D62952209DF;Entre todos: ¡Transformamos la convivencia!, ¡Con-Vivamos a lo bien!;Convivencia
2269;71F39CEC77A3DAC4;¡Con-Vivamos a lo bien!, Comuniquemos Convivencia, Distrito Convivencia;Convivencia
2270;E8AFA0E5C1E8BBDD;Entre todos: ¡Transformamos la convivencia!, ¡Con-Vivamos a lo bien!, Transformando-NOS, Distrito Convivencia;Convivencia
2271;16AFC74A7209424C;Entre todos: ¡Transformamos la convivencia!, ¡Con-Vivamos a lo bien!;Convivencia
2272;BD273D07E31AEF05;Entre todos: ¡Transformamos la convivencia!, ¡Con-Vivamos a lo bien!, Transformando-NOS, Comuniquemos Convivencia, Distrito Convivencia;Convivencia
2273;17E01F698218789C;Entre todos: ¡Transformamos la convivencia!, Eco-Sistema para la convivencia!, Distrito Convivencia;Convivencia
2274;9F2E5228117E18A8;Entre todos: ¡Transformamos la convivencia!, ¡Con-Vivamos a lo bien!, Comuniquemos Convivencia;Convivencia
2275;F73ADA85A2D2CA4C;Entre todos: ¡Transformamos la convivencia!, Eco-Sistema para la convivencia!, Distrito Convivencia;Convivencia
2276;061ABB73A66F4DBF;Entre todos: ¡Transformamos la convivencia!, ¡Con-Vivamos a lo bien!, Transformando-NOS, Distrito Convivencia;Convivencia
2277;254435DBEFFB13C2;Entre todos: ¡Transformamos la convivencia!, ¡Con-Vivamos a lo bien!, Transformando-NOS, Distrito Convivencia;Convivencia
2278;49CEC415C7ECC3AB;Entre todos: ¡Transformamos la convivencia!, ¡Con-Vivamos a lo bien!, Transformando-NOS, Distrito Convivencia;Convivencia
2279;9FF0E72C6D33315A;Entre todos: ¡Transformamos la convivencia!, ¡Con-Vivamos a lo bien!, Transformando-NOS, Distrito Convivencia;Convivencia
2280;E30E8F38C8D88829;Transformando-NOS, Comuniquemos Convivencia, Distrito Convivencia;Convivencia
2281;B12047399C091683;Entre todos: ¡Transformamos la convivencia!, ¡Con-Vivamos a lo bien!, Transformando-NOS, Comuniquemos Convivencia, Distrito Convivencia;Convivencia
2282;A4560DD2EDFE828D;Entre todos: ¡Transformamos la convivencia!, Eco-Sistema para la convivencia!, Distrito Convivencia;Convivencia
2283;935A1B617F74B5DF;Entre todos: ¡Transformamos la convivencia!, ¡Con-Vivamos a lo bien!;Convivencia
2284;9115C3402F2BBE49;Entre todos: ¡Transformamos la convivencia!, ¡Con-Vivamos a lo bien!;Convivencia
2285;1ABCDBF370A798A3;Entre todos: ¡Transformamos la convivencia!, ¡Con-Vivamos a lo bien!;Convivencia
2286;6FEA3DF878D8468E;Transformando-NOS;Convivencia
2287;996A81C4D07E91C1;Comuniquemos Convivencia;Convivencia
2288;81B42CAC5E2D599D;Comuniquemos Convivencia;Convivencia
2289;F39D583DB22C61B0;Entre todos: ¡Transformamos la convivencia!;Convivencia
2290;717D0DDE826EF74A;Entre todos: ¡Transformamos la convivencia!;Convivencia
2291;540BCC13F82B38D0;Distrito Convivencia;Convivencia
2292;42FD7D211B5812F6;¡Con-Vivamos a lo bien!, Comuniquemos Convivencia;Convivencia
2293;70929E0CF3284DDE;N/A;Convivencia
2294;D5884C1DA4C694AA;N/A;Convivencia
2295;3B72B1404DB4EE06;Transformando-NOS;Convivencia
2296;344A7073A6D32B95;N/A;Convivencia
2297;F693379E72F4C36C;N/A;Convivencia
2298;273582FE0D668A23;Entre todos: ¡Transformamos la convivencia!;Convivencia
2299;3DF740AEC1D4CE61;Entre todos: ¡Transformamos la convivencia!;Convivencia
2300;587F3D8CF0ABC688;Entre todos: ¡Transformamos la convivencia!, ¡Con-Vivamos a lo bien!;Convivencia
2301;93140EB92667D855;Entre todos: ¡Transformamos la convivencia!, ¡Con-Vivamos a lo bien!;Convivencia
2302;1E4E1303A054AFE8;Entre todos: ¡Transformamos la convivencia!, ¡Con-Vivamos a lo bien!;Convivencia
2303;F896CEFA867F1AB8;Entre todos: ¡Transformamos la convivencia!, ¡Con-Vivamos a lo bien!;Convivencia
2304;A088243F92FEAD6F;N/A;Convivencia
2305;2B991B92330E7EEC;N/A;Convivencia
2306;AF0BA33352AC086B;N/A;Convivencia
2307;1BC505188B27BBC6;N/A;Convivencia
2308;F045947D29D7577F;Entre todos: ¡Transformamos la convivencia!;Convivencia
2309;CAD4796F615B74F1;Entre todos: ¡Transformamos la convivencia!;Convivencia
2310;05398D47C8CC3F3C;Entre todos: ¡Transformamos la convivencia!;Convivencia
2311;1640E092F950979B;Entre todos: ¡Transformamos la convivencia!, ¡Con-Vivamos a lo bien!, Eco-Sistema para la convivencia!, Comuniquemos Convivencia;Convivencia
2312;6430F9B1CC97AB5B;Entre todos: ¡Transformamos la convivencia!, ¡Con-Vivamos a lo bien!, Eco-Sistema para la convivencia!, Transformando-NOS;Convivencia
2313;60317E3E29CD287E;Entre todos: ¡Transformamos la convivencia!, ¡Con-Vivamos a lo bien!, Transformando-NOS;Convivencia
2314;AB0419CAD07E6F8F;Entre todos: ¡Transformamos la convivencia!, ¡Con-Vivamos a lo bien!, Transformando-NOS, Comuniquemos Convivencia;Convivencia
2315;D47FD3E8C1EC7BD0;Entre todos: ¡Transformamos la convivencia!, ¡Con-Vivamos a lo bien!, Comuniquemos Convivencia, Distrito Convivencia;Convivencia
2316;1870548F8E6674EC;Entre todos: ¡Transformamos la convivencia!;Convivencia
2317;DD22CDB06651A4E2;N/A;Convivencia
2318;8667AC44DB64F5B6;Entre todos: ¡Transformamos la convivencia!, ¡Con-Vivamos a lo bien!, Transformando-NOS, Comuniquemos Convivencia, Distrito Convivencia;Convivencia
2319;315618BA9292BEEC;Entre todos: ¡Transformamos la convivencia!, ¡Con-Vivamos a lo bien!, Comuniquemos Convivencia;Convivencia
2320;75119458DC101709;Entre todos: ¡Transformamos la convivencia!, ¡Con-Vivamos a lo bien!, Transformando-NOS, Comuniquemos Convivencia, Distrito Convivencia;Convivencia
2321;F5C93145D2E90E3E;Entre todos: ¡Transformamos la convivencia!, ¡Con-Vivamos a lo bien!, Transformando-NOS;Convivencia
2322;3F3B7AE3702A0528;Comuniquemos Convivencia, Distrito Convivencia;Convivencia
2323;557AF7E0C4469BF6;Entre todos: ¡Transformamos la convivencia!;Convivencia
2324;0FF8DF55CD178824;N/A;Convivencia
2325;FF642D164CE31361;Eco-Sistema para la convivencia!;Convivencia
2326;271261A1DDFBD9EA;N/A;Convivencia
2327;998F8E096DFD7B09;N/A;Convivencia
2328;FF747D0430C04D3C;N/A;Convivencia
2329;95783C329AB40C5E;¡Con-Vivamos a lo bien!;Convivencia
2330;CF1F9DA9E03A2270;Entre todos: ¡Transformamos la convivencia!;Convivencia
2331;05A999067B66AEA7;Entre todos: ¡Transformamos la convivencia!;Convivencia
2332;C1DC115896BB1A0D;Entre todos: ¡Transformamos la convivencia!, Eco-Sistema para la convivencia!;Convivencia
2333;0871CF2CF5BC2EBA;N/A;Convivencia
2334;6FD433A8C9FA1D72;N/A;Convivencia
2335;FCE393170DC5B4B5;N/A;Convivencia
2336;DB440A044BE8D342;N/A;Convivencia
2337;D1CE0B1E7D85AB51;Comuniquemos Convivencia;Convivencia
2338;09969D73BCE93FF5;Entre todos: ¡Transformamos la convivencia!;Convivencia
2339;A0FF76482A2D8FD5;Comuniquemos Convivencia;Convivencia
2340;FC39D343D8757D9E;Comuniquemos Convivencia;Convivencia
2341;8B238D9476F558AB;N/A;Convivencia
2342;C28DF3D9311A9513;Entre todos: ¡Transformamos la convivencia!;Convivencia
2343;E520C8685FED2285;Entre todos: ¡Transformamos la convivencia!, Comuniquemos Convivencia;Convivencia
2344;074C81D17E14A71E;¡Con-Vivamos a lo bien!;Convivencia
2345;CC5DB634008B5222;Entre todos: ¡Transformamos la convivencia!, Eco-Sistema para la convivencia!, Comuniquemos Convivencia, Distrito Convivencia;Convivencia
2346;24F1B4C1097B1D3B;Entre todos: ¡Transformamos la convivencia!, ¡Con-Vivamos a lo bien!, Eco-Sistema para la convivencia!, Transformando-NOS, Comuniquemos Convivencia, Distrito Convivencia;Convivencia
2347;BC7B94EF3366DB0F;Entre todos: ¡Transformamos la convivencia!, ¡Con-Vivamos a lo bien!, Comuniquemos Convivencia, Distrito Convivencia;Convivencia
2348;CC24D9678A844AFA;Entre todos: ¡Transformamos la convivencia!, ¡Con-Vivamos a lo bien!, Transformando-NOS, Comuniquemos Convivencia;Convivencia
2349;FB82C006F733A73C;Entre todos: ¡Transformamos la convivencia!, ¡Con-Vivamos a lo bien!, Comuniquemos Convivencia;Convivencia
2350;1DCE32129401EC47;Entre todos: ¡Transformamos la convivencia!, ¡Con-Vivamos a lo bien!, Comuniquemos Convivencia, Distrito Convivencia;Convivencia
2351;08B0CE5C8B700A1C;¡Con-Vivamos a lo bien!, Transformando-NOS, Comuniquemos Convivencia;Convivencia
2352;8177402D0ED326AA;Entre todos: ¡Transformamos la convivencia!, ¡Con-Vivamos a lo bien!, Transformando-NOS;Convivencia
2353;03596D35BE8670CA;N/A;Convivencia
2354;2F46EC55FFBD135E;Entre todos: ¡Transformamos la convivencia!, ¡Con-Vivamos a lo bien!;Convivencia
2355;05E2F0FD08C48672;Entre todos: ¡Transformamos la convivencia!, ¡Con-Vivamos a lo bien!;Convivencia
2356;FEAEA767C776C760;Entre todos: ¡Transformamos la convivencia!, ¡Con-Vivamos a lo bien!;Convivencia
2357;2388E084A92F86E6;Entre todos: ¡Transformamos la convivencia!, ¡Con-Vivamos a lo bien!;Convivencia
2358;0EFF1BE77DA82DB4;Entre todos: ¡Transformamos la convivencia!, ¡Con-Vivamos a lo bien!;Convivencia
2359;95027271BB5EAFDC;Entre todos: ¡Transformamos la convivencia!, ¡Con-Vivamos a lo bien!;Convivencia
2360;9E0EC9E0A1465346;Entre todos: ¡Transformamos la convivencia!, ¡Con-Vivamos a lo bien!;Convivencia
2361;0A727F77BA5A3548;Entre todos: ¡Transformamos la convivencia!, ¡Con-Vivamos a lo bien!;Convivencia
2362;66B6F832A5503886;Entre todos: ¡Transformamos la convivencia!, ¡Con-Vivamos a lo bien!;Convivencia
2363;49F1631920A956BF;N/A;Convivencia
2364;10491B2542D3D0B1;¡Con-Vivamos a lo bien!, Transformando-NOS, Comuniquemos Convivencia, Distrito Convivencia;Convivencia
2365;24A8A5F6DDC3D04D;Entre todos: ¡Transformamos la convivencia!, ¡Con-Vivamos a lo bien!, Transformando-NOS, Comuniquemos Convivencia;Convivencia
2366;F7EF1F92548469C1;¡Con-Vivamos a lo bien!, Transformando-NOS, Comuniquemos Convivencia;Convivencia
2367;304441828961B11E;Entre todos: ¡Transformamos la convivencia!, Transformando-NOS, Comuniquemos Convivencia;Convivencia
2368;4772106F0C0401F8;Entre todos: ¡Transformamos la convivencia!, ¡Con-Vivamos a lo bien!, Transformando-NOS, Comuniquemos Convivencia, Distrito Convivencia;Convivencia
2369;5ACE6CC598D10526;¡Con-Vivamos a lo bien!;Convivencia
2370;C3067BD395EC0BC8;Transformando-NOS, Comuniquemos Convivencia, Distrito Convivencia;Convivencia
2371;08ABFEE6DFB1A19C;Entre todos: ¡Transformamos la convivencia!, ¡Con-Vivamos a lo bien!, Comuniquemos Convivencia, Distrito Convivencia;Convivencia
2372;6647C3DE0A66E9FD;Entre todos: ¡Transformamos la convivencia!, ¡Con-Vivamos a lo bien!, Comuniquemos Convivencia, Distrito Convivencia;Convivencia
2373;21620D9E4DB7739C;Transformando-NOS;Convivencia
2374;51A96D2616FCF761;Entre todos: ¡Transformamos la convivencia!, ¡Con-Vivamos a lo bien!;Convivencia
2375;0FC2EFCF240887ED;Entre todos: ¡Transformamos la convivencia!, ¡Con-Vivamos a lo bien!;Convivencia
2376;B13E56D8EC5D0DF1;Entre todos: ¡Transformamos la convivencia!, ¡Con-Vivamos a lo bien!;Convivencia
2377;A2F82F20AF6BE704;Entre todos: ¡Transformamos la convivencia!, ¡Con-Vivamos a lo bien!;Convivencia
2378;7DFB5D9ACC7A2B29;Entre todos: ¡Transformamos la convivencia!, ¡Con-Vivamos a lo bien!;Convivencia
2379;8F3207AF16E64A33;Entre todos: ¡Transformamos la convivencia!, ¡Con-Vivamos a lo bien!;Convivencia
2380;BE90324595EEBBAA;Entre todos: ¡Transformamos la convivencia!, ¡Con-Vivamos a lo bien!;Convivencia
2381;7325A4DFEA12D3FA;Entre todos: ¡Transformamos la convivencia!, ¡Con-Vivamos a lo bien!;Convivencia
2382;23D468B4FAEC5DC9;Entre todos: ¡Transformamos la convivencia!, ¡Con-Vivamos a lo bien!;Convivencia
2383;D138E6A3DAA2C69E;Entre todos: ¡Transformamos la convivencia!, ¡Con-Vivamos a lo bien!;Convivencia
2384;4D55EC1736921BC3;Entre todos: ¡Transformamos la convivencia!, ¡Con-Vivamos a lo bien!;Convivencia
2385;5FD6019FB008859B;N/A;Convivencia
2386;95E7BA173A57CFCB;N/A;Convivencia
2387;D039BB2FD3E9367C;N/A;Convivencia
2388;3A93FB6CF90248FD;Entre todos: ¡Transformamos la convivencia!, ¡Con-Vivamos a lo bien!;Convivencia
2389;6130A57B20B325C7;Entre todos: ¡Transformamos la convivencia!, ¡Con-Vivamos a lo bien!;Convivencia
2390;C6435CD51B569DEC;Entre todos: ¡Transformamos la convivencia!, ¡Con-Vivamos a lo bien!;Convivencia
2391;7FED5201844582C0;Entre todos: ¡Transformamos la convivencia!, ¡Con-Vivamos a lo bien!;Convivencia
2392;2DA29599E978F3F3;Entre todos: ¡Transformamos la convivencia!, ¡Con-Vivamos a lo bien!;Convivencia
2393;C9A4ED23C70F2C49;Entre todos: ¡Transformamos la convivencia!, ¡Con-Vivamos a lo bien!;Convivencia
2394;4511352767D1932A;Comuniquemos Convivencia;Convivencia
2395;B9F438AD514C263B;Entre todos: ¡Transformamos la convivencia!;Convivencia
2396;1950E8939A8A7F78;Entre todos: ¡Transformamos la convivencia!;Convivencia
2397;92E2856C7869D0E1;¡Con-Vivamos a lo bien!, Eco-Sistema para la convivencia!, Transformando-NOS, Comuniquemos Convivencia;Convivencia
2398;89720F2165DFC81D;Entre todos: ¡Transformamos la convivencia!, ¡Con-Vivamos a lo bien!, Comuniquemos Convivencia;Convivencia
2399;4FBE916E0DBC3A31;Eco-Sistema para la convivencia!, Transformando-NOS, Comuniquemos Convivencia;Convivencia
2400;D0132BF9E0206D14;Entre todos: ¡Transformamos la convivencia!, ¡Con-Vivamos a lo bien!, Transformando-NOS, Comuniquemos Convivencia, Distrito Convivencia;Convivencia
2401;8C471E4B92A1291F;Entre todos: ¡Transformamos la convivencia!, ¡Con-Vivamos a lo bien!, Transformando-NOS, Comuniquemos Convivencia, Distrito Convivencia;Convivencia
2402;9986125862A911A3;Transformando-NOS, Comuniquemos Convivencia;Convivencia
2403;76C8BF554D633B65;Transformando-NOS, Comuniquemos Convivencia, Distrito Convivencia;Convivencia
2404;0D72CFE19C9DC69B;Eco-Sistema para la convivencia!;Convivencia
2405;4451A8F69E712965;¡Con-Vivamos a lo bien!, Comuniquemos Convivencia, Distrito Convivencia;Convivencia
2406;819B07F0C85CD76E;Entre todos: ¡Transformamos la convivencia!, Transformando-NOS, Comuniquemos Convivencia, Distrito Convivencia;Convivencia
2407;39FDE5820CCFF4A4;Eco-Sistema para la convivencia!, Transformando-NOS;Convivencia
2408;5AA80846DDA9BCBB;Entre todos: ¡Transformamos la convivencia!, ¡Con-Vivamos a lo bien!, Comuniquemos Convivencia;Convivencia
2409;DF7E666D93853AAD;¡Con-Vivamos a lo bien!;Convivencia
2410;A43955CC6535C1AD;Entre todos: ¡Transformamos la convivencia!;Convivencia
2411;973565BE8AD76F89;N/A;Convivencia
2412;F78270C44319621E;Entre todos: ¡Transformamos la convivencia!;Convivencia
2413;B63DAB7CCD62DCA1;Entre todos: ¡Transformamos la convivencia!, Comuniquemos Convivencia;Convivencia
2414;9E8A6A8294ED0B25;Entre todos: ¡Transformamos la convivencia!, Eco-Sistema para la convivencia!, Transformando-NOS, Comuniquemos Convivencia;Convivencia
2415;6D8D2AA54AABBC21;Entre todos: ¡Transformamos la convivencia!, ¡Con-Vivamos a lo bien!, Comuniquemos Convivencia, Distrito Convivencia;Convivencia
2416;612FA7020A5B085D;Entre todos: ¡Transformamos la convivencia!;Convivencia
2417;792BBC204ADD3F63;N/A;Convivencia
2418;461B71D32883CDDF;N/A;Convivencia
2419;C395237E5CB0368F;Entre todos: ¡Transformamos la convivencia!, ¡Con-Vivamos a lo bien!, Transformando-NOS, Comuniquemos Convivencia, Distrito Convivencia;Convivencia
2420;C47B93A820250915;N/A;Convivencia
2421;6BCFDD1884883AA8;Entre todos: ¡Transformamos la convivencia!, ¡Con-Vivamos a lo bien!;Convivencia
2422;44E40AB19840CA25;¡Con-Vivamos a lo bien!, Comuniquemos Convivencia;Convivencia
2423;15C297230634E2E1;N/A;Convivencia
2424;37F529031AE149D0;N/A;Convivencia
2425;E9BCDBC641D016A9;N/A;Convivencia
2426;D1AAF8BFD89F7C9B;Entre todos: ¡Transformamos la convivencia!;Convivencia
2427;94FDDEF45D0B6929;Entre todos: ¡Transformamos la convivencia!, Comuniquemos Convivencia;Convivencia
2428;295730BE1EFA058F;Entre todos: ¡Transformamos la convivencia!, Transformando-NOS, Comuniquemos Convivencia, Distrito Convivencia;Convivencia
2429;24ACF40DF011221E;Entre todos: ¡Transformamos la convivencia!;Convivencia
2430;1B440AEB89F1617D;Entre todos: ¡Transformamos la convivencia!;Convivencia
2431;A377E0D1B8C20058;N/A;Convivencia
2432;1E596E31BDF97984;N/A;Convivencia
2433;A0FCDF5FB0803C25;Comuniquemos Convivencia;Convivencia
2434;BDEF0EF9A00F8283;Comuniquemos Convivencia;Convivencia
2435;053E81927D0B52BD;N/A;Convivencia
2436;BFFDB33A0C866482;N/A;Convivencia
2437;D421503BBC051897;N/A;Convivencia
2438;8BB81870367FBB07;N/A;Convivencia
2439;7B43DC74C2B90D0C;Entre todos: ¡Transformamos la convivencia!;Convivencia
2440;EBF96B848CFAC311;¡Con-Vivamos a lo bien!, Comuniquemos Convivencia;Convivencia
2441;E1606283724CE3EB;Entre todos: ¡Transformamos la convivencia!, ¡Con-Vivamos a lo bien!, Comuniquemos Convivencia;Convivencia
2442;91D57805F12A4497;Entre todos: ¡Transformamos la convivencia!, ¡Con-Vivamos a lo bien!, Eco-Sistema para la convivencia!;Convivencia
2443;B0A8794B940169C0;N/A;Convivencia
2444;F654B2BBACF26743;N/A;Convivencia
2445;4135343B5A5F63D1;Comuniquemos Convivencia;Convivencia
2446;8249DBF33B5410AB;Entre todos: ¡Transformamos la convivencia!, ¡Con-Vivamos a lo bien!, Distrito Convivencia;Convivencia
2447;3B162EA3AB188C01;Entre todos: ¡Transformamos la convivencia!, ¡Con-Vivamos a lo bien!, Transformando-NOS, Distrito Convivencia;Convivencia
2448;78D81CF2549D1CFA;Entre todos: ¡Transformamos la convivencia!, ¡Con-Vivamos a lo bien!, Comuniquemos Convivencia, Distrito Convivencia;Convivencia
2449;A198811D2FEC8541;¡Con-Vivamos a lo bien!, Comuniquemos Convivencia;Convivencia
2450;92063BB168926E1E;¡Con-Vivamos a lo bien!, Comuniquemos Convivencia, Distrito Convivencia;Convivencia
2451;EB7C508B97FA7A68;Entre todos: ¡Transformamos la convivencia!, ¡Con-Vivamos a lo bien!, Transformando-NOS, Comuniquemos Convivencia, Distrito Convivencia;Convivencia
2452;52669F2B59845505;Entre todos: ¡Transformamos la convivencia!, ¡Con-Vivamos a lo bien!, Transformando-NOS, Comuniquemos Convivencia;Convivencia
2453;B5D78D7B95959967;N/A;Convivencia
2454;1BF83B02AD2D196F;N/A;Convivencia
2455;B6516124BDC2C697;N/A;Convivencia
2456;7DD1E50038998E98;N/A;Convivencia
2457;01CCE7DC631C630C;N/A;Convivencia
2458;B90934BF53E2DE11;N/A;Convivencia
2459;4E65F975DA250D21;N/A;Convivencia
2460;04320CC1D8A06F13;¡Con-Vivamos a lo bien!;Convivencia
2461;E6153E13173F1134;N/A;Convivencia
2462;C3CE74EAA134A8EE;N/A;Convivencia
2463;ACC8EA460E4F5959;N/A;Convivencia
2464;3CBCFF0B34B255AC;N/A;Convivencia
2465;FE2AD7916A89B416;N/A;Convivencia
2466;847DFBDD5E965712;Entre todos: ¡Transformamos la convivencia!;Convivencia
2467;0A85FBEC31736678;Entre todos: ¡Transformamos la convivencia!, Transformando-NOS, Comuniquemos Convivencia, Distrito Convivencia;Convivencia
2468;BB201167931BBB09;Entre todos: ¡Transformamos la convivencia!, Comuniquemos Convivencia, Distrito Convivencia;Convivencia
2469;78CBAAA08F4374B8;¡Con-Vivamos a lo bien!, Comuniquemos Convivencia, Distrito Convivencia;Convivencia
2470;268E471637D89F2B;Entre todos: ¡Transformamos la convivencia!, Comuniquemos Convivencia, Distrito Convivencia;Convivencia
2471;ACDE3A92C332F902;¡Con-Vivamos a lo bien!, Transformando-NOS, Comuniquemos Convivencia, Distrito Convivencia;Convivencia
2472;83F1499EC12FDF13;Entre todos: ¡Transformamos la convivencia!, ¡Con-Vivamos a lo bien!, Distrito Convivencia;Convivencia
2473;D418D5B7BF97FF9F;Entre todos: ¡Transformamos la convivencia!, Transformando-NOS, Comuniquemos Convivencia;Convivencia
2474;91BCDD8BD6E482C5;Entre todos: ¡Transformamos la convivencia!, ¡Con-Vivamos a lo bien!, Distrito Convivencia;Convivencia
2475;E3FA53264F500719;Entre todos: ¡Transformamos la convivencia!, Comuniquemos Convivencia, Distrito Convivencia;Convivencia
2476;2CEE69EC96EBBF14;N/A;Convivencia
2477;5E4EA7B0808BCB58;Entre todos: ¡Transformamos la convivencia!;Convivencia
2478;A4D95227C8385B8D;N/A;Convivencia
2479;C9AC6A8A50859DED;N/A;Convivencia
2480;F220ABC3C7CB3968;N/A;Convivencia
2481;72A406D02A87359A;Entre todos: ¡Transformamos la convivencia!;Convivencia
2482;65B4EB157F038E15;Entre todos: ¡Transformamos la convivencia!;Convivencia
2483;F8C2EC04F9D82A3E;Comuniquemos Convivencia;Convivencia
2484;89EBDA8543461EEC;Comuniquemos Convivencia, N/A;Convivencia
2485;D65A2B3273F0A0CB;N/A;Convivencia
2486;4410F34DBEACA834;Entre todos: ¡Transformamos la convivencia!, Transformando-NOS, Comuniquemos Convivencia, Distrito Convivencia;Convivencia
2487;1D0C89D504717386;¡Con-Vivamos a lo bien!, Comuniquemos Convivencia, Distrito Convivencia;Convivencia
2488;C34384C2B8828975;¡Con-Vivamos a lo bien!, Comuniquemos Convivencia, Distrito Convivencia;Convivencia
2489;9D44F9C6CB232DD9;Entre todos: ¡Transformamos la convivencia!, Transformando-NOS, Comuniquemos Convivencia, Distrito Convivencia;Convivencia
2490;91B68E1A525C2B61;Entre todos: ¡Transformamos la convivencia!, ¡Con-Vivamos a lo bien!, Eco-Sistema para la convivencia!;Convivencia
2491;1BDE845DFAF7A564;¡Con-Vivamos a lo bien!, Comuniquemos Convivencia, Distrito Convivencia;Convivencia
2492;1785CE7C38C9C623;¡Con-Vivamos a lo bien!, Comuniquemos Convivencia, Distrito Convivencia;Convivencia
2493;92842770170A1273;Entre todos: ¡Transformamos la convivencia!, ¡Con-Vivamos a lo bien!, Eco-Sistema para la convivencia!;Convivencia
2494;C9366EF7D5914B45;¡Con-Vivamos a lo bien!;Convivencia
2495;6CB5B29E16D26B04;Entre todos: ¡Transformamos la convivencia!, ¡Con-Vivamos a lo bien!, Eco-Sistema para la convivencia!;Convivencia
2496;A2FA5739A475D4BA;Entre todos: ¡Transformamos la convivencia!;Convivencia
2497;549F5A68949A3910;Entre todos: ¡Transformamos la convivencia!, ¡Con-Vivamos a lo bien!, Eco-Sistema para la convivencia!;Convivencia
2498;C803FFB91FF17745;¡Con-Vivamos a lo bien!;Convivencia
2499;D5DFCAEF92881E34;¡Con-Vivamos a lo bien!;Convivencia
2500;F60AA57CF7AC67C1;¡Con-Vivamos a lo bien!;Convivencia
2501;DABB0DD39672B4FA;Entre todos: ¡Transformamos la convivencia!;Convivencia
2502;ECE1DDA42D489102;¡Con-Vivamos a lo bien!;Convivencia
2503;68D4D0358CF36B39;¡Con-Vivamos a lo bien!;Convivencia
2504;C0B5B854882B9D67;¡Con-Vivamos a lo bien!, Distrito Convivencia;Convivencia
2505;AEAFE566D583E758;N/A;Convivencia
2506;03A3AF90676CE0CD;¡Con-Vivamos a lo bien!;Convivencia
2507;477AD08AF6268BA8;N/A;Convivencia
2508;57BEB44E3F3770C6;¡Con-Vivamos a lo bien!, Distrito Convivencia;Convivencia
2509;406CDF4254FE409B;¡Con-Vivamos a lo bien!, Distrito Convivencia;Convivencia
2510;1A2FD65802D787B2;N/A;Convivencia
2511;C297CBF1D5FFA8D6;¡Con-Vivamos a lo bien!, Distrito Convivencia;Convivencia
2512;C3A9784963597E0B;¡Con-Vivamos a lo bien!, Distrito Convivencia;Convivencia
2513;3F8BFB169F312478;N/A;Convivencia
2514;8AF5104858C1165C;Entre todos: ¡Transformamos la convivencia!, ¡Con-Vivamos a lo bien!;Convivencia
2515;07C4A72609B9866A;Entre todos: ¡Transformamos la convivencia!, ¡Con-Vivamos a lo bien!, Eco-Sistema para la convivencia!;Convivencia
2516;79B0EEAE8EA1B24C;N/A;Convivencia
2517;B840986C7CC2A49A;N/A;Convivencia
2518;8E9995BDEC2C83C8;N/A;Convivencia
2519;FDBAA21241B24533;N/A;Convivencia
2520;5BDE5A8C0B436557;N/A;Convivencia
2521;2AA3F8DB56A6CA54;N/A;Convivencia
2522;6FC15D9F102F4628;¡Con-Vivamos a lo bien!, Comuniquemos Convivencia;Convivencia
2523;B3C0E52D2439DCD3;Comuniquemos Convivencia;Convivencia
2524;F4869D54E9E330C5;¡Con-Vivamos a lo bien!, Comuniquemos Convivencia;Convivencia
2525;8DE00504F86C44E9;N/A;Convivencia
2526;67D5D30236948F19;N/A;Convivencia
2527;EB0AF9E3999A90F4;Entre todos: ¡Transformamos la convivencia!, ¡Con-Vivamos a lo bien!, Comuniquemos Convivencia;Convivencia
2528;3F900E8EB420BF54;Entre todos: ¡Transformamos la convivencia!, ¡Con-Vivamos a lo bien!, Transformando-NOS;Convivencia
2529;B2393E23319BF9CF;N/A;Convivencia
2530;2BA38121693FD9A6;N/A;Convivencia
2531;D4AF7740DD064C71;N/A;Convivencia
2532;FF3F1D18F1838B53;N/A;Convivencia
2533;FA2848EB10094183;N/A;Convivencia
2534;A58C7FDEBBF46845;N/A;Convivencia
2535;DDEF86D494A08292;N/A;Convivencia
2536;4527FBF0725CAD66;N/A;Convivencia
2537;C3B979DC2D1DA483;N/A;Convivencia
2538;780D952F50688DC6;¡Con-Vivamos a lo bien!, Distrito Convivencia;Convivencia
2539;FD829A5EE33175D7;¡Con-Vivamos a lo bien!, Distrito Convivencia;Convivencia
2540;234CD09787EEABCD;¡Con-Vivamos a lo bien!, Distrito Convivencia;Convivencia
2541;2505DC9C89D4CB9B;¡Con-Vivamos a lo bien!, Distrito Convivencia;Convivencia
2542;BF531EE21D43C0EA;¡Con-Vivamos a lo bien!, Distrito Convivencia;Convivencia
2543;4479759EF60A0CA3;¡Con-Vivamos a lo bien!, Distrito Convivencia;Convivencia
2544;E5CABB3A55F86D35;¡Con-Vivamos a lo bien!, Distrito Convivencia;Convivencia
2545;A37C041376298723;N/A;Convivencia
2546;CC25189FA9666B38;¡Con-Vivamos a lo bien!, Distrito Convivencia;Convivencia
2547;8AED985318BB9E83;N/A;Convivencia
2548;21B2A9E92F70900F;¡Con-Vivamos a lo bien!, Comuniquemos Convivencia;Convivencia
2549;FB79D727CC6C24D6;¡Con-Vivamos a lo bien!;Convivencia
2550;BFB00A58049E7C07;¡Con-Vivamos a lo bien!, Comuniquemos Convivencia;Convivencia
2551;8C31A2626CE7BF0C;N/A;Convivencia
2552;9C66CCB770CD9251;¡Con-Vivamos a lo bien!, Distrito Convivencia;Convivencia
2553;23B21B10BAE1285C;¡Con-Vivamos a lo bien!, Distrito Convivencia;Convivencia
2554;47C0F8D65C0E275F;¡Con-Vivamos a lo bien!;Convivencia
2555;D546D04A3BC79479;¡Con-Vivamos a lo bien!;Convivencia
2556;B7F7061765C47D8B;N/A;Convivencia
2557;94A0C95F7577380E;¡Con-Vivamos a lo bien!, Distrito Convivencia;Convivencia
2558;17089969ACCD56A5;¡Con-Vivamos a lo bien!, Distrito Convivencia;Convivencia
2559;FAF5108F3D3BD207;¡Con-Vivamos a lo bien!, Distrito Convivencia;Convivencia
2560;C8FD6491C6FB33A0;¡Con-Vivamos a lo bien!, Distrito Convivencia;Convivencia
2561;DFF7C15F2BF1C77C;¡Con-Vivamos a lo bien!, Distrito Convivencia;Convivencia
2562;314094A396971BFC;¡Con-Vivamos a lo bien!;Convivencia
2563;BD3FCB36C6E805EC;¡Con-Vivamos a lo bien!, Distrito Convivencia;Convivencia
2564;E05A903EAC28F777;N/A;Convivencia
2565;9DCFA6260EAD08AB;¡Con-Vivamos a lo bien!, Distrito Convivencia;Convivencia
2566;781048AB440CC621;¡Con-Vivamos a lo bien!, Distrito Convivencia;Convivencia
2567;F3479B6C301D17D3;¡Con-Vivamos a lo bien!, Distrito Convivencia;Convivencia
2568;353F17B4EB75E7D6;¡Con-Vivamos a lo bien!, Distrito Convivencia;Convivencia
2569;41C00908CF6C1617;¡Con-Vivamos a lo bien!, Distrito Convivencia;Convivencia
2570;0AABAB7B59351453;¡Con-Vivamos a lo bien!, Distrito Convivencia;Convivencia
2571;0DB5E4C3839B50E5;¡Con-Vivamos a lo bien!, Distrito Convivencia;Convivencia
2572;3F263279D3849898;¡Con-Vivamos a lo bien!, Distrito Convivencia;Convivencia
2573;F3FDD159C873C651;¡Con-Vivamos a lo bien!, Comuniquemos Convivencia, Distrito Convivencia;Convivencia
2574;E3AC57B0EE0D2C35;N/A;Convivencia
2575;C250ADBD5D7A250F;Entre todos: ¡Transformamos la convivencia!;Convivencia
2576;276A00291468DB33;N/A;Convivencia
2577;6B77A31A112DA2F9;N/A;Convivencia
2578;DE97CA6E38B0CDFF;Entre todos: ¡Transformamos la convivencia!, Comuniquemos Convivencia;Convivencia
2579;FEE920A86F9EF094;Entre todos: ¡Transformamos la convivencia!;Convivencia
2580;95FCAFE83C4673C1;Entre todos: ¡Transformamos la convivencia!;Convivencia
2581;FB0E10CD89453B5A;Entre todos: ¡Transformamos la convivencia!, ¡Con-Vivamos a lo bien!, Eco-Sistema para la convivencia!;Convivencia
2582;90B50912245A78C6;¡Con-Vivamos a lo bien!, Distrito Convivencia;Convivencia
2583;93F2DC9147BC74B6;¡Con-Vivamos a lo bien!, Eco-Sistema para la convivencia!, Distrito Convivencia;Convivencia
2584;DE9EDDC3089C6B86;¡Con-Vivamos a lo bien!, Distrito Convivencia;Convivencia
2585;D3087CD5F3CA0762;¡Con-Vivamos a lo bien!;Convivencia
2586;D421789BE2A32285;N/A;Convivencia
2587;31B3B3A7C23F0F82;¡Con-Vivamos a lo bien!, Distrito Convivencia;Convivencia
2588;C1E3B49A32E8E46D;¡Con-Vivamos a lo bien!, Distrito Convivencia;Convivencia
2589;4B076AD7DEE28422;¡Con-Vivamos a lo bien!, Distrito Convivencia;Convivencia
2590;67B1E90E0D1F214A;¡Con-Vivamos a lo bien!, Distrito Convivencia;Convivencia
2591;E501F3BB5327D9A9;Transformando-NOS;Convivencia
2592;3A5B9A2AA60960D3;N/A;Convivencia
2593;4EA3A36F3B663D84;N/A;Convivencia
2594;E38B3CBA2FEDDC54;N/A;Convivencia
2595;93B2DE0DC900CF9C;N/A;Convivencia
2596;6B5FFCCB5967AAB0;N/A;Convivencia
2597;6CC04B8725E0FC50;¡Con-Vivamos a lo bien!, Distrito Convivencia;Convivencia
2598;C0A83A020034F93F;¡Con-Vivamos a lo bien!, Distrito Convivencia;Convivencia
2599;9DFD7A7122D48C43;Distrito Convivencia;Convivencia
2600;E4767033CF21730A;N/A;Convivencia
2601;D6BBDFFC103A5C3E;¡Con-Vivamos a lo bien!, Distrito Convivencia;Convivencia
2602;EEE378661DDF1A26;¡Con-Vivamos a lo bien!, Distrito Convivencia;Convivencia
2603;FB86DF1D7A1DB679;¡Con-Vivamos a lo bien!, Distrito Convivencia;Convivencia
2604;C589D1DCBCAE69D9;¡Con-Vivamos a lo bien!, Distrito Convivencia;Convivencia
2605;63B734230ACC1F98;¡Con-Vivamos a lo bien!, Distrito Convivencia;Convivencia
2606;B6F1D06BD7DCB0D0;N/A;Convivencia
2607;5B00C2E376941F47;N/A;Convivencia
2608;53C26A609828B7B2;N/A;Convivencia
2609;F5E6DD73EFF34E74;N/A;Convivencia
2610;4D0842C5A4AB9D7F;N/A;Convivencia
2611;4A92517879357764;N/A;Convivencia
2612;DE0F1CD27BA18C2B;N/A;Convivencia
2613;B18CC52D72C4C28A;N/A;Convivencia
2614;D542A8015B64A0B2;Entre todos: ¡Transformamos la convivencia!, ¡Con-Vivamos a lo bien!, Eco-Sistema para la convivencia!, Distrito Convivencia;Convivencia
2615;C77AE91C04417945;Entre todos: ¡Transformamos la convivencia!;Convivencia
2616;9A145F01140EBF55;N/A;Convivencia
2617;086055F7853CAA01;Entre todos: ¡Transformamos la convivencia!, Distrito Convivencia;Convivencia
2618;0B17A3ACE19212CD;Entre todos: ¡Transformamos la convivencia!, Transformando-NOS;Convivencia
2619;C5F81FE43EDC784E;Entre todos: ¡Transformamos la convivencia!;Convivencia
2620;50FDD8FD9085685B;¡Con-Vivamos a lo bien!, Distrito Convivencia;Convivencia
2621;BDEF967EC9D17DBA;¡Con-Vivamos a lo bien!, Distrito Convivencia;Convivencia
2622;8AD2B749257C7A73;N/A;Convivencia
2623;6F1165EAAF7D29BC;¡Con-Vivamos a lo bien!, Distrito Convivencia;Convivencia
2624;3E5FCEB1728F9DA0;N/A;Convivencia
2625;59A8A96E04F0A814;Entre todos: ¡Transformamos la convivencia!, Comuniquemos Convivencia, Distrito Convivencia;Convivencia
2626;1751ABC933C9E59E;N/A;Convivencia
2627;EA23A2DA01FF0314;N/A;Convivencia
2628;2A8440677A10CF4E;N/A;Convivencia
2629;CC87D62A19E5D80F;¡Con-Vivamos a lo bien!, Eco-Sistema para la convivencia!;Convivencia
2630;B8643BE98DC12FF9;Entre todos: ¡Transformamos la convivencia!;Convivencia
2631;104D8F33ACF00C0E;N/A;Convivencia
2632;9801FB4886F64269;¡Con-Vivamos a lo bien!;Convivencia
2633;23CFB9C4CEEBEA9B;Entre todos: ¡Transformamos la convivencia!;Convivencia
2634;BE29692F23DF2B54;N/A;Convivencia
2635;18CA3D15E7AD9094;N/A;Convivencia
2636;3773DBF30784869B;N/A;Convivencia
2637;46DCF88B70DB3F7A;Entre todos: ¡Transformamos la convivencia!, Comuniquemos Convivencia, Distrito Convivencia;Convivencia
2638;49F48F738D17D15C;N/A;Convivencia
2639;60D04E5F35B08EAB;Entre todos: ¡Transformamos la convivencia!, ¡Con-Vivamos a lo bien!;Convivencia
2640;8877881CFCE38C9B;Entre todos: ¡Transformamos la convivencia!, ¡Con-Vivamos a lo bien!;Convivencia
2641;C3FF4CFFBDF79DA8;Entre todos: ¡Transformamos la convivencia!, ¡Con-Vivamos a lo bien!;Convivencia
2642;74767EC4E6A9074B;Entre todos: ¡Transformamos la convivencia!, ¡Con-Vivamos a lo bien!;Convivencia
2643;7F1008CDB7DD113F;Entre todos: ¡Transformamos la convivencia!, ¡Con-Vivamos a lo bien!;Convivencia
2644;0EBD79D11FB34BDB;Entre todos: ¡Transformamos la convivencia!, ¡Con-Vivamos a lo bien!;Convivencia
2645;A92A1B1245CEED02;Entre todos: ¡Transformamos la convivencia!, ¡Con-Vivamos a lo bien!;Convivencia
2646;8D3E1A7F0AF4919B;Entre todos: ¡Transformamos la convivencia!, ¡Con-Vivamos a lo bien!;Convivencia
2647;8FED5DE71736C59C;Entre todos: ¡Transformamos la convivencia!;Convivencia
2648;A7BB62382102DA6F;Entre todos: ¡Transformamos la convivencia!, ¡Con-Vivamos a lo bien!;Convivencia
2649;885755AF5F8103D7;Entre todos: ¡Transformamos la convivencia!, ¡Con-Vivamos a lo bien!;Convivencia
2650;3264426948291FA8;Entre todos: ¡Transformamos la convivencia!;Convivencia
2651;7DF51B21EF00FD0F;Entre todos: ¡Transformamos la convivencia!, ¡Con-Vivamos a lo bien!;Convivencia
2652;C365CE2FB179E313;Entre todos: ¡Transformamos la convivencia!, ¡Con-Vivamos a lo bien!;Convivencia
2653;B8124BD5CA69E7A8;Entre todos: ¡Transformamos la convivencia!, ¡Con-Vivamos a lo bien!;Convivencia
2654;1FF3C801416EE927;¡Con-Vivamos a lo bien!;Convivencia
2655;8AB813EFBE3B28C3;N/A;Convivencia
2656;08C15AC4040C9EA6;¡Con-Vivamos a lo bien!;Convivencia
2657;E2570A88A1BB34FD;Entre todos: ¡Transformamos la convivencia!;Convivencia
2658;E9D9B47401CAB86E;Entre todos: ¡Transformamos la convivencia!;Convivencia
2659;CB6F6D8179CC682C;Entre todos: ¡Transformamos la convivencia!, ¡Con-Vivamos a lo bien!;Convivencia
2660;7804629F1BB4B6B6;Entre todos: ¡Transformamos la convivencia!, ¡Con-Vivamos a lo bien!;Convivencia
2661;0D1FA6D62F67E8EC;Entre todos: ¡Transformamos la convivencia!, ¡Con-Vivamos a lo bien!;Convivencia
2662;ADFF73992B170CEC;Entre todos: ¡Transformamos la convivencia!, ¡Con-Vivamos a lo bien!;Convivencia
2663;014DD3ACD31228FC;N/A;Convivencia
2664;F85ABC436755D35B;N/A;Convivencia
2665;EB860F60E5C96BDD;N/A;Convivencia
2666;F3B77BD17850CB4E;N/A;Convivencia
2667;93A2C3221520E689;N/A;Convivencia
2668;5247AC89A8361821;N/A;Convivencia
2669;053D4CDF1660C0C6;N/A;Convivencia
2670;B04584BB4E8632E9;N/A;Convivencia
2671;A19FF761E66BF917;N/A;Convivencia
2672;C2ED19EE7766973D;N/A;Convivencia
2673;A251CEEC8109CD53;N/A;Convivencia
2674;552041F892E39B0B;N/A;Convivencia
2675;9300BDA60AE9F711;N/A;Convivencia
2676;F46F1CBF193B2398;N/A;Convivencia
2677;7B3F9B13CD5A2441;N/A;Convivencia
2678;B6D4E458565A622C;N/A;Convivencia
2679;7F310D3A953836C1;N/A;Convivencia
2680;F0A51DD808F85200;N/A;Convivencia
2681;972E7932BD20554B;N/A;Convivencia
2682;728D7B1D964B9FEE;N/A;Convivencia
2683;21D8ABFBEB732CA1;N/A;Convivencia
2684;27B87D16A72546E1;N/A;Convivencia
2685;048CDF38489498DA;N/A;Convivencia
2686;9465E1C96198A076;N/A;Convivencia
2687;B283E8CBC046FFC1;N/A;Convivencia
2688;33448D5F42E5C3AC;N/A;Convivencia
2689;B32237399193A80D;N/A;Convivencia
2690;A5B549C28F7389C6;N/A;Convivencia
2691;54A6572E7ED93FD0;N/A;Convivencia
2692;6E38181C1A1F8BC6;N/A;Convivencia
2693;CA1A5B20EE0A3723;Entre todos: ¡Transformamos la convivencia!, Distrito Convivencia;Convivencia
2694;376353CBEA92183A;N/A;Convivencia
2695;2D62CB4BE5800D12;Entre todos: ¡Transformamos la convivencia!;Convivencia
2696;B86F876704CCAAAF;N/A;Convivencia
2697;D782C9C7F4116208;Entre todos: ¡Transformamos la convivencia!, ¡Con-Vivamos a lo bien!;Convivencia
2698;422F37D1021C9D09;N/A;Convivencia
2699;14FEB4024F1D6394;Entre todos: ¡Transformamos la convivencia!, Distrito Convivencia;Convivencia
2700;DFD3D635ACF843D4;Entre todos: ¡Transformamos la convivencia!, ¡Con-Vivamos a lo bien!;Convivencia
2701;E82211B16EC9B347;Entre todos: ¡Transformamos la convivencia!, ¡Con-Vivamos a lo bien!;Convivencia
2702;964FF2B9D573455E;Entre todos: ¡Transformamos la convivencia!, ¡Con-Vivamos a lo bien!;Convivencia
2703;499F14A6F5AD2EA6;Entre todos: ¡Transformamos la convivencia!, ¡Con-Vivamos a lo bien!;Convivencia
2704;7725E7068122B3A6;Entre todos: ¡Transformamos la convivencia!, ¡Con-Vivamos a lo bien!;Convivencia
2705;9C8DD7C436C7ACBE;Entre todos: ¡Transformamos la convivencia!, ¡Con-Vivamos a lo bien!;Convivencia
2706;0066E9CF0411C518;Entre todos: ¡Transformamos la convivencia!, ¡Con-Vivamos a lo bien!;Convivencia
2707;C7E2A80F913E26AF;Entre todos: ¡Transformamos la convivencia!, ¡Con-Vivamos a lo bien!;Convivencia
2708;6DE0331E8645DA57;Entre todos: ¡Transformamos la convivencia!, ¡Con-Vivamos a lo bien!;Convivencia
2709;F1465F4267A143E1;N/A;Convivencia
2710;E338820C11EF9BF4;¡Con-Vivamos a lo bien!;Convivencia
2711;D8ED0E0934D8E620;Comuniquemos Convivencia;Convivencia
2712;EC6FE3FB871EFD0B;Entre todos: ¡Transformamos la convivencia!, ¡Con-Vivamos a lo bien!;Convivencia
2713;F14E96811456C293;N/A;Convivencia
2714;69FE5C2AE66E0777;N/A;Convivencia
2715;CC4FC68045F6900B;N/A;Convivencia
2716;59666716BAD6576B;Entre todos: ¡Transformamos la convivencia!;Convivencia
2717;4722D6DBEDE13E2E;Entre todos: ¡Transformamos la convivencia!;Convivencia
2718;3787331AB8C2562C;N/A;Convivencia
2719;9DBD2C4BE53E3025;Entre todos: ¡Transformamos la convivencia!;Convivencia
2720;3EC9B3E09E0057E6;Entre todos: ¡Transformamos la convivencia!, ¡Con-Vivamos a lo bien!, Eco-Sistema para la convivencia!;Convivencia
2721;B65D1A811440A1B0;N/A;Convivencia
2722;9ED6AA3B7967FDC4;Entre todos: ¡Transformamos la convivencia!;Convivencia
2723;A3998747BCC7C301;Entre todos: ¡Transformamos la convivencia!, ¡Con-Vivamos a lo bien!;Convivencia
2724;7134D2B362356118;N/A;Convivencia
2725;A6A56348238A61E1;N/A;Convivencia
2726;31D0F90069D4230F;Entre todos: ¡Transformamos la convivencia!, ¡Con-Vivamos a lo bien!, Transformando-NOS;Convivencia
2727;4356DE92E60FCACC;Entre todos: ¡Transformamos la convivencia!, ¡Con-Vivamos a lo bien!, Eco-Sistema para la convivencia!;Convivencia
2728;627C1D1B7AEE5777;N/A;Convivencia
2729;D7DE23C86A0A7256;N/A;Convivencia
2730;6111832CA6448759;Entre todos: ¡Transformamos la convivencia!, ¡Con-Vivamos a lo bien!, Eco-Sistema para la convivencia!, Transformando-NOS;Convivencia
2731;E16354830C25C2BF;Entre todos: ¡Transformamos la convivencia!, ¡Con-Vivamos a lo bien!, Eco-Sistema para la convivencia!;Convivencia
2732;9EF5E5C090F11AD0;Distrito Convivencia;Convivencia
2733;F05BCC1599D4C8C6;Entre todos: ¡Transformamos la convivencia!, ¡Con-Vivamos a lo bien!, Eco-Sistema para la convivencia!, Transformando-NOS, Comuniquemos Convivencia, Distrito Convivencia;Convivencia
2734;F2D1D5CE59AABC4D;N/A;Convivencia
2735;A7635C86585ADDE2;N/A;Convivencia
2736;12A2855BB455DAC2;Comuniquemos Convivencia;Convivencia
2737;8AD2E56901A7266A;Entre todos: ¡Transformamos la convivencia!;Convivencia
2738;C4F811284DE52F53;Entre todos: ¡Transformamos la convivencia!;Convivencia
2739;7992F1CD22C5A91B;Entre todos: ¡Transformamos la convivencia!;Convivencia
2740;F40B5CA0B32D6DF1;N/A;Convivencia
2741;7E3231B557BC607C;N/A;Convivencia
2742;879F9751817C7AC1;N/A;Convivencia
2743;1A7F29D4BDC066A4;N/A;Convivencia
2744;D945593E6685C950;Entre todos: ¡Transformamos la convivencia!;Convivencia
2745;80D8FD74BAE78AA1;Entre todos: ¡Transformamos la convivencia!;Convivencia
2746;17DE47EBC4B2D052;N/A;Convivencia
2747;47BA9811F9D579F6;N/A;Convivencia
2748;98BD5C7FD0769482;N/A;Convivencia
2749;4CC0FCE8AFF0AF05;¡Con-Vivamos a lo bien!;Convivencia
2750;E10AFE3C1B43F6CC;¡Con-Vivamos a lo bien!;Convivencia
2751;4B0B083C079A3CB3;Entre todos: ¡Transformamos la convivencia!, ¡Con-Vivamos a lo bien!, Eco-Sistema para la convivencia!;Convivencia
2752;F1ED4E4CE9857EE7;N/A;Convivencia
2753;7937C8BDCDB9D691;N/A;Convivencia
2754;87A301D53A31EFDF;N/A;Convivencia
2755;27F2707FAACAC621;N/A;Convivencia
2756;88959377AF61CA88;N/A;Convivencia
2757;ECB3DA1908042559;N/A;Convivencia
2758;AE543D333D95E393;N/A;Convivencia
2759;A881971860712258;N/A;Convivencia
2760;658DF7DE469136AB;N/A;Convivencia
2761;353124ADDA212C1D;N/A;Convivencia
2762;69FAEBA6AA3C9919;N/A;Convivencia
2763;1F78BA9156ABA548;N/A;Convivencia
2764;F882876518FACE5C;N/A;Convivencia
2765;AF85A592B9ED7EC7;N/A;Convivencia
2766;0C8F2585B9457A63;Entre todos: ¡Transformamos la convivencia!, ¡Con-Vivamos a lo bien!, Comuniquemos Convivencia, Distrito Convivencia;Convivencia
2767;987D682BA9767AEA;Entre todos: ¡Transformamos la convivencia!, ¡Con-Vivamos a lo bien!, Eco-Sistema para la convivencia!;Convivencia
2768;F59D39EAFEFAA6FF;Entre todos: ¡Transformamos la convivencia!;Convivencia
2769;7E1F25ED02F9F113;Entre todos: ¡Transformamos la convivencia!;Convivencia
2770;E9470EECB933E973;Entre todos: ¡Transformamos la convivencia!;Convivencia
2771;0B40E758619718CA;N/A;Convivencia
2772;8245A08A2A8DC1E7;N/A;Convivencia
2773;33D1A36AB58C1102;N/A;Convivencia
2774;299E0E9F62204AB5;N/A;Convivencia
2775;E52CD02B58F9F57C;¡Con-Vivamos a lo bien!;Convivencia
2776;030A2BAE14DF6A19;¡Con-Vivamos a lo bien!;Convivencia
2777;5869AB86C763E281;N/A;Convivencia
2778;2139C00FD0D6DC6E;N/A;Convivencia
2779;8A3AC009627E95B2;N/A;Convivencia
2780;1946F67ECDB333C0;N/A;Convivencia
2781;C3C5EFA2C0672FC9;N/A;Convivencia
2782;B132EA69F6E9202E;N/A;Convivencia
2783;85A82890BEB6C849;N/A;Convivencia
2784;D3EE08A50D07C132;N/A;Convivencia
2785;FB27E22BCD86923A;N/A;Convivencia
2786;B9039664D2A13507;N/A;Convivencia
2787;5348F598B5AEE181;N/A;Convivencia
2788;B350F005B3350D64;Entre todos: ¡Transformamos la convivencia!;Convivencia
2789;B5410E78C42C65B5;Comuniquemos Convivencia;Convivencia
2790;5C0D0E6A2972521F;¡Con-Vivamos a lo bien!;Convivencia
2791;260DA594A51E12D7;OpciónEntre todos: ¡Transformamos la convivencia!  ¡Con-Vivamos a lo bien!;Convivencia
2792;1C75ED3D8892A2D8;OpciónEntre todos: ¡Transformamos la convivencia!  ¡Con-Vivamos a lo bien!;Convivencia
2793;023B6E9E27917A2C;OpciónEntre todos: ¡Transformamos la convivencia!  ¡Con-Vivamos a lo bien!;Convivencia
2794;2057B5D325A202A5;OpciónEntre todos: ¡Transformamos la convivencia!  ¡Con-Vivamos a lo bien!;Convivencia
2795;E315695C78CF293E;OpciónEntre todos: ¡Transformamos la convivencia!  ¡Con-Vivamos a lo bien!;Convivencia
2796;6416D5297ED2B3D4;OpciónEntre todos: ¡Transformamos la convivencia!  ¡Con-Vivamos a lo bien!;Convivencia
2797;2461197088B9FA5C;OpciónEntre todos: ¡Transformamos la convivencia!  ¡Con-Vivamos a lo bien!;Convivencia
2798;306C52B7A6FCD6C5;OpciónEntre todos: ¡Transformamos la convivencia!  ¡Con-Vivamos a lo bien!;Convivencia
2799;131F324FDA090878;OpciónEntre todos: ¡Transformamos la convivencia!  ¡Con-Vivamos a lo bien!;Convivencia
2800;7BF01C665BFBE558;OpciónEntre todos: ¡Transformamos la convivencia!  ¡Con-Vivamos a lo bien!;Convivencia
2801;DFD308CAF7C6B69B;OpciónEntre todos: ¡Transformamos la convivencia!  ¡Con-Vivamos a lo bien!;Convivencia
2802;99CBB97BBEB1E67D;OpciónEntre todos: ¡Transformamos la convivencia!  ¡Con-Vivamos a lo bien!;Convivencia
2803;7B24E88403844C8C;OpciónEntre todos: ¡Transformamos la convivencia!  ¡Con-Vivamos a lo bien!;Convivencia
2804;5607CC48CEA70FC4;OpciónEntre todos: ¡Transformamos la convivencia!  ¡Con-Vivamos a lo bien!;Convivencia
2805;FC520D54A7F2D980;OpciónEntre todos: ¡Transformamos la convivencia!  ¡Con-Vivamos a lo bien!;Convivencia
2806;6BB665650D371DED;OpciónEntre todos: ¡Transformamos la convivencia!  ¡Con-Vivamos a lo bien!;Convivencia
2807;8E133D98C51E0E94;OpciónEntre todos: ¡Transformamos la convivencia!  ¡Con-Vivamos a lo bien!;Convivencia
2808;4C601DA3347D3AFB;OpciónEntre todos: ¡Transformamos la convivencia!  ¡Con-Vivamos a lo bien!;Convivencia
2809;3DB931EBA0333022;OpciónEntre todos: ¡Transformamos la convivencia!  ¡Con-Vivamos a lo bien!;Convivencia
2810;5B804557FB08EAEC;OpciónEntre todos: ¡Transformamos la convivencia!  ¡Con-Vivamos a lo bien!;Convivencia
2811;AE23421F8461B99E;OpciónEntre todos: ¡Transformamos la convivencia!  ¡Con-Vivamos a lo bien!;Convivencia
2812;A3874B1532D1A6A8;OpciónEntre todos: ¡Transformamos la convivencia!  ¡Con-Vivamos a lo bien!;Convivencia
2813;B89A255781B0FEC5;OpciónEntre todos: ¡Transformamos la convivencia!  ¡Con-Vivamos a lo bien!;Convivencia
2814;2D38D8395A0E4E0D;OpciónEntre todos: ¡Transformamos la convivencia!  ¡Con-Vivamos a lo bien!;Convivencia
2815;BEF468EC5E33C13A;OpciónEntre todos: ¡Transformamos la convivencia!  ¡Con-Vivamos a lo bien!;Convivencia
2816;FB62C08F8A2A5EB7;OpciónEntre todos: ¡Transformamos la convivencia!  ¡Con-Vivamos a lo bien!;Convivencia
2817;E61EB91285B68AB6;OpciónEntre todos: ¡Transformamos la convivencia!  ¡Con-Vivamos a lo bien!;Convivencia
2818;E8473A23FB327745;OpciónEntre todos: ¡Transformamos la convivencia!  ¡Con-Vivamos a lo bien!;Convivencia
2819;4B387B971889796B;OpciónEntre todos: ¡Transformamos la convivencia!  ¡Con-Vivamos a lo bien!;Convivencia
2820;2FB47C078A1FC6EA;OpciónEntre todos: ¡Transformamos la convivencia!  ¡Con-Vivamos a lo bien!;Convivencia
2821;1031E7A3296FF5EC;OpciónEntre todos: ¡Transformamos la convivencia!  ¡Con-Vivamos a lo bien!;Convivencia
2822;12F3F54092448DFF;OpciónEntre todos: ¡Transformamos la convivencia!  ¡Con-Vivamos a lo bien!;Convivencia
2823;CD07D71171769E29;OpciónEntre todos: ¡Transformamos la convivencia!  ¡Con-Vivamos a lo bien!;Convivencia
2824;3A7E7F0855FFEAD1;OpciónEntre todos: ¡Transformamos la convivencia!  ¡Con-Vivamos a lo bien!;Convivencia
2825;61AEF1B027F0BE25;OpciónEntre todos: ¡Transformamos la convivencia!  ¡Con-Vivamos a lo bien!;Convivencia
2826;12AFBF72138FFD23;OpciónEntre todos: ¡Transformamos la convivencia!  ¡Con-Vivamos a lo bien!;Convivencia
2827;12F21A3E2A5EE805;OpciónEntre todos: ¡Transformamos la convivencia!  ¡Con-Vivamos a lo bien!;Convivencia
2828;236F0B987E405C5B;OpciónEntre todos: ¡Transformamos la convivencia!  ¡Con-Vivamos a lo bien!;Convivencia
2829;A90C4965BC6F458C;OpciónEntre todos: ¡Transformamos la convivencia!  ¡Con-Vivamos a lo bien!;Convivencia
2830;3B0C547CB9C1B071;OpciónEntre todos: ¡Transformamos la convivencia!  ¡Con-Vivamos a lo bien!;Convivencia
2831;D25945D492BDDDFD;OpciónEntre todos: ¡Transformamos la convivencia!  ¡Con-Vivamos a lo bien!;Convivencia
2832;37E6D968C9D84E1B;OpciónEntre todos: ¡Transformamos la convivencia!  ¡Con-Vivamos a lo bien!;Convivencia
2833;B4E4EFDB96D6266F;OpciónEntre todos: ¡Transformamos la convivencia!  ¡Con-Vivamos a lo bien!;Convivencia
2834;785DBAEC53FAA9BA;OpciónEntre todos: ¡Transformamos la convivencia!  ¡Con-Vivamos a lo bien!;Convivencia
2835;A5AD9B033E0A8490;OpciónEntre todos: ¡Transformamos la convivencia!  ¡Con-Vivamos a lo bien!;Convivencia
2836;6D9C6BAEF71F4D85;OpciónEntre todos: ¡Transformamos la convivencia!  ¡Con-Vivamos a lo bien!;Convivencia
2837;5E91725F14325FE1;OpciónEntre todos: ¡Transformamos la convivencia!  ¡Con-Vivamos a lo bien!;Convivencia
2838;33DED919F2DE6FA8;OpciónEntre todos: ¡Transformamos la convivencia!  ¡Con-Vivamos a lo bien!;Convivencia
2839;2E2240164BAD0507;OpciónEntre todos: ¡Transformamos la convivencia!  ¡Con-Vivamos a lo bien!;Convivencia
2840;AC5CCE2406DDB79D;OpciónEntre todos: ¡Transformamos la convivencia!  ¡Con-Vivamos a lo bien!;Convivencia
2841;13083B5DF6F80C84;OpciónEntre todos: ¡Transformamos la convivencia!  ¡Con-Vivamos a lo bien!;Convivencia
2842;E8B9383C7A32B313;OpciónEntre todos: ¡Transformamos la convivencia!  ¡Con-Vivamos a lo bien!;Convivencia
2843;2511C36B9B566746;OpciónEntre todos: ¡Transformamos la convivencia!  ¡Con-Vivamos a lo bien!;Convivencia
2844;2D0F89E715AF0124;OpciónEntre todos: ¡Transformamos la convivencia!  ¡Con-Vivamos a lo bien!;Convivencia
2845;66A1501AD0E1E933;OpciónEntre todos: ¡Transformamos la convivencia!  ¡Con-Vivamos a lo bien!;Convivencia
2846;DF92C10A01AAFCCA;OpciónEntre todos: ¡Transformamos la convivencia!  ¡Con-Vivamos a lo bien!;Convivencia
2847;420227FCBCDDE51B;OpciónEntre todos: ¡Transformamos la convivencia!  ¡Con-Vivamos a lo bien!;Convivencia
2848;1B8C87295991AA8B;OpciónEntre todos: ¡Transformamos la convivencia!  ¡Con-Vivamos a lo bien!;Convivencia
2849;6B322EEB65964D10;OpciónEntre todos: ¡Transformamos la convivencia!  ¡Con-Vivamos a lo bien!;Convivencia
2850;779F0798DDB49977;OpciónEntre todos: ¡Transformamos la convivencia!  ¡Con-Vivamos a lo bien!;Convivencia
2851;4EEE596DEDC6A5D4;OpciónEntre todos: ¡Transformamos la convivencia!  ¡Con-Vivamos a lo bien!;Convivencia
2852;860388E7FC882771;OpciónEntre todos: ¡Transformamos la convivencia!  ¡Con-Vivamos a lo bien!;Convivencia
2853;E3F54A6E674B82BA;OpciónEntre todos: ¡Transformamos la convivencia!  ¡Con-Vivamos a lo bien!;Convivencia
2854;E75C1A564DD0C0D9;OpciónEntre todos: ¡Transformamos la convivencia!  ¡Con-Vivamos a lo bien!;Convivencia
2855;9A04CE018AC98476;OpciónEntre todos: ¡Transformamos la convivencia!  ¡Con-Vivamos a lo bien!;Convivencia
2856;0EC83D6572AFCD69;OpciónEntre todos: ¡Transformamos la convivencia!  ¡Con-Vivamos a lo bien!;Convivencia
2857;CFECAC4CCE0B3D86;OpciónEntre todos: ¡Transformamos la convivencia!  ¡Con-Vivamos a lo bien!;Convivencia
2858;DB87E521BC3BD563;OpciónEntre todos: ¡Transformamos la convivencia!  ¡Con-Vivamos a lo bien!;Convivencia
2859;CC5A029C624F1488;OpciónEntre todos: ¡Transformamos la convivencia!  ¡Con-Vivamos a lo bien!;Convivencia
2860;56CF4E3FE1A73BE4;OpciónEntre todos: ¡Transformamos la convivencia!  ¡Con-Vivamos a lo bien!;Convivencia
2861;7E20712E72901898;OpciónEntre todos: ¡Transformamos la convivencia!  ¡Con-Vivamos a lo bien!;Convivencia
2862;E9D4CC996CB55A6D;OpciónEntre todos: ¡Transformamos la convivencia!  ¡Con-Vivamos a lo bien!;Convivencia
2863;01083E2CCD289BDB;OpciónEntre todos: ¡Transformamos la convivencia!  ¡Con-Vivamos a lo bien!;Convivencia
2864;983A9992A1CB56DE;OpciónEntre todos: ¡Transformamos la convivencia!  ¡Con-Vivamos a lo bien!;Convivencia
2865;AE414C7052E7E6DE;OpciónEntre todos: ¡Transformamos la convivencia!  ¡Con-Vivamos a lo bien!;Convivencia
2866;E780B33F86DD3A2A;OpciónEntre todos: ¡Transformamos la convivencia!  ¡Con-Vivamos a lo bien!;Convivencia
2867;900C8D454476BF09;OpciónEntre todos: ¡Transformamos la convivencia!  ¡Con-Vivamos a lo bien!;Convivencia
2868;174C08D49180B88B;OpciónEntre todos: ¡Transformamos la convivencia!  ¡Con-Vivamos a lo bien!;Convivencia
2869;9F739AF9695C9947;OpciónEntre todos: ¡Transformamos la convivencia!  ¡Con-Vivamos a lo bien!;Convivencia
2870;CDB000BACC23D4EA;OpciónEntre todos: ¡Transformamos la convivencia!  ¡Con-Vivamos a lo bien!;Convivencia
2871;0D2C88B3D8C97EE5;OpciónEntre todos: ¡Transformamos la convivencia!  ¡Con-Vivamos a lo bien!;Convivencia
2872;3A7748E7988BAA19;OpciónEntre todos: ¡Transformamos la convivencia!  ¡Con-Vivamos a lo bien!;Convivencia
2873;954A4FC85BD59040;OpciónEntre todos: ¡Transformamos la convivencia!  ¡Con-Vivamos a lo bien!;Convivencia
2874;580CC4EB4A11F2CC;OpciónEntre todos: ¡Transformamos la convivencia!  ¡Con-Vivamos a lo bien!;Convivencia
2875;58FE27DDC53AA46F;OpciónEntre todos: ¡Transformamos la convivencia!  ¡Con-Vivamos a lo bien!;Convivencia
2876;C922E2CB8A1286B7;OpciónEntre todos: ¡Transformamos la convivencia!  ¡Con-Vivamos a lo bien!;Convivencia
2877;334CA99B00F2BBA4;OpciónEntre todos: ¡Transformamos la convivencia!  ¡Con-Vivamos a lo bien!;Convivencia
2878;6159E9607C6F6F06;OpciónEntre todos: ¡Transformamos la convivencia!  ¡Con-Vivamos a lo bien!;Convivencia
2879;0ADCCB7D411D5482;OpciónEntre todos: ¡Transformamos la convivencia!  ¡Con-Vivamos a lo bien!;Convivencia
2880;C5FD084B145A04C7;OpciónEntre todos: ¡Transformamos la convivencia!  ¡Con-Vivamos a lo bien!;Convivencia
2881;46CC4B067470DC8A;OpciónEntre todos: ¡Transformamos la convivencia!  ¡Con-Vivamos a lo bien!;Convivencia
2882;970A9627B3C24653;OpciónEntre todos: ¡Transformamos la convivencia!  ¡Con-Vivamos a lo bien!;Convivencia
2883;2E3D917B8964F486;OpciónEntre todos: ¡Transformamos la convivencia!  ¡Con-Vivamos a lo bien!;Convivencia
2884;B074D3AD3ED840FE;OpciónEntre todos: ¡Transformamos la convivencia!  ¡Con-Vivamos a lo bien!;Convivencia
2885;C30D34D6E34ED5E5;OpciónEntre todos: ¡Transformamos la convivencia!  ¡Con-Vivamos a lo bien!;Convivencia
2886;5400E0C93EB9164F;OpciónEntre todos: ¡Transformamos la convivencia!  ¡Con-Vivamos a lo bien!;Convivencia
2887;D8EB79A9C97AE793;OpciónEntre todos: ¡Transformamos la convivencia!  ¡Con-Vivamos a lo bien!;Convivencia
2888;631F5A010B28B566;OpciónEntre todos: ¡Transformamos la convivencia!  ¡Con-Vivamos a lo bien!;Convivencia
2889;CC80779801DC1860;OpciónEntre todos: ¡Transformamos la convivencia!  ¡Con-Vivamos a lo bien!;Convivencia
2890;FE1A0A69C6C64A93;OpciónEntre todos: ¡Transformamos la convivencia!  ¡Con-Vivamos a lo bien!;Convivencia
2891;C64998258CC7DF37;OpciónEntre todos: ¡Transformamos la convivencia!  ¡Con-Vivamos a lo bien!;Convivencia
2892;650794DFA9338D1B;OpciónEntre todos: ¡Transformamos la convivencia!  ¡Con-Vivamos a lo bien!;Convivencia
2893;0296E20963961E67;OpciónEntre todos: ¡Transformamos la convivencia!  ¡Con-Vivamos a lo bien!;Convivencia
2894;9AFE746AA548FA54;OpciónEntre todos: ¡Transformamos la convivencia!  ¡Con-Vivamos a lo bien!;Convivencia
2895;579AC3DA28A574F2;OpciónEntre todos: ¡Transformamos la convivencia!  ¡Con-Vivamos a lo bien!;Convivencia
2896;5E7006FA216FAAFD;OpciónEntre todos: ¡Transformamos la convivencia!  ¡Con-Vivamos a lo bien!;Convivencia
2897;B328BAE90E1A3F4D;OpciónEntre todos: ¡Transformamos la convivencia!  ¡Con-Vivamos a lo bien!;Convivencia
2898;0194E82DDB5C5AA1;OpciónEntre todos: ¡Transformamos la convivencia!  ¡Con-Vivamos a lo bien!;Convivencia
2899;7F982C3C29740235;OpciónEntre todos: ¡Transformamos la convivencia!  ¡Con-Vivamos a lo bien!;Convivencia
2900;9D856783C740EBB5;OpciónEntre todos: ¡Transformamos la convivencia!  ¡Con-Vivamos a lo bien!;Convivencia
2901;AC80C9315BDD2355;OpciónEntre todos: ¡Transformamos la convivencia!  ¡Con-Vivamos a lo bien!;Convivencia
2902;567184D2F9E060CF;OpciónEntre todos: ¡Transformamos la convivencia!  ¡Con-Vivamos a lo bien!;Convivencia
2903;59F136E6C469BC8E;OpciónEntre todos: ¡Transformamos la convivencia!  ¡Con-Vivamos a lo bien!;Convivencia
2904;87807320391E1091;OpciónEntre todos: ¡Transformamos la convivencia!  ¡Con-Vivamos a lo bien!;Convivencia
2905;F389A6F0D1E84E67;OpciónEntre todos: ¡Transformamos la convivencia!  ¡Con-Vivamos a lo bien!;Convivencia
2906;D78371E037AF57D5;OpciónEntre todos: ¡Transformamos la convivencia!  ¡Con-Vivamos a lo bien!;Convivencia
2907;55BDE1AAC022FBDD;OpciónEntre todos: ¡Transformamos la convivencia!  ¡Con-Vivamos a lo bien!;Convivencia
2908;85219B7B5FF61AF9;OpciónEntre todos: ¡Transformamos la convivencia!  ¡Con-Vivamos a lo bien!;Convivencia
2909;B31CEF278AE5CF8C;OpciónEntre todos: ¡Transformamos la convivencia!  ¡Con-Vivamos a lo bien!;Convivencia
2910;0AD162538AA38D0E;OpciónEntre todos: ¡Transformamos la convivencia!  ¡Con-Vivamos a lo bien!;Convivencia
2911;B6D464684FD95BDA;OpciónEntre todos: ¡Transformamos la convivencia!  ¡Con-Vivamos a lo bien!;Convivencia
2912;E4C4CECFDD24B6F9;OpciónEntre todos: ¡Transformamos la convivencia!  ¡Con-Vivamos a lo bien!;Convivencia
2913;9DC169245642A188;OpciónEntre todos: ¡Transformamos la convivencia!  ¡Con-Vivamos a lo bien!;Convivencia
2914;8C885C2CAE55EE54;OpciónEntre todos: ¡Transformamos la convivencia!  ¡Con-Vivamos a lo bien!;Convivencia
2915;895E7B2A82EABBA5;OpciónEntre todos: ¡Transformamos la convivencia!  ¡Con-Vivamos a lo bien!;Convivencia
2916;667E5DA46C92BBB0;OpciónEntre todos: ¡Transformamos la convivencia!  ¡Con-Vivamos a lo bien!;Convivencia
2917;0DA9F3254B0415E1;OpciónEntre todos: ¡Transformamos la convivencia!  ¡Con-Vivamos a lo bien!;Convivencia
2918;DF801F9A3FAE5AA4;OpciónEntre todos: ¡Transformamos la convivencia!  ¡Con-Vivamos a lo bien!;Convivencia
2919;550AB89EB100BBDC;OpciónEntre todos: ¡Transformamos la convivencia!  ¡Con-Vivamos a lo bien!;Convivencia
2920;6731D56132D69121;OpciónEntre todos: ¡Transformamos la convivencia!  ¡Con-Vivamos a lo bien!;Convivencia
2921;C0084F9EF6C32F9B;OpciónEntre todos: ¡Transformamos la convivencia!  ¡Con-Vivamos a lo bien!;Convivencia
2922;4EAF083694AAC36E;OpciónEntre todos: ¡Transformamos la convivencia!  ¡Con-Vivamos a lo bien!;Convivencia
2923;B441E6B6A33FF84A;OpciónEntre todos: ¡Transformamos la convivencia!  ¡Con-Vivamos a lo bien!;Convivencia
2924;8C67E573E2290569;OpciónEntre todos: ¡Transformamos la convivencia!  ¡Con-Vivamos a lo bien!;Convivencia
2925;85AB28EFE7E44247;OpciónEntre todos: ¡Transformamos la convivencia!  ¡Con-Vivamos a lo bien!;Convivencia
2926;5AA8855B85E10ECE;OpciónEntre todos: ¡Transformamos la convivencia!  ¡Con-Vivamos a lo bien!;Convivencia
2927;3DCB207B39417F84;OpciónEntre todos: ¡Transformamos la convivencia!  ¡Con-Vivamos a lo bien!;Convivencia
2928;E6B884971127A20E;OpciónEntre todos: ¡Transformamos la convivencia!  ¡Con-Vivamos a lo bien!;Convivencia
2929;C0DF823F0AA830A4;OpciónEntre todos: ¡Transformamos la convivencia!  ¡Con-Vivamos a lo bien!;Convivencia
2930;59415DFEE8310C21;OpciónEntre todos: ¡Transformamos la convivencia!  ¡Con-Vivamos a lo bien!;Convivencia
2931;7BCE53C1C17A4E84;OpciónEntre todos: ¡Transformamos la convivencia!  ¡Con-Vivamos a lo bien!;Convivencia
2932;9506A5CFE7340344;OpciónEntre todos: ¡Transformamos la convivencia!  ¡Con-Vivamos a lo bien!;Convivencia
2933;91B9F07D0099848B;OpciónEntre todos: ¡Transformamos la convivencia!  ¡Con-Vivamos a lo bien!;Convivencia
2934;D7B8CDB96A7817CB;OpciónEntre todos: ¡Transformamos la convivencia!  ¡Con-Vivamos a lo bien!;Convivencia
2935;537933203D7B5CD8;OpciónEntre todos: ¡Transformamos la convivencia!  ¡Con-Vivamos a lo bien!;Convivencia
2936;EA2A2D2E6BA619FD;OpciónEntre todos: ¡Transformamos la convivencia!  ¡Con-Vivamos a lo bien!;Convivencia
2937;FE4B306268527BC5;OpciónEntre todos: ¡Transformamos la convivencia!  ¡Con-Vivamos a lo bien!;Convivencia
2938;0113C3676560034C;OpciónEntre todos: ¡Transformamos la convivencia!  ¡Con-Vivamos a lo bien!;Convivencia
2939;9EFB559F5AA13FD8;OpciónEntre todos: ¡Transformamos la convivencia!  ¡Con-Vivamos a lo bien!;Convivencia
2940;C718EA81B2FA5CC7;OpciónEntre todos: ¡Transformamos la convivencia!  ¡Con-Vivamos a lo bien!;Convivencia
2941;26A205E24F5B8BC3;OpciónEntre todos: ¡Transformamos la convivencia!  ¡Con-Vivamos a lo bien!;Convivencia
2942;E190F7C8BCEA6D79;OpciónEntre todos: ¡Transformamos la convivencia!  ¡Con-Vivamos a lo bien!;Convivencia
2943;14E0D3D99E77B716;OpciónEntre todos: ¡Transformamos la convivencia!  ¡Con-Vivamos a lo bien!;Convivencia
2944;64F83471E9F41BAB;OpciónEntre todos: ¡Transformamos la convivencia!  ¡Con-Vivamos a lo bien!;Convivencia
2945;AF716C068FC276C2;OpciónEntre todos: ¡Transformamos la convivencia!  ¡Con-Vivamos a lo bien!;Convivencia
2946;6AE618CD1AAB4DF3;OpciónEntre todos: ¡Transformamos la convivencia!  ¡Con-Vivamos a lo bien!;Convivencia
2947;C842AB879BACDB33;OpciónEntre todos: ¡Transformamos la convivencia!  ¡Con-Vivamos a lo bien!;Convivencia
2948;1BAD7C18E701B8BC;OpciónEntre todos: ¡Transformamos la convivencia!  ¡Con-Vivamos a lo bien!;Convivencia
2949;6B8F489CA0A99A01;OpciónEntre todos: ¡Transformamos la convivencia!  ¡Con-Vivamos a lo bien!;Convivencia
2950;2489DE49EBA7F0A1;OpciónEntre todos: ¡Transformamos la convivencia!  ¡Con-Vivamos a lo bien!;Convivencia
2951;40F434EDBE9BA70E;OpciónEntre todos: ¡Transformamos la convivencia!  ¡Con-Vivamos a lo bien!;Convivencia
2952;9EAF8D7AA9C4BE70;OpciónEntre todos: ¡Transformamos la convivencia!  ¡Con-Vivamos a lo bien!;Convivencia
2953;0940816CE2E92E8B;OpciónEntre todos: ¡Transformamos la convivencia!  ¡Con-Vivamos a lo bien!;Convivencia
2954;8842DF197870A997;OpciónEntre todos: ¡Transformamos la convivencia!  ¡Con-Vivamos a lo bien!;Convivencia
2955;F7E904B180EABA6D;OpciónEntre todos: ¡Transformamos la convivencia!  ¡Con-Vivamos a lo bien!;Convivencia
2956;409869B15FAB9520;OpciónEntre todos: ¡Transformamos la convivencia!  ¡Con-Vivamos a lo bien!;Convivencia
2957;2765D7A48B9F62E0;OpciónEntre todos: ¡Transformamos la convivencia!  ¡Con-Vivamos a lo bien!;Convivencia
2958;CA8470700FCA19B5;OpciónEntre todos: ¡Transformamos la convivencia!  ¡Con-Vivamos a lo bien!;Convivencia
2959;68784CE90615FF55;OpciónEntre todos: ¡Transformamos la convivencia!  ¡Con-Vivamos a lo bien!;Convivencia
2960;781466B2E06C85A2;OpciónEntre todos: ¡Transformamos la convivencia!  ¡Con-Vivamos a lo bien!;Convivencia
2961;0851D97D4A82101D;OpciónEntre todos: ¡Transformamos la convivencia!  ¡Con-Vivamos a lo bien!;Convivencia
2962;3C332CE7F3AF1223;OpciónEntre todos: ¡Transformamos la convivencia!  ¡Con-Vivamos a lo bien!;Convivencia
2963;6D8FCAA877DF3BB8;OpciónEntre todos: ¡Transformamos la convivencia!  ¡Con-Vivamos a lo bien!;Convivencia
2964;A26EBB3B5A81D636;OpciónEntre todos: ¡Transformamos la convivencia!  ¡Con-Vivamos a lo bien!;Convivencia
2965;3BE66F51A002A080;OpciónEntre todos: ¡Transformamos la convivencia!  ¡Con-Vivamos a lo bien!;Convivencia
2966;F9FBBA33E9B4D31C;OpciónEntre todos: ¡Transformamos la convivencia!  ¡Con-Vivamos a lo bien!;Convivencia
2967;EEBBEA178CE819DE;OpciónEntre todos: ¡Transformamos la convivencia!  ¡Con-Vivamos a lo bien!;Convivencia
2968;69F5648D28FBB10B;OpciónEntre todos: ¡Transformamos la convivencia!  ¡Con-Vivamos a lo bien!;Convivencia
2969;20C2000B34CCE0BB;OpciónEntre todos: ¡Transformamos la convivencia!  ¡Con-Vivamos a lo bien!;Convivencia
2970;F3D914CFAF229876;OpciónEntre todos: ¡Transformamos la convivencia!  ¡Con-Vivamos a lo bien!;Convivencia
2971;FF2B45427F939840;OpciónEntre todos: ¡Transformamos la convivencia!  ¡Con-Vivamos a lo bien!;Convivencia
2972;D8E30B535D75E987;OpciónEntre todos: ¡Transformamos la convivencia!  ¡Con-Vivamos a lo bien!;Convivencia
2973;6F906ADC783DAC9C;OpciónEntre todos: ¡Transformamos la convivencia!  ¡Con-Vivamos a lo bien!;Convivencia
2974;569F16D8018E100E;OpciónEntre todos: ¡Transformamos la convivencia!  ¡Con-Vivamos a lo bien!;Convivencia
2975;1179B43705DB1F18;OpciónEntre todos: ¡Transformamos la convivencia!  ¡Con-Vivamos a lo bien!;Convivencia
2976;34A1B9DB272CD2E1;OpciónEntre todos: ¡Transformamos la convivencia!  ¡Con-Vivamos a lo bien!;Convivencia
2977;02F69B895D66BEAE;OpciónEntre todos: ¡Transformamos la convivencia!  ¡Con-Vivamos a lo bien!;Convivencia
2978;AF304BB7F55E3D64;OpciónEntre todos: ¡Transformamos la convivencia!  ¡Con-Vivamos a lo bien!;Convivencia
2979;13DD75DAFE5A39C8;OpciónEntre todos: ¡Transformamos la convivencia!  ¡Con-Vivamos a lo bien!;Convivencia
2980;D6297A9917CA54A8;OpciónEntre todos: ¡Transformamos la convivencia!  ¡Con-Vivamos a lo bien!;Convivencia
2981;CAC7F3A35DBBBD53;OpciónEntre todos: ¡Transformamos la convivencia!  ¡Con-Vivamos a lo bien!;Convivencia
2982;EBCF17CC8B6ED01E;OpciónEntre todos: ¡Transformamos la convivencia!  ¡Con-Vivamos a lo bien!;Convivencia
2983;C7BB39AE651EEEE5;OpciónEntre todos: ¡Transformamos la convivencia!  ¡Con-Vivamos a lo bien!;Convivencia
2984;A782DD9FDE6966FD;N/A;Convivencia
2985;5F99FACC04671BDF;OpciónEntre todos: ¡Transformamos la convivencia!  ¡Con-Vivamos a lo bien!;Convivencia
2986;202162F40F95E464;OpciónEntre todos: ¡Transformamos la convivencia!  ¡Con-Vivamos a lo bien!;Convivencia
2987;85153647D5AA197E;OpciónEntre todos: ¡Transformamos la convivencia!  ¡Con-Vivamos a lo bien!;Convivencia
2988;F61F5E2C39635B5C;OpciónEntre todos: ¡Transformamos la convivencia!  ¡Con-Vivamos a lo bien!;Convivencia
2989;3FE27D45AA2A6106;OpciónEntre todos: ¡Transformamos la convivencia!  ¡Con-Vivamos a lo bien!;Convivencia
2990;2754461EA1D2B9DC;OpciónEntre todos: ¡Transformamos la convivencia!  ¡Con-Vivamos a lo bien!;Convivencia
2991;00BF5E166C1B3C2C;OpciónEntre todos: ¡Transformamos la convivencia!  ¡Con-Vivamos a lo bien!;Convivencia
2992;0CDCC1A58E4AE18B;OpciónEntre todos: ¡Transformamos la convivencia!  ¡Con-Vivamos a lo bien!;Convivencia
2993;377E9B8D6C5C429C;OpciónEntre todos: ¡Transformamos la convivencia!  ¡Con-Vivamos a lo bien!;Convivencia
2994;FF05693341486355;OpciónEntre todos: ¡Transformamos la convivencia!  ¡Con-Vivamos a lo bien!;Convivencia
2995;F3B7D9E7070A3DE7;OpciónEntre todos: ¡Transformamos la convivencia!  ¡Con-Vivamos a lo bien!;Convivencia
2996;F19C3482C54C2072;OpciónEntre todos: ¡Transformamos la convivencia!  ¡Con-Vivamos a lo bien!;Convivencia
2997;2939C2544DA0492C;OpciónEntre todos: ¡Transformamos la convivencia!  ¡Con-Vivamos a lo bien!;Convivencia
2998;CD9C90FD1E024E54;OpciónEntre todos: ¡Transformamos la convivencia!  ¡Con-Vivamos a lo bien!;Convivencia
2999;0FD9A90DCB82754E;OpciónEntre todos: ¡Transformamos la convivencia!  ¡Con-Vivamos a lo bien!;Convivencia
3000;23293E06C5546AC2;OpciónEntre todos: ¡Transformamos la convivencia!  ¡Con-Vivamos a lo bien!;Convivencia
3001;6775CC5300C6E188;OpciónEntre todos: ¡Transformamos la convivencia!  ¡Con-Vivamos a lo bien!;Convivencia
3002;E990512F917397A6;OpciónEntre todos: ¡Transformamos la convivencia!  ¡Con-Vivamos a lo bien!;Convivencia
3003;07302B241FCFA1A0;OpciónEntre todos: ¡Transformamos la convivencia!  ¡Con-Vivamos a lo bien!;Convivencia
3004;0A69843DF761CD53;OpciónEntre todos: ¡Transformamos la convivencia!  ¡Con-Vivamos a lo bien!;Convivencia
3005;000D44916D55066F;OpciónEntre todos: ¡Transformamos la convivencia!  ¡Con-Vivamos a lo bien!;Convivencia
3006;A6B44AA8820FC30A;OpciónEntre todos: ¡Transformamos la convivencia!  ¡Con-Vivamos a lo bien!;Convivencia
3007;9BD5AC2D1CAB7039;OpciónEntre todos: ¡Transformamos la convivencia!  ¡Con-Vivamos a lo bien!;Convivencia
3008;23BDF9EA21262A1C;OpciónEntre todos: ¡Transformamos la convivencia!  ¡Con-Vivamos a lo bien!;Convivencia
3009;C774709D2868B81F;OpciónEntre todos: ¡Transformamos la convivencia!  ¡Con-Vivamos a lo bien!;Convivencia
3010;8E5BDE1FEE16BC96;OpciónEntre todos: ¡Transformamos la convivencia!  ¡Con-Vivamos a lo bien!;Convivencia
3011;10F096F20933EF67;OpciónEntre todos: ¡Transformamos la convivencia!  ¡Con-Vivamos a lo bien!;Convivencia
3012;3B405611C9A91338;OpciónEntre todos: ¡Transformamos la convivencia!  ¡Con-Vivamos a lo bien!;Convivencia
3013;FFE37D6BB891898A;OpciónEntre todos: ¡Transformamos la convivencia!  ¡Con-Vivamos a lo bien!;Convivencia
3014;5BC6DC2AAD5D9055;OpciónEntre todos: ¡Transformamos la convivencia!  ¡Con-Vivamos a lo bien!;Convivencia
3015;FFE5D4B50A5CEF72;OpciónEntre todos: ¡Transformamos la convivencia!  ¡Con-Vivamos a lo bien!;Convivencia
3016;54BAEF38ADDFAAD9;OpciónEntre todos: ¡Transformamos la convivencia!  ¡Con-Vivamos a lo bien!;Convivencia
3017;3AC5CBBABA45BB82;OpciónEntre todos: ¡Transformamos la convivencia!  ¡Con-Vivamos a lo bien!;Convivencia
3018;BEEF170444220888;OpciónEntre todos: ¡Transformamos la convivencia!  ¡Con-Vivamos a lo bien!;Convivencia
3019;52E07C4934EFA1AC;OpciónEntre todos: ¡Transformamos la convivencia!  ¡Con-Vivamos a lo bien!;Convivencia
3020;2F920E9633CF2B57;OpciónEntre todos: ¡Transformamos la convivencia!  ¡Con-Vivamos a lo bien!;Convivencia
3021;C1EC0202FAF559D1;OpciónEntre todos: ¡Transformamos la convivencia!  ¡Con-Vivamos a lo bien!;Convivencia
3022;BEEFD0E4E59D7395;OpciónEntre todos: ¡Transformamos la convivencia!  ¡Con-Vivamos a lo bien!;Convivencia
3023;71F511CB1A35716B;OpciónEntre todos: ¡Transformamos la convivencia!  ¡Con-Vivamos a lo bien!;Convivencia
3024;626DA5A9FA5F9C18;OpciónEntre todos: ¡Transformamos la convivencia!  ¡Con-Vivamos a lo bien!;Convivencia
3025;1DC905DD70F5C095;OpciónEntre todos: ¡Transformamos la convivencia!  ¡Con-Vivamos a lo bien!;Convivencia
3026;53EF14021F7DFFBD;OpciónEntre todos: ¡Transformamos la convivencia!  ¡Con-Vivamos a lo bien!;Convivencia
3027;002EC39C519C5998;OpciónEntre todos: ¡Transformamos la convivencia!  ¡Con-Vivamos a lo bien!;Convivencia
3028;D2A0809EC8D75616;OpciónEntre todos: ¡Transformamos la convivencia!  ¡Con-Vivamos a lo bien!;Convivencia
3029;71A631D98DCEC761;OpciónEntre todos: ¡Transformamos la convivencia!  ¡Con-Vivamos a lo bien!;Convivencia
3030;11F799B219102FFB;OpciónEntre todos: ¡Transformamos la convivencia!  ¡Con-Vivamos a lo bien!;Convivencia
3031;332BDE6706755CD8;OpciónEntre todos: ¡Transformamos la convivencia!  ¡Con-Vivamos a lo bien!;Convivencia
3032;B7F652D7A2E2D8BC;OpciónEntre todos: ¡Transformamos la convivencia!  ¡Con-Vivamos a lo bien!;Convivencia
3033;2175F22605786AE5;OpciónEntre todos: ¡Transformamos la convivencia!  ¡Con-Vivamos a lo bien!;Convivencia
3034;B6216091CDB2E4E7;OpciónEntre todos: ¡Transformamos la convivencia!  ¡Con-Vivamos a lo bien!;Convivencia
3035;FD331D8E9F06AA91;OpciónEntre todos: ¡Transformamos la convivencia!  ¡Con-Vivamos a lo bien!;Convivencia
3036;4C14AB8F5B552C2C;OpciónEntre todos: ¡Transformamos la convivencia!  ¡Con-Vivamos a lo bien!;Convivencia
3037;1A24E32149C15707;OpciónEntre todos: ¡Transformamos la convivencia!  ¡Con-Vivamos a lo bien!;Convivencia
3038;6B1D33FCC85130D5;OpciónEntre todos: ¡Transformamos la convivencia!  ¡Con-Vivamos a lo bien!;Convivencia
3039;75D801C2A2C54689;OpciónEntre todos: ¡Transformamos la convivencia!  ¡Con-Vivamos a lo bien!;Convivencia
3040;BF18523E76E7A906;OpciónEntre todos: ¡Transformamos la convivencia!  ¡Con-Vivamos a lo bien!;Convivencia
3041;551102EFF1DD4D95;OpciónEntre todos: ¡Transformamos la convivencia!  ¡Con-Vivamos a lo bien!;Convivencia
3042;32834B5BE23F3353;OpciónEntre todos: ¡Transformamos la convivencia!  ¡Con-Vivamos a lo bien!;Convivencia
3043;CB7B6B08AC8F4648;OpciónEntre todos: ¡Transformamos la convivencia!  ¡Con-Vivamos a lo bien!;Convivencia
3044;07EC20A34902975C;OpciónEntre todos: ¡Transformamos la convivencia!  ¡Con-Vivamos a lo bien!;Convivencia
3045;3E1275EC2F47C766;OpciónEntre todos: ¡Transformamos la convivencia!  ¡Con-Vivamos a lo bien!;Convivencia
3046;926F66D5BFC52E27;OpciónEntre todos: ¡Transformamos la convivencia!  ¡Con-Vivamos a lo bien!;Convivencia
3047;C4665125F73DB034;OpciónEntre todos: ¡Transformamos la convivencia!  ¡Con-Vivamos a lo bien!;Convivencia
3048;80B50E0CCCF88764;OpciónEntre todos: ¡Transformamos la convivencia!  ¡Con-Vivamos a lo bien!;Convivencia
3049;B799B56F2A12119D;OpciónEntre todos: ¡Transformamos la convivencia!  ¡Con-Vivamos a lo bien!;Convivencia
3050;5DDB327AE65855CE;OpciónEntre todos: ¡Transformamos la convivencia!  ¡Con-Vivamos a lo bien!;Convivencia
3051;7B5C4582333B97C9;OpciónEntre todos: ¡Transformamos la convivencia!  ¡Con-Vivamos a lo bien!;Convivencia
3052;8612CEF70CF1C86A;OpciónEntre todos: ¡Transformamos la convivencia!  ¡Con-Vivamos a lo bien!;Convivencia
3053;08102ABF04555320;OpciónEntre todos: ¡Transformamos la convivencia!  ¡Con-Vivamos a lo bien!;Convivencia
3054;A9CFEB3ED332086D;OpciónEntre todos: ¡Transformamos la convivencia!  ¡Con-Vivamos a lo bien!;Convivencia
3055;058633DFC7AA89CB;OpciónEntre todos: ¡Transformamos la convivencia!  ¡Con-Vivamos a lo bien!;Convivencia
3056;9DBA23FDC474DD4D;OpciónEntre todos: ¡Transformamos la convivencia!  ¡Con-Vivamos a lo bien!;Convivencia
3057;B547FBB5EECA3FA9;OpciónEntre todos: ¡Transformamos la convivencia!  ¡Con-Vivamos a lo bien!;Convivencia
3058;9112558DE169D9F8;OpciónEntre todos: ¡Transformamos la convivencia!  ¡Con-Vivamos a lo bien!;Convivencia
3059;08E4FED728A7F8B3;OpciónEntre todos: ¡Transformamos la convivencia!  ¡Con-Vivamos a lo bien!;Convivencia
3060;021182D635AFD85E;OpciónEntre todos: ¡Transformamos la convivencia!  ¡Con-Vivamos a lo bien!;Convivencia
3061;011334F43D6F0EAA;OpciónEntre todos: ¡Transformamos la convivencia!  ¡Con-Vivamos a lo bien!;Convivencia
3062;7635CC302573D20E;OpciónEntre todos: ¡Transformamos la convivencia!  ¡Con-Vivamos a lo bien!;Convivencia
3063;BF84A21581A569F7;OpciónEntre todos: ¡Transformamos la convivencia!  ¡Con-Vivamos a lo bien!;Convivencia
3064;AEB73E7DBCA55577;OpciónEntre todos: ¡Transformamos la convivencia!  ¡Con-Vivamos a lo bien!;Convivencia
3065;6F901B545B886946;OpciónEntre todos: ¡Transformamos la convivencia!  ¡Con-Vivamos a lo bien!;Convivencia
3066;386A1CAC447100B2;OpciónEntre todos: ¡Transformamos la convivencia!  ¡Con-Vivamos a lo bien!;Convivencia
3067;4241B825EAB03C8B;OpciónEntre todos: ¡Transformamos la convivencia!  ¡Con-Vivamos a lo bien!;Convivencia
3068;DA7FE8A95E03B1BE;OpciónEntre todos: ¡Transformamos la convivencia!  ¡Con-Vivamos a lo bien!;Convivencia
3069;43D0B11637C43012;OpciónEntre todos: ¡Transformamos la convivencia!  ¡Con-Vivamos a lo bien!;Convivencia
3070;E873A7197B1C185F;OpciónEntre todos: ¡Transformamos la convivencia!  ¡Con-Vivamos a lo bien!;Convivencia
3071;B6AE0E3371BF5A20;OpciónEntre todos: ¡Transformamos la convivencia!  ¡Con-Vivamos a lo bien!;Convivencia
3072;4ECEF2690B1670B4;OpciónEntre todos: ¡Transformamos la convivencia!  ¡Con-Vivamos a lo bien!;Convivencia
3073;E02A7B81472AC866;OpciónEntre todos: ¡Transformamos la convivencia!  ¡Con-Vivamos a lo bien!;Convivencia
3074;6CE389669FF45139;OpciónEntre todos: ¡Transformamos la convivencia!  ¡Con-Vivamos a lo bien!;Convivencia
3075;A256C855C53BF11F;OpciónEntre todos: ¡Transformamos la convivencia!  ¡Con-Vivamos a lo bien!;Convivencia
3076;4426A978B55EC234;OpciónEntre todos: ¡Transformamos la convivencia!  ¡Con-Vivamos a lo bien!;Convivencia
3077;2156CA916367272B;OpciónEntre todos: ¡Transformamos la convivencia!  ¡Con-Vivamos a lo bien!;Convivencia
3078;29AEEE6D8A35275A;OpciónEntre todos: ¡Transformamos la convivencia!  ¡Con-Vivamos a lo bien!;Convivencia
3079;764CC67F73F5BD2B;OpciónEntre todos: ¡Transformamos la convivencia!  ¡Con-Vivamos a lo bien!;Convivencia
3080;7BA4892117AF2EB6;OpciónEntre todos: ¡Transformamos la convivencia!  ¡Con-Vivamos a lo bien!;Convivencia
3081;251F4AD6E81084ED;OpciónEntre todos: ¡Transformamos la convivencia!  ¡Con-Vivamos a lo bien!;Convivencia
3082;14C48BA0B107CC4D;OpciónEntre todos: ¡Transformamos la convivencia!  ¡Con-Vivamos a lo bien!;Convivencia
3083;B42768B1FBA074A2;OpciónEntre todos: ¡Transformamos la convivencia!  ¡Con-Vivamos a lo bien!;Convivencia
3084;E6168F0044A8B33E;OpciónEntre todos: ¡Transformamos la convivencia!  ¡Con-Vivamos a lo bien!;Convivencia
3085;774E71A29C33F15C;OpciónEntre todos: ¡Transformamos la convivencia!  ¡Con-Vivamos a lo bien!;Convivencia
3086;E97FCBF89CA5D666;OpciónEntre todos: ¡Transformamos la convivencia!  ¡Con-Vivamos a lo bien!;Convivencia
3087;744AD203DD1E6FD0;OpciónEntre todos: ¡Transformamos la convivencia!  ¡Con-Vivamos a lo bien!;Convivencia
3088;3C1E906EFA7A2CE9;OpciónEntre todos: ¡Transformamos la convivencia!  ¡Con-Vivamos a lo bien!;Convivencia
3089;00DA4042EDD59FC3;OpciónEntre todos: ¡Transformamos la convivencia!  ¡Con-Vivamos a lo bien!;Convivencia
3090;126A2E48315A445A;OpciónEntre todos: ¡Transformamos la convivencia!  ¡Con-Vivamos a lo bien!;Convivencia
3091;7559598519334CC7;OpciónEntre todos: ¡Transformamos la convivencia!  ¡Con-Vivamos a lo bien!;Convivencia
3092;10AE618350A145D7;OpciónEntre todos: ¡Transformamos la convivencia!  ¡Con-Vivamos a lo bien!;Convivencia
3093;1A97F038677B02C1;OpciónEntre todos: ¡Transformamos la convivencia!  ¡Con-Vivamos a lo bien!;Convivencia
3094;E9D5E6A7970EEE47;OpciónEntre todos: ¡Transformamos la convivencia!  ¡Con-Vivamos a lo bien!;Convivencia
3095;DB3FD1A248003241;OpciónEntre todos: ¡Transformamos la convivencia!  ¡Con-Vivamos a lo bien!;Convivencia
3096;C3595F2439B6C54A;OpciónEntre todos: ¡Transformamos la convivencia!  ¡Con-Vivamos a lo bien!;Convivencia
3097;5F03407DD9F9A910;OpciónEntre todos: ¡Transformamos la convivencia!  ¡Con-Vivamos a lo bien!;Convivencia
3098;CF684F6600A6DA0A;OpciónEntre todos: ¡Transformamos la convivencia!  ¡Con-Vivamos a lo bien!;Convivencia
3099;6F78594B63E89E3E;OpciónEntre todos: ¡Transformamos la convivencia!  ¡Con-Vivamos a lo bien!;Convivencia
3100;37CD4EDFDA9CA2B2;OpciónEntre todos: ¡Transformamos la convivencia!  ¡Con-Vivamos a lo bien!;Convivencia
3101;5C2012FC28A05869;OpciónEntre todos: ¡Transformamos la convivencia!  ¡Con-Vivamos a lo bien!;Convivencia
3102;A9F42DB8BE88C289;OpciónEntre todos: ¡Transformamos la convivencia!  ¡Con-Vivamos a lo bien!;Convivencia
3103;C830539F41C063F7;OpciónEntre todos: ¡Transformamos la convivencia!  ¡Con-Vivamos a lo bien!;Convivencia
3104;8BD8F71AF3A081CC;OpciónEntre todos: ¡Transformamos la convivencia!  ¡Con-Vivamos a lo bien!;Convivencia
3105;29BB046B78EA10A5;OpciónEntre todos: ¡Transformamos la convivencia!  ¡Con-Vivamos a lo bien!;Convivencia
3106;097D688DE88CE6B1;OpciónEntre todos: ¡Transformamos la convivencia!  ¡Con-Vivamos a lo bien!;Convivencia
3107;1674360993E62DB7;OpciónEntre todos: ¡Transformamos la convivencia!  ¡Con-Vivamos a lo bien!;Convivencia
3108;F5252FF3323791AD;OpciónEntre todos: ¡Transformamos la convivencia!  ¡Con-Vivamos a lo bien!;Convivencia
3109;C6D60AAD5A0CBB42;OpciónEntre todos: ¡Transformamos la convivencia!  ¡Con-Vivamos a lo bien!;Convivencia
3110;DE2432E574BD6F66;OpciónEntre todos: ¡Transformamos la convivencia!  ¡Con-Vivamos a lo bien!;Convivencia
3111;1557876A0DB20CA2;OpciónEntre todos: ¡Transformamos la convivencia!  ¡Con-Vivamos a lo bien!;Convivencia
3112;0E6F7AE725D378FD;OpciónEntre todos: ¡Transformamos la convivencia!  ¡Con-Vivamos a lo bien!;Convivencia
3113;6D6076166FCEE5AB;OpciónEntre todos: ¡Transformamos la convivencia!  ¡Con-Vivamos a lo bien!;Convivencia
3114;4904C59914F68219;OpciónEntre todos: ¡Transformamos la convivencia!  ¡Con-Vivamos a lo bien!;Convivencia
3115;E8C9CF8392A0882F;OpciónEntre todos: ¡Transformamos la convivencia!  ¡Con-Vivamos a lo bien!;Convivencia
3116;F13FEECE1E95EF09;OpciónEntre todos: ¡Transformamos la convivencia!  ¡Con-Vivamos a lo bien!;Convivencia
3117;72EA2135B0B193E4;OpciónEntre todos: ¡Transformamos la convivencia!  ¡Con-Vivamos a lo bien!;Convivencia
3118;3312B7D3FE612DE4;OpciónEntre todos: ¡Transformamos la convivencia!  ¡Con-Vivamos a lo bien!;Convivencia
3119;82E401B38935FCD9;OpciónEntre todos: ¡Transformamos la convivencia!  ¡Con-Vivamos a lo bien!;Convivencia
3120;F8AC1F04E7128122;OpciónEntre todos: ¡Transformamos la convivencia!  ¡Con-Vivamos a lo bien!;Convivencia
3121;E46338A72CC2B074;OpciónEntre todos: ¡Transformamos la convivencia!  ¡Con-Vivamos a lo bien!;Convivencia
3122;127561D581F761CE;OpciónEntre todos: ¡Transformamos la convivencia!  ¡Con-Vivamos a lo bien!;Convivencia
3123;083711E3A957D058;OpciónEntre todos: ¡Transformamos la convivencia!  ¡Con-Vivamos a lo bien!;Convivencia
3124;F956B15864D2837A;OpciónEntre todos: ¡Transformamos la convivencia!  ¡Con-Vivamos a lo bien!;Convivencia
3125;2C9F4A04A3052052;OpciónEntre todos: ¡Transformamos la convivencia!  ¡Con-Vivamos a lo bien!;Convivencia
3126;74BE5B94CFDDBD40;OpciónEntre todos: ¡Transformamos la convivencia!  ¡Con-Vivamos a lo bien!;Convivencia
3127;CB2DC6BB7A0BCBA6;Eco-Sistema para la convivencia!;Convivencia
3128;66DAE104B9D5EFE2;OpciónEntre todos: ¡Transformamos la convivencia!  ¡Con-Vivamos a lo bien!;Convivencia
3129;722A46CCBD2B0583;OpciónEntre todos: ¡Transformamos la convivencia!  ¡Con-Vivamos a lo bien!;Convivencia
3130;0F607D466AE532E2;OpciónEntre todos: ¡Transformamos la convivencia!  ¡Con-Vivamos a lo bien!;Convivencia
3131;5F5BFE8569BF6261;OpciónEntre todos: ¡Transformamos la convivencia!  ¡Con-Vivamos a lo bien!;Convivencia
3132;310921B2C8B00F03;OpciónEntre todos: ¡Transformamos la convivencia!  ¡Con-Vivamos a lo bien!;Convivencia
3133;D1E7BABE012F7E2E;OpciónEntre todos: ¡Transformamos la convivencia!  ¡Con-Vivamos a lo bien!;Convivencia
3134;C2D6E0DF3AA445A8;OpciónEntre todos: ¡Transformamos la convivencia!  ¡Con-Vivamos a lo bien!;Convivencia
3135;9A1A0F0CCBE22DE7;OpciónEntre todos: ¡Transformamos la convivencia!  ¡Con-Vivamos a lo bien!;Convivencia
3136;EF2FE3C0CAD4E437;OpciónEntre todos: ¡Transformamos la convivencia!  ¡Con-Vivamos a lo bien!;Convivencia
3137;7E0EA4B1846BA7E5;OpciónEntre todos: ¡Transformamos la convivencia!  ¡Con-Vivamos a lo bien!;Convivencia
3138;1D5A2FB85641E20A;OpciónEntre todos: ¡Transformamos la convivencia!  ¡Con-Vivamos a lo bien!;Convivencia
3139;F5D9CA22EB7E3713;OpciónEntre todos: ¡Transformamos la convivencia!  ¡Con-Vivamos a lo bien!;Convivencia
3140;55C7AFB5739AAF24;OpciónEntre todos: ¡Transformamos la convivencia!  ¡Con-Vivamos a lo bien!;Convivencia
3141;57001DC0EB267EED;OpciónEntre todos: ¡Transformamos la convivencia!  ¡Con-Vivamos a lo bien!;Convivencia
3142;29E4EF8BB0EB76C3;OpciónEntre todos: ¡Transformamos la convivencia!  ¡Con-Vivamos a lo bien!;Convivencia
3143;A9A52F7E66711B90;OpciónEntre todos: ¡Transformamos la convivencia!  ¡Con-Vivamos a lo bien!;Convivencia
3144;B9D795725B3B8AB9;OpciónEntre todos: ¡Transformamos la convivencia!  ¡Con-Vivamos a lo bien!;Convivencia
3145;FAFBD357D7EFCF39;OpciónEntre todos: ¡Transformamos la convivencia!  ¡Con-Vivamos a lo bien!;Convivencia
3146;AEC50714BE610203;OpciónEntre todos: ¡Transformamos la convivencia!  ¡Con-Vivamos a lo bien!;Convivencia
3147;5AE1BE15981CA6EB;OpciónEntre todos: ¡Transformamos la convivencia!  ¡Con-Vivamos a lo bien!;Convivencia
3148;55CACD636760FA74;OpciónEntre todos: ¡Transformamos la convivencia!  ¡Con-Vivamos a lo bien!;Convivencia
3149;4C5435961373883F;OpciónEntre todos: ¡Transformamos la convivencia!  ¡Con-Vivamos a lo bien!;Convivencia
3150;521B73B6CB5CEF76;OpciónEntre todos: ¡Transformamos la convivencia!  ¡Con-Vivamos a lo bien!;Convivencia
3151;E59A5429B3C36830;OpciónEntre todos: ¡Transformamos la convivencia!  ¡Con-Vivamos a lo bien!;Convivencia
3152;C1ABB41EE50B904C;OpciónEntre todos: ¡Transformamos la convivencia!  ¡Con-Vivamos a lo bien!;Convivencia
3153;C18102ED3A9780E5;OpciónEntre todos: ¡Transformamos la convivencia!  ¡Con-Vivamos a lo bien!;Convivencia
3154;B8F938C445A71DBC;OpciónEntre todos: ¡Transformamos la convivencia!  ¡Con-Vivamos a lo bien!;Convivencia
3155;972815C5B4AB2F47;OpciónEntre todos: ¡Transformamos la convivencia!  ¡Con-Vivamos a lo bien!;Convivencia
3156;C8BA13233D77F7D9;OpciónEntre todos: ¡Transformamos la convivencia!  ¡Con-Vivamos a lo bien!;Convivencia
3157;A48B209107FB5B25;OpciónEntre todos: ¡Transformamos la convivencia!  ¡Con-Vivamos a lo bien!;Convivencia
3158;9C7261AF40285195;OpciónEntre todos: ¡Transformamos la convivencia!  ¡Con-Vivamos a lo bien!;Convivencia
3159;2F91A8FF74711F4F;OpciónEntre todos: ¡Transformamos la convivencia!  ¡Con-Vivamos a lo bien!;Convivencia
3160;871DEEEE5E518737;OpciónEntre todos: ¡Transformamos la convivencia!  ¡Con-Vivamos a lo bien!;Convivencia
3161;688D8DF4CECFAB1D;OpciónEntre todos: ¡Transformamos la convivencia!  ¡Con-Vivamos a lo bien!;Convivencia
3162;1D9F35D64D04CC80;OpciónEntre todos: ¡Transformamos la convivencia!  ¡Con-Vivamos a lo bien!;Convivencia
3163;C1601DDF7170EEF8;OpciónEntre todos: ¡Transformamos la convivencia!  ¡Con-Vivamos a lo bien!;Convivencia
3164;1C4C67B2BB15B69D;OpciónEntre todos: ¡Transformamos la convivencia!  ¡Con-Vivamos a lo bien!;Convivencia
3165;376F537339DADA34;OpciónEntre todos: ¡Transformamos la convivencia!  ¡Con-Vivamos a lo bien!;Convivencia
3166;D3BF6783E33C4DBA;OpciónEntre todos: ¡Transformamos la convivencia!  ¡Con-Vivamos a lo bien!;Convivencia
3167;191D424F7333E969;OpciónEntre todos: ¡Transformamos la convivencia!  ¡Con-Vivamos a lo bien!;Convivencia
3168;1B0CD55C761E03C7;OpciónEntre todos: ¡Transformamos la convivencia!  ¡Con-Vivamos a lo bien!;Convivencia
3169;6A22746A6954ED41;OpciónEntre todos: ¡Transformamos la convivencia!  ¡Con-Vivamos a lo bien!;Convivencia
3170;4FCE62727E25A8EB;OpciónEntre todos: ¡Transformamos la convivencia!  ¡Con-Vivamos a lo bien!;Convivencia
3171;34A5ACE33F0B295C;OpciónEntre todos: ¡Transformamos la convivencia!  ¡Con-Vivamos a lo bien!;Convivencia
3172;892887EDE4D7E429;OpciónEntre todos: ¡Transformamos la convivencia!  ¡Con-Vivamos a lo bien!;Convivencia
3173;5AC3A4C9FDD59C13;OpciónEntre todos: ¡Transformamos la convivencia!  ¡Con-Vivamos a lo bien!;Convivencia
3174;D2C7690B90C4DBD8;OpciónEntre todos: ¡Transformamos la convivencia!  ¡Con-Vivamos a lo bien!;Convivencia
3175;00EAC48B54C10B70;OpciónEntre todos: ¡Transformamos la convivencia!  ¡Con-Vivamos a lo bien!;Convivencia
3176;89FA73A3CFA88BFC;OpciónEntre todos: ¡Transformamos la convivencia!  ¡Con-Vivamos a lo bien!;Convivencia
3177;928323CCB244214B;OpciónEntre todos: ¡Transformamos la convivencia!  ¡Con-Vivamos a lo bien!;Convivencia
3178;C9C76EC78DEF41B1;OpciónEntre todos: ¡Transformamos la convivencia!  ¡Con-Vivamos a lo bien!;Convivencia
3179;5ABE07203CFFB281;OpciónEntre todos: ¡Transformamos la convivencia!  ¡Con-Vivamos a lo bien!;Convivencia
3180;A80C3EDA844183C2;OpciónEntre todos: ¡Transformamos la convivencia!  ¡Con-Vivamos a lo bien!;Convivencia
3181;DD69501104F24B69;OpciónEntre todos: ¡Transformamos la convivencia!  ¡Con-Vivamos a lo bien!;Convivencia
3182;C5CC605C4A245C83;OpciónEntre todos: ¡Transformamos la convivencia!  ¡Con-Vivamos a lo bien!;Convivencia
3183;0EAE1B9B22D085D8;OpciónEntre todos: ¡Transformamos la convivencia!  ¡Con-Vivamos a lo bien!;Convivencia
3184;BDCC346781CD4A91;OpciónEntre todos: ¡Transformamos la convivencia!  ¡Con-Vivamos a lo bien!;Convivencia
3185;83D84D5F20EF3EDA;OpciónEntre todos: ¡Transformamos la convivencia!  ¡Con-Vivamos a lo bien!;Convivencia
3186;EA67A724A52D4B25;OpciónEntre todos: ¡Transformamos la convivencia!  ¡Con-Vivamos a lo bien!;Convivencia
3187;764A20691740659F;OpciónEntre todos: ¡Transformamos la convivencia!  ¡Con-Vivamos a lo bien!;Convivencia
3188;A8BB70A3C6E27521;OpciónEntre todos: ¡Transformamos la convivencia!  ¡Con-Vivamos a lo bien!;Convivencia
3189;8EB4CF5A614D7072;OpciónEntre todos: ¡Transformamos la convivencia!  ¡Con-Vivamos a lo bien!;Convivencia
3190;819F1E81EEF9321B;OpciónEntre todos: ¡Transformamos la convivencia!  ¡Con-Vivamos a lo bien!;Convivencia
3191;7AAF890B1FE732D4;OpciónEntre todos: ¡Transformamos la convivencia!  ¡Con-Vivamos a lo bien!;Convivencia
3192;3E1DB2FC746711AC;OpciónEntre todos: ¡Transformamos la convivencia!  ¡Con-Vivamos a lo bien!;Convivencia
3193;65C99E7475FEBACF;OpciónEntre todos: ¡Transformamos la convivencia!  ¡Con-Vivamos a lo bien!;Convivencia
3194;061E02B1DCFDCBBA;OpciónEntre todos: ¡Transformamos la convivencia!  ¡Con-Vivamos a lo bien!;Convivencia
3195;8BA0E952EB0B8CE3;OpciónEntre todos: ¡Transformamos la convivencia!  ¡Con-Vivamos a lo bien!;Convivencia
3196;19A88B9AA029AEBD;OpciónEntre todos: ¡Transformamos la convivencia!  ¡Con-Vivamos a lo bien!;Convivencia
3197;3510121856C7D978;OpciónEntre todos: ¡Transformamos la convivencia!  ¡Con-Vivamos a lo bien!;Convivencia
3198;4FB2A35142EA92B5;OpciónEntre todos: ¡Transformamos la convivencia!  ¡Con-Vivamos a lo bien!;Convivencia
3199;34A128188D3381A3;OpciónEntre todos: ¡Transformamos la convivencia!  ¡Con-Vivamos a lo bien!;Convivencia
3200;CC4E5CB9540E3485;OpciónEntre todos: ¡Transformamos la convivencia!  ¡Con-Vivamos a lo bien!;Convivencia
3201;456CA2A6A0BFA342;OpciónEntre todos: ¡Transformamos la convivencia!  ¡Con-Vivamos a lo bien!;Convivencia
3202;35AD8D211C3BFED5;OpciónEntre todos: ¡Transformamos la convivencia!  ¡Con-Vivamos a lo bien!;Convivencia
3203;AE50D5B745EBC42E;OpciónEntre todos: ¡Transformamos la convivencia!  ¡Con-Vivamos a lo bien!;Convivencia
3204;B01F37B6A0857F6C;OpciónEntre todos: ¡Transformamos la convivencia!  ¡Con-Vivamos a lo bien!;Convivencia
3205;C3DE9E6AF3245BE2;OpciónEntre todos: ¡Transformamos la convivencia!  ¡Con-Vivamos a lo bien!;Convivencia
3206;FD4B5E48A51B67BC;OpciónEntre todos: ¡Transformamos la convivencia!  ¡Con-Vivamos a lo bien!;Convivencia
3207;5CE20AE8E7765214;OpciónEntre todos: ¡Transformamos la convivencia!  ¡Con-Vivamos a lo bien!;Convivencia
3208;2A1CF27728338162;OpciónEntre todos: ¡Transformamos la convivencia!  ¡Con-Vivamos a lo bien!;Convivencia
3209;F96E8B0078E2B56D;OpciónEntre todos: ¡Transformamos la convivencia!  ¡Con-Vivamos a lo bien!;Convivencia
3210;04F11307BC4AB4D1;OpciónEntre todos: ¡Transformamos la convivencia!  ¡Con-Vivamos a lo bien!;Convivencia
3211;F57C2D27D63F092B;OpciónEntre todos: ¡Transformamos la convivencia!  ¡Con-Vivamos a lo bien!;Convivencia
3212;989C9E1CC66EA3BD;OpciónEntre todos: ¡Transformamos la convivencia!  ¡Con-Vivamos a lo bien!;Convivencia
3213;0EF33BA5E56A33AF;OpciónEntre todos: ¡Transformamos la convivencia!  ¡Con-Vivamos a lo bien!;Convivencia
3214;09C60337892EE059;OpciónEntre todos: ¡Transformamos la convivencia!  ¡Con-Vivamos a lo bien!;Convivencia
3215;6EA5E6540BCA8476;N/A;Convivencia
3216;16EC6462A88C3E9F;OpciónEntre todos: ¡Transformamos la convivencia!  ¡Con-Vivamos a lo bien!;Convivencia
3217;4A3CCCAACA920B90;OpciónEntre todos: ¡Transformamos la convivencia!  ¡Con-Vivamos a lo bien!;Convivencia
3218;254EC29D76DC31BF;OpciónEntre todos: ¡Transformamos la convivencia!  ¡Con-Vivamos a lo bien!;Convivencia
3219;542C3247EDEEF8D0;OpciónEntre todos: ¡Transformamos la convivencia!  ¡Con-Vivamos a lo bien!;Convivencia
3220;731CFE6618FACA89;OpciónEntre todos: ¡Transformamos la convivencia!  ¡Con-Vivamos a lo bien!;Convivencia
3221;FDCC8C12309E7320;OpciónEntre todos: ¡Transformamos la convivencia!  ¡Con-Vivamos a lo bien!;Convivencia
3222;6715B74669EFD5A8;OpciónEntre todos: ¡Transformamos la convivencia!  ¡Con-Vivamos a lo bien!;Convivencia
3223;E78955A9E25BC213;OpciónEntre todos: ¡Transformamos la convivencia!  ¡Con-Vivamos a lo bien!;Convivencia
3224;72703E982D4280AE;OpciónEntre todos: ¡Transformamos la convivencia!  ¡Con-Vivamos a lo bien!;Convivencia
3225;01EC6329EB10243C;OpciónEntre todos: ¡Transformamos la convivencia!  ¡Con-Vivamos a lo bien!;Convivencia
3226;D252E7850225ED42;OpciónEntre todos: ¡Transformamos la convivencia!  ¡Con-Vivamos a lo bien!;Convivencia
3227;E4DDC90C14E23249;OpciónEntre todos: ¡Transformamos la convivencia!  ¡Con-Vivamos a lo bien!;Convivencia
3228;BA3A9C6E82FBA195;OpciónEntre todos: ¡Transformamos la convivencia!  ¡Con-Vivamos a lo bien!;Convivencia
3229;5A6CF860648F5859;OpciónEntre todos: ¡Transformamos la convivencia!  ¡Con-Vivamos a lo bien!;Convivencia
3230;902C89093D53D340;OpciónEntre todos: ¡Transformamos la convivencia!  ¡Con-Vivamos a lo bien!;Convivencia
3231;2300E2F349D566EE;OpciónEntre todos: ¡Transformamos la convivencia!  ¡Con-Vivamos a lo bien!;Convivencia
3232;0CD3E591A8D8F466;OpciónEntre todos: ¡Transformamos la convivencia!  ¡Con-Vivamos a lo bien!;Convivencia
3233;E73D824CC959400F;OpciónEntre todos: ¡Transformamos la convivencia!  ¡Con-Vivamos a lo bien!;Convivencia
3234;C14F8CA44BE36476;OpciónEntre todos: ¡Transformamos la convivencia!  ¡Con-Vivamos a lo bien!;Convivencia
3235;63F5DD7105062099;OpciónEntre todos: ¡Transformamos la convivencia!  ¡Con-Vivamos a lo bien!;Convivencia
3236;601345B4AF7E1349;OpciónEntre todos: ¡Transformamos la convivencia!  ¡Con-Vivamos a lo bien!;Convivencia
3237;EF2D62DF218B9C97;OpciónEntre todos: ¡Transformamos la convivencia!  ¡Con-Vivamos a lo bien!;Convivencia
3238;EC46CF47441B943C;OpciónEntre todos: ¡Transformamos la convivencia!  ¡Con-Vivamos a lo bien!;Convivencia
3239;4DBF343D714EFA3A;OpciónEntre todos: ¡Transformamos la convivencia!  ¡Con-Vivamos a lo bien!;Convivencia
3240;81B57BA3FA49DB63;OpciónEntre todos: ¡Transformamos la convivencia!  ¡Con-Vivamos a lo bien!;Convivencia
3241;B9A032FD5452F65D;OpciónEntre todos: ¡Transformamos la convivencia!  ¡Con-Vivamos a lo bien!;Convivencia
3242;D880F5B6CB66BE4A;OpciónEntre todos: ¡Transformamos la convivencia!  ¡Con-Vivamos a lo bien!;Convivencia
3243;B7E38757DADE052C;OpciónEntre todos: ¡Transformamos la convivencia!  ¡Con-Vivamos a lo bien!;Convivencia
3244;36AC62F3EBC1B4DF;OpciónEntre todos: ¡Transformamos la convivencia!  ¡Con-Vivamos a lo bien!;Convivencia
3245;C45526C608742FDC;OpciónEntre todos: ¡Transformamos la convivencia!  ¡Con-Vivamos a lo bien!;Convivencia
3246;2038CAABCCDD8D84;OpciónEntre todos: ¡Transformamos la convivencia!  ¡Con-Vivamos a lo bien!;Convivencia
3247;CA4C7E83727E4B26;OpciónEntre todos: ¡Transformamos la convivencia!  ¡Con-Vivamos a lo bien!;Convivencia
3248;86B18BACB9414188;OpciónEntre todos: ¡Transformamos la convivencia!  ¡Con-Vivamos a lo bien!;Convivencia
3249;7B960D3AAAEE8B38;OpciónEntre todos: ¡Transformamos la convivencia!  ¡Con-Vivamos a lo bien!;Convivencia
3250;4E65730C9C967CF1;OpciónEntre todos: ¡Transformamos la convivencia!  ¡Con-Vivamos a lo bien!;Convivencia
3251;79883AFCAF02D2C4;OpciónEntre todos: ¡Transformamos la convivencia!  ¡Con-Vivamos a lo bien!;Convivencia
3252;CFE197EEF4E79844;OpciónEntre todos: ¡Transformamos la convivencia!  ¡Con-Vivamos a lo bien!;Convivencia
3253;F92FF3E0FF18293E;OpciónEntre todos: ¡Transformamos la convivencia!  ¡Con-Vivamos a lo bien!;Convivencia
3254;B11E2F38309E405C;OpciónEntre todos: ¡Transformamos la convivencia!  ¡Con-Vivamos a lo bien!;Convivencia
3255;7BBFE8D3E359BEF4;OpciónEntre todos: ¡Transformamos la convivencia!  ¡Con-Vivamos a lo bien!;Convivencia
3256;D1F64D3524A77601;Transformando-NOS;Convivencia
3257;E8C5F504AF223077;OpciónEntre todos: ¡Transformamos la convivencia!  ¡Con-Vivamos a lo bien!;Convivencia
3258;61DE84C22196B649;Comuniquemos Convivencia;Convivencia
3259;123A0D1E24DAEF5F;Comuniquemos Convivencia;Convivencia
3260;83C326E80B2EF6AA;Comuniquemos Convivencia;Convivencia
3261;049E8D91703842EB;Eco-Sistema para la convivencia!;Convivencia
3262;414AA67BD52E688B;Eco-Sistema para la convivencia!;Convivencia
3263;13ADFA28EBCD17CE;OpciónEntre todos: ¡Transformamos la convivencia!  ¡Con-Vivamos a lo bien!;Convivencia
3264;74499D980E44504A;OpciónEntre todos: ¡Transformamos la convivencia!  ¡Con-Vivamos a lo bien!;Convivencia
3265;B4443E1CFF44AA49;OpciónEntre todos: ¡Transformamos la convivencia!  ¡Con-Vivamos a lo bien!;Convivencia
3266;87BF26C6A05700F3;OpciónEntre todos: ¡Transformamos la convivencia!  ¡Con-Vivamos a lo bien!;Convivencia
3267;812A006F21CF3E30;OpciónEntre todos: ¡Transformamos la convivencia!  ¡Con-Vivamos a lo bien!;Convivencia
3268;4B863436FE798984;OpciónEntre todos: ¡Transformamos la convivencia!  ¡Con-Vivamos a lo bien!;Convivencia
3269;F3E5549F89C1E8BF;OpciónEntre todos: ¡Transformamos la convivencia!  ¡Con-Vivamos a lo bien!;Convivencia
3270;2387952CF35F61BB;OpciónEntre todos: ¡Transformamos la convivencia!  ¡Con-Vivamos a lo bien!;Convivencia
3271;1F10FED932BDD62C;OpciónEntre todos: ¡Transformamos la convivencia!  ¡Con-Vivamos a lo bien!;Convivencia
3272;C99CB3BE71BFAB95;OpciónEntre todos: ¡Transformamos la convivencia!  ¡Con-Vivamos a lo bien!;Convivencia
3273;19B85855DA62B244;OpciónEntre todos: ¡Transformamos la convivencia!  ¡Con-Vivamos a lo bien!;Convivencia
3274;FD6FC6A198C2118F;OpciónEntre todos: ¡Transformamos la convivencia!  ¡Con-Vivamos a lo bien!;Convivencia
3275;34BB0A25D8A95627;OpciónEntre todos: ¡Transformamos la convivencia!  ¡Con-Vivamos a lo bien!;Convivencia
3276;E08D5AE05D0F2FDD;OpciónEntre todos: ¡Transformamos la convivencia!  ¡Con-Vivamos a lo bien!;Convivencia
3277;FCDC85D69A0CBDE3;OpciónEntre todos: ¡Transformamos la convivencia!  ¡Con-Vivamos a lo bien!;Convivencia
3278;E6A499A53FA28A80;OpciónEntre todos: ¡Transformamos la convivencia!  ¡Con-Vivamos a lo bien!;Convivencia
3279;F020D608BD371DF7;OpciónEntre todos: ¡Transformamos la convivencia!  ¡Con-Vivamos a lo bien!;Convivencia
3280;99286377110B659F;OpciónEntre todos: ¡Transformamos la convivencia!  ¡Con-Vivamos a lo bien!;Convivencia
3281;EFE79044D61CC6BD;OpciónEntre todos: ¡Transformamos la convivencia!  ¡Con-Vivamos a lo bien!;Convivencia
3282;EC2574E5FBF107D1;OpciónEntre todos: ¡Transformamos la convivencia!  ¡Con-Vivamos a lo bien!;Convivencia
3283;4FA365EB07D64070;OpciónEntre todos: ¡Transformamos la convivencia!  ¡Con-Vivamos a lo bien!;Convivencia
3284;7DC220BA6F95980F;OpciónEntre todos: ¡Transformamos la convivencia!  ¡Con-Vivamos a lo bien!;Convivencia
3285;6922ACEE2F8053DA;OpciónEntre todos: ¡Transformamos la convivencia!  ¡Con-Vivamos a lo bien!;Convivencia
3286;553918051B66EB23;OpciónEntre todos: ¡Transformamos la convivencia!  ¡Con-Vivamos a lo bien!;Convivencia
3287;C8CD49E6AA97047D;OpciónEntre todos: ¡Transformamos la convivencia!  ¡Con-Vivamos a lo bien!;Convivencia
3288;FCB71377A49C9FF1;OpciónEntre todos: ¡Transformamos la convivencia!  ¡Con-Vivamos a lo bien!;Convivencia
3289;2266F511AC1D3830;OpciónEntre todos: ¡Transformamos la convivencia!  ¡Con-Vivamos a lo bien!;Convivencia
3290;87B084F423AEAE70;OpciónEntre todos: ¡Transformamos la convivencia!  ¡Con-Vivamos a lo bien!;Convivencia
3291;AE7FBCA33B2C1FE0;OpciónEntre todos: ¡Transformamos la convivencia!  ¡Con-Vivamos a lo bien!;Convivencia
3292;06F90E30F6F61A3B;OpciónEntre todos: ¡Transformamos la convivencia!  ¡Con-Vivamos a lo bien!;Convivencia
3293;5A63FC71192F7B9E;Eco-Sistema para la convivencia!;Convivencia
3294;8A39E45E22089988;OpciónEntre todos: ¡Transformamos la convivencia!  ¡Con-Vivamos a lo bien!;Convivencia
3295;718D860F00028507;OpciónEntre todos: ¡Transformamos la convivencia!  ¡Con-Vivamos a lo bien!;Convivencia
3296;4B17FD6700C0EC2A;OpciónEntre todos: ¡Transformamos la convivencia!  ¡Con-Vivamos a lo bien!;Convivencia
3297;70792098D97F064F;OpciónEntre todos: ¡Transformamos la convivencia!  ¡Con-Vivamos a lo bien!;Convivencia
3298;E8251B4DB0298F85;OpciónEntre todos: ¡Transformamos la convivencia!  ¡Con-Vivamos a lo bien!;Convivencia
3299;A2B7643F53DCBC2B;OpciónEntre todos: ¡Transformamos la convivencia!  ¡Con-Vivamos a lo bien!;Convivencia
3300;33994500CD20C7F2;OpciónEntre todos: ¡Transformamos la convivencia!  ¡Con-Vivamos a lo bien!;Convivencia
3301;26C5779F0CC9D85E;OpciónEntre todos: ¡Transformamos la convivencia!  ¡Con-Vivamos a lo bien!;Convivencia
3302;D56975EE3A4A44F4;OpciónEntre todos: ¡Transformamos la convivencia!  ¡Con-Vivamos a lo bien!;Convivencia
3303;27A60587CA3FE67C;N/A;Convivencia
3304;F0CA30355264E50E;Eco-Sistema para la convivencia!;Convivencia
3305;583174168E0BB26E;Eco-Sistema para la convivencia!;Convivencia
3306;319034D38CF145D4;Eco-Sistema para la convivencia!;Convivencia
3307;F8DB9AEAAF8FAC11;N/A;Convivencia
3308;2EB84F81DDE3FAB5;N/A;Convivencia
3309;8ADAE274FD808245;N/A;Convivencia
3310;A3F253E02227882A;N/A;Convivencia
3311;A8005CDB3A7022EB;OpciónEntre todos: ¡Transformamos la convivencia!  ¡Con-Vivamos a lo bien!;Convivencia
3312;DC13251C861A8B99;OpciónEntre todos: ¡Transformamos la convivencia!  ¡Con-Vivamos a lo bien!;Convivencia
3313;D819B01DEA858BB3;OpciónEntre todos: ¡Transformamos la convivencia!  ¡Con-Vivamos a lo bien!;Convivencia
3314;9932250280FC02EC;OpciónEntre todos: ¡Transformamos la convivencia!  ¡Con-Vivamos a lo bien!;Convivencia
3315;E6187DA67F7ECB7D;OpciónEntre todos: ¡Transformamos la convivencia!  ¡Con-Vivamos a lo bien!;Convivencia
3316;848B94408DD8F6AB;OpciónEntre todos: ¡Transformamos la convivencia!  ¡Con-Vivamos a lo bien!;Convivencia
3317;5B91C4DF31606AD1;N/A;Convivencia
3318;B61D17C734B9E44F;OpciónEntre todos: ¡Transformamos la convivencia!  ¡Con-Vivamos a lo bien!;Convivencia
3319;89E5C569FE75A1FE;OpciónEntre todos: ¡Transformamos la convivencia!  ¡Con-Vivamos a lo bien!;Convivencia
3320;D0E8A3B7879ADBA6;OpciónEntre todos: ¡Transformamos la convivencia!  ¡Con-Vivamos a lo bien!;Convivencia
3321;2936575239673383;OpciónEntre todos: ¡Transformamos la convivencia!  ¡Con-Vivamos a lo bien!;Convivencia
3322;524023557D373346;OpciónEntre todos: ¡Transformamos la convivencia!  ¡Con-Vivamos a lo bien!;Convivencia
3323;3118A005091CF496;OpciónEntre todos: ¡Transformamos la convivencia!  ¡Con-Vivamos a lo bien!;Convivencia
3324;639B6433571FFBE1;OpciónEntre todos: ¡Transformamos la convivencia!  ¡Con-Vivamos a lo bien!;Convivencia
3325;F471DF7E91D09922;OpciónEntre todos: ¡Transformamos la convivencia!  ¡Con-Vivamos a lo bien!;Convivencia
3326;6BD4DA3D0A149359;OpciónEntre todos: ¡Transformamos la convivencia!  ¡Con-Vivamos a lo bien!;Convivencia
3327;EAEBA80BF6BF949F;OpciónEntre todos: ¡Transformamos la convivencia!  ¡Con-Vivamos a lo bien!;Convivencia
3328;8D75F00E1AFDADA0;OpciónEntre todos: ¡Transformamos la convivencia!  ¡Con-Vivamos a lo bien!;Convivencia
3329;2B7595FC0C78F6E7;OpciónEntre todos: ¡Transformamos la convivencia!  ¡Con-Vivamos a lo bien!;Convivencia
3330;AC63E8338E4C294B;OpciónEntre todos: ¡Transformamos la convivencia!  ¡Con-Vivamos a lo bien!;Convivencia
3331;E6194B7ADBC27B6D;N/A;Convivencia
3332;905FCD9C92411304;OpciónEntre todos: ¡Transformamos la convivencia!  ¡Con-Vivamos a lo bien!;Convivencia
3333;2F7131DE4F451B16;OpciónEntre todos: ¡Transformamos la convivencia!  ¡Con-Vivamos a lo bien!;Convivencia
3334;6B338E5203B33778;OpciónEntre todos: ¡Transformamos la convivencia!  ¡Con-Vivamos a lo bien!;Convivencia
3335;D28A6FBF4F642212;OpciónEntre todos: ¡Transformamos la convivencia!  ¡Con-Vivamos a lo bien!;Convivencia
3336;3473C6638FA44D1F;OpciónEntre todos: ¡Transformamos la convivencia!  ¡Con-Vivamos a lo bien!;Convivencia
3337;978656899B641A0C;OpciónEntre todos: ¡Transformamos la convivencia!  ¡Con-Vivamos a lo bien!;Convivencia
3338;90A7C30273DA31EA;OpciónEntre todos: ¡Transformamos la convivencia!  ¡Con-Vivamos a lo bien!;Convivencia
3339;12AEB43A6D5EF90B;OpciónEntre todos: ¡Transformamos la convivencia!  ¡Con-Vivamos a lo bien!;Convivencia
3340;FD1270A1732D667D;OpciónEntre todos: ¡Transformamos la convivencia!  ¡Con-Vivamos a lo bien!;Convivencia
3341;5F9C79DE2BDA9D2C;OpciónEntre todos: ¡Transformamos la convivencia!  ¡Con-Vivamos a lo bien!;Convivencia
3342;846DE0CAC4DC54E6;OpciónEntre todos: ¡Transformamos la convivencia!  ¡Con-Vivamos a lo bien!;Convivencia
3343;49A9F9ECE7C06FFD;OpciónEntre todos: ¡Transformamos la convivencia!  ¡Con-Vivamos a lo bien!;Convivencia
3344;6B2FC4C030EB163D;OpciónEntre todos: ¡Transformamos la convivencia!  ¡Con-Vivamos a lo bien!;Convivencia
3345;E2EC8DAF408231B4;OpciónEntre todos: ¡Transformamos la convivencia!  ¡Con-Vivamos a lo bien!;Convivencia
3346;2F002BEE3F339732;OpciónEntre todos: ¡Transformamos la convivencia!  ¡Con-Vivamos a lo bien!;Convivencia
3347;214794C7336B40C3;OpciónEntre todos: ¡Transformamos la convivencia!  ¡Con-Vivamos a lo bien!;Convivencia
3348;443E5C3C7B75ED22;OpciónEntre todos: ¡Transformamos la convivencia!  ¡Con-Vivamos a lo bien!;Convivencia
3349;47569629845A74FA;OpciónEntre todos: ¡Transformamos la convivencia!  ¡Con-Vivamos a lo bien!;Convivencia
3350;A7A96E9EFD2C3401;OpciónEntre todos: ¡Transformamos la convivencia!  ¡Con-Vivamos a lo bien!;Convivencia
3351;04EB0387E2CF1134;OpciónEntre todos: ¡Transformamos la convivencia!  ¡Con-Vivamos a lo bien!;Convivencia
3352;053AEEF0E6838F63;OpciónEntre todos: ¡Transformamos la convivencia!  ¡Con-Vivamos a lo bien!;Convivencia
3353;06C7A34E7E8BA67D;OpciónEntre todos: ¡Transformamos la convivencia!  ¡Con-Vivamos a lo bien!;Convivencia
3354;4FF2E13BB3CC235B;OpciónEntre todos: ¡Transformamos la convivencia!  ¡Con-Vivamos a lo bien!;Convivencia
3355;5A83ECC279B7F5E0;OpciónEntre todos: ¡Transformamos la convivencia!  ¡Con-Vivamos a lo bien!;Convivencia
3356;C9B423832C1CCB27;N/A;Convivencia
3357;4D7EE20F0F16BF79;OpciónEntre todos: ¡Transformamos la convivencia!  ¡Con-Vivamos a lo bien!;Convivencia
3358;EB146676DA0CD5B6;N/A;Convivencia
3359;BD0B606686FDA074;N/A;Convivencia
3360;F934A8C6AE51B8B1;N/A;Convivencia
3361;3881CBEED2A33D09;OpciónEntre todos: ¡Transformamos la convivencia!  ¡Con-Vivamos a lo bien!;Convivencia
3362;376E7A3B8D5A3866;N/A;Convivencia
3363;94B8E9531F3F8592;N/A;Convivencia
3364;C4FF5CCA7BB5562C;N/A;Convivencia
3365;2DF45627A3F4FECE;N/A;Convivencia
3366;5E99046DAA9B1264;Eco-Sistema para la convivencia!;Convivencia
3367;3B86192321B8F461;OpciónEntre todos: ¡Transformamos la convivencia!  ¡Con-Vivamos a lo bien!;Convivencia
3368;BD4D2AE050C97126;OpciónEntre todos: ¡Transformamos la convivencia!  ¡Con-Vivamos a lo bien!, N/A;Convivencia
3369;96347D0060A0820D;OpciónEntre todos: ¡Transformamos la convivencia!  ¡Con-Vivamos a lo bien!;Convivencia
3370;EB74A0242D07C4A4;OpciónEntre todos: ¡Transformamos la convivencia!  ¡Con-Vivamos a lo bien!;Convivencia
3371;D154F66E38B1B200;OpciónEntre todos: ¡Transformamos la convivencia!  ¡Con-Vivamos a lo bien!;Convivencia
3372;936DEC7110579641;OpciónEntre todos: ¡Transformamos la convivencia!  ¡Con-Vivamos a lo bien!;Convivencia
3373;4BEFB0315C6785E5;OpciónEntre todos: ¡Transformamos la convivencia!  ¡Con-Vivamos a lo bien!;Convivencia
3374;488B65E16CDDBC3C;OpciónEntre todos: ¡Transformamos la convivencia!  ¡Con-Vivamos a lo bien!;Convivencia
3375;B8F09DB71572274E;OpciónEntre todos: ¡Transformamos la convivencia!  ¡Con-Vivamos a lo bien!;Convivencia
3376;1A0325CCF408D8F7;OpciónEntre todos: ¡Transformamos la convivencia!  ¡Con-Vivamos a lo bien!;Convivencia
3377;041335C628ED4AFC;OpciónEntre todos: ¡Transformamos la convivencia!  ¡Con-Vivamos a lo bien!;Convivencia
3378;7245973063BCE12F;OpciónEntre todos: ¡Transformamos la convivencia!  ¡Con-Vivamos a lo bien!;Convivencia
3379;29F721C9134A65BE;OpciónEntre todos: ¡Transformamos la convivencia!  ¡Con-Vivamos a lo bien!;Convivencia
3380;D8D5E69228F60F33;OpciónEntre todos: ¡Transformamos la convivencia!  ¡Con-Vivamos a lo bien!;Convivencia
3381;FE5F8F41D4975313;OpciónEntre todos: ¡Transformamos la convivencia!  ¡Con-Vivamos a lo bien!;Convivencia
3382;6CA4D7CF69A8AEB3;OpciónEntre todos: ¡Transformamos la convivencia!  ¡Con-Vivamos a lo bien!;Convivencia
3383;E956F526A557E4A8;OpciónEntre todos: ¡Transformamos la convivencia!  ¡Con-Vivamos a lo bien!;Convivencia
3384;1976D69D00854C0E;OpciónEntre todos: ¡Transformamos la convivencia!  ¡Con-Vivamos a lo bien!;Convivencia
3385;A606958B2A86A370;OpciónEntre todos: ¡Transformamos la convivencia!  ¡Con-Vivamos a lo bien!;Convivencia
3386;D88F0B7FA4E49848;OpciónEntre todos: ¡Transformamos la convivencia!  ¡Con-Vivamos a lo bien!;Convivencia
3387;944BF20DB1C0A24E;OpciónEntre todos: ¡Transformamos la convivencia!  ¡Con-Vivamos a lo bien!;Convivencia
3388;1FC29134826DA17F;OpciónEntre todos: ¡Transformamos la convivencia!  ¡Con-Vivamos a lo bien!;Convivencia
3389;50072A56163354A8;OpciónEntre todos: ¡Transformamos la convivencia!  ¡Con-Vivamos a lo bien!;Convivencia
3390;F9E6719142E49165;OpciónEntre todos: ¡Transformamos la convivencia!  ¡Con-Vivamos a lo bien!;Convivencia
3391;6A9F3E0C5BD7B39E;OpciónEntre todos: ¡Transformamos la convivencia!  ¡Con-Vivamos a lo bien!;Convivencia
3392;7863F6A7304AAEFC;OpciónEntre todos: ¡Transformamos la convivencia!  ¡Con-Vivamos a lo bien!;Convivencia
3393;A33E430CA904D964;OpciónEntre todos: ¡Transformamos la convivencia!  ¡Con-Vivamos a lo bien!;Convivencia
3394;F7533698193B21C4;OpciónEntre todos: ¡Transformamos la convivencia!  ¡Con-Vivamos a lo bien!;Convivencia
3395;82F29E91A8F297D8;OpciónEntre todos: ¡Transformamos la convivencia!  ¡Con-Vivamos a lo bien!;Convivencia
3396;2AF4D7364DDF4FEB;OpciónEntre todos: ¡Transformamos la convivencia!  ¡Con-Vivamos a lo bien!;Convivencia
3397;2B8DC91E55DED684;OpciónEntre todos: ¡Transformamos la convivencia!  ¡Con-Vivamos a lo bien!;Convivencia
3398;079FE9A3906C8564;OpciónEntre todos: ¡Transformamos la convivencia!  ¡Con-Vivamos a lo bien!;Convivencia
3399;6BA3CD24E13E3A21;OpciónEntre todos: ¡Transformamos la convivencia!  ¡Con-Vivamos a lo bien!;Convivencia
3400;E37CF3186D76961D;OpciónEntre todos: ¡Transformamos la convivencia!  ¡Con-Vivamos a lo bien!;Convivencia
3401;5266830F9527CB85;OpciónEntre todos: ¡Transformamos la convivencia!  ¡Con-Vivamos a lo bien!;Convivencia
3402;D859B6DC96962E57;OpciónEntre todos: ¡Transformamos la convivencia!  ¡Con-Vivamos a lo bien!;Convivencia
3403;89D59880D03CAB62;OpciónEntre todos: ¡Transformamos la convivencia!  ¡Con-Vivamos a lo bien!;Convivencia
3404;22D511BADA1638F3;OpciónEntre todos: ¡Transformamos la convivencia!  ¡Con-Vivamos a lo bien!;Convivencia
3405;DFCE54B3C0C8E5C4;OpciónEntre todos: ¡Transformamos la convivencia!  ¡Con-Vivamos a lo bien!;Convivencia
3406;E05D6BB6B0D149E8;OpciónEntre todos: ¡Transformamos la convivencia!  ¡Con-Vivamos a lo bien!;Convivencia
3407;835596AA6E9C9018;OpciónEntre todos: ¡Transformamos la convivencia!  ¡Con-Vivamos a lo bien!;Convivencia
3408;4A7F6193B3B773C6;OpciónEntre todos: ¡Transformamos la convivencia!  ¡Con-Vivamos a lo bien!;Convivencia
3409;E179EB9D466D5FA2;OpciónEntre todos: ¡Transformamos la convivencia!  ¡Con-Vivamos a lo bien!;Convivencia
3410;0820228DBA467FD4;OpciónEntre todos: ¡Transformamos la convivencia!  ¡Con-Vivamos a lo bien!;Convivencia
3411;F2806AD859632CBB;OpciónEntre todos: ¡Transformamos la convivencia!  ¡Con-Vivamos a lo bien!;Convivencia
3412;FD1573115CB779B4;OpciónEntre todos: ¡Transformamos la convivencia!  ¡Con-Vivamos a lo bien!, Eco-Sistema para la convivencia!;Convivencia
3413;4C549C4309CCE2B6;Eco-Sistema para la convivencia!;Convivencia
3414;A68ED36125F7FE4E;Eco-Sistema para la convivencia!;Convivencia
3415;1BA4BDA5D31FF6D2;Eco-Sistema para la convivencia!;Convivencia
3416;C2589781BF830DD2;Eco-Sistema para la convivencia!;Convivencia
3417;8CC09E4CBBC885F9;Eco-Sistema para la convivencia!;Convivencia
3418;A984608E70CC6C60;Eco-Sistema para la convivencia!;Convivencia
3419;40CB0787732E3CC5;Eco-Sistema para la convivencia!;Convivencia
3420;C77E259A3A965A7C;Eco-Sistema para la convivencia!;Convivencia
3421;E1A93B4664B0BB90;Eco-Sistema para la convivencia!;Convivencia
3422;024A4F62540A5F98;OpciónEntre todos: ¡Transformamos la convivencia!  ¡Con-Vivamos a lo bien!;Convivencia
3423;F46735D930914571;OpciónEntre todos: ¡Transformamos la convivencia!  ¡Con-Vivamos a lo bien!;Convivencia
3424;5DB671BD3D95A105;OpciónEntre todos: ¡Transformamos la convivencia!  ¡Con-Vivamos a lo bien!;Convivencia
3425;097F28DFE9EA64E8;Eco-Sistema para la convivencia!;Convivencia
3426;9668D23FFD073741;OpciónEntre todos: ¡Transformamos la convivencia!  ¡Con-Vivamos a lo bien!;Convivencia
3427;343388C34FF0155D;OpciónEntre todos: ¡Transformamos la convivencia!  ¡Con-Vivamos a lo bien!;Convivencia
3428;41ABDB93BC59B12B;Transformando-NOS, Comuniquemos Convivencia;Convivencia
3429;DDA508F3CD92EDF9;Eco-Sistema para la convivencia!;Convivencia
3430;66370246374CE9EE;OpciónEntre todos: ¡Transformamos la convivencia!  ¡Con-Vivamos a lo bien!;Convivencia
3431;556FFCA0373A2A5F;OpciónEntre todos: ¡Transformamos la convivencia!  ¡Con-Vivamos a lo bien!;Convivencia
3432;F342787A86CFFCB3;OpciónEntre todos: ¡Transformamos la convivencia!  ¡Con-Vivamos a lo bien!;Convivencia
3433;10D6DAFA08D544B8;OpciónEntre todos: ¡Transformamos la convivencia!  ¡Con-Vivamos a lo bien!;Convivencia
3434;16717F35D6CA8289;OpciónEntre todos: ¡Transformamos la convivencia!  ¡Con-Vivamos a lo bien!;Convivencia
3435;D9CCF484112D46FD;OpciónEntre todos: ¡Transformamos la convivencia!  ¡Con-Vivamos a lo bien!;Convivencia
3436;B71DFBB789CD119E;OpciónEntre todos: ¡Transformamos la convivencia!  ¡Con-Vivamos a lo bien!;Convivencia
3437;80F0A7E9643F355A;Distritos proventivos;Justicia
3438;1E4826DE54758E5A;Distritos proventivos;Justicia
3439;7D6BBA28B9CB0C3B;Justicia RESTAURA - VIDAS;Justicia
3440;F832FB5BAC54B2FA;El cuento es convivir;Justicia
3441;955C2A7E7DCC6B1F;Justicia que transforma;Justicia
3442;20F8BCEC739784FD;N/A;Justicia
3443;E68BF5D7176DF1BD;Justicia que transforma;Justicia
3444;37950FCD4F530339;Justicia que transforma;Justicia
3445;BC936C290DD85626;Justicia que transforma;Justicia
3446;BE2E78CA555443AD;Justicia que transforma;Justicia
3447;17EF420FBBD79393;Justicia que transforma;Justicia
3448;A8F9B492D2C3C65F;Distritos proventivos;Justicia
3449;BA721439139A7BB4;Regularse es la jugada  ¡Juntos somos más!  Justicias en plural;Justicia
3450;6F8A841C3E739FEE;N/A;Justicia
3451;1A8785054BB4FC32;Distritos proventivos;Justicia
3452;FD3D47D42A14C840;N/A;Justicia
3453;97D0931B7B4C71CA;N/A;Justicia
3454;4EC82C753FEB6739;N/A;Justicia
3455;765944B8791CA664;El cuento es convivir, Justicia que transforma;Justicia
3456;C9D7C12FA42A8A9D;N/A;Justicia
3457;81505AB0DDFADAFC;N/A;Justicia
3458;7B07DCF62BBF3587;El cuento es convivir, Distritos proventivos;Justicia
3459;1F632C1B09FB97F6;El cuento es convivir;Justicia
3460;40E35F39DBF09E50;El cuento es convivir;Justicia
3461;5C507E479A718679;El cuento es convivir;Justicia
3462;EDD2E0C16B9AC603;N/A;Justicia
3463;8466453E7FEA1E06;El cuento es convivir;Justicia
3464;04DFA92ADD962D30;N/A;Justicia
3465;9309A1C106109FB8;N/A;Justicia
3466;CC2D7A6EEE62DFEA;N/A;Justicia
3467;AC091522A697233E;N/A;Justicia
3468;5E0BD04DCC73D390;El cuento es convivir, Justicia que transforma;Justicia
3469;CA3D45036609FE63;El cuento es convivir;Justicia
3470;8260F754CCAF0BFB;N/A;Justicia
3471;67FEAD88D534E02A;Justicia que transforma;Justicia
3472;30E90255202C699B;N/A;Justicia
3473;8E9D99B12C146FF1;N/A;Justicia
3474;DD10ACB9DAD8387E;¡AI derecho, a lo bien!;Justicia
3475;0D5F88474923FB24;El cuento es convivir;Justicia
3476;F3D387FAFC475BFE;Regularse es la jugada  ¡Juntos somos más!  Justicias en plural;Justicia
3477;32FD1C77047C4D18;N/A;Justicia
3478;9FE8DE3F3ED8F701;N/A;Justicia
3479;2F5EA440637ABEA0;N/A;Justicia
3480;D52E54A9F78837B3;El cuento es convivir;Justicia
3481;D142C55C3894ED3B;Distritos proventivos;Justicia
3482;7355CA6D428CCFEB;N/A;Justicia
3483;7E2A682419CFE2C2;N/A;Justicia
3484;E3FBB8DBBB6AE791;N/A;Justicia
3485;4B03F76E42A162DF;N/A;Justicia
3486;A35FC6A63DB3582D;N/A;Justicia
3487;A96CF6CF1FF255AC;N/A;Justicia
3488;6056A3F0634DFD52;El cuento es convivir;Justicia
3489;E33EEE21C7DA9868;N/A;Justicia
3490;C3EE0B82ADCA5046;N/A;Justicia
3491;9120BB2492FA58C8;N/A;Justicia
3492;32E9EEF294285452;N/A;Justicia
3493;D7101FF6B2326C49;N/A;Justicia
3494;B3537A9D9574F254;N/A;Justicia
3495;732B0631B8FF55EB;N/A;Justicia
3496;90F7A509704E3FD4;N/A;Justicia
3497;E664B6565F64C32F;N/A;Justicia
3498;B0349E68ABA9F18D;El cuento es convivir;Justicia
3499;7A74AB0E2B130953;N/A;Justicia
3500;CE5B5FC009A492E3;El cuento es convivir, Justicia que transforma;Justicia
3501;76924D2A99E897F3;N/A;Justicia
3502;634731F0E4830E72;Distritos proventivos, Regularse es la jugada  ¡Juntos somos más!  Justicias en plural;Justicia
3503;3E2A178B6565D920;Regularse es la jugada  ¡Juntos somos más!  Justicias en plural;Justicia
3504;9404083EFA5F05B9;El cuento es convivir;Justicia
3505;6EAC50FBD0E28594;N/A;Justicia
3506;823CAB43790ECCD8;Mujeres vivas, comunidades seguras;Justicia
3507;935A68AEF2FEC167;N/A;Justicia
3508;299C194B761A0BC7;El cuento es convivir, Distritos proventivos;Justicia
3509;413C19BDFEE1655E;N/A;Justicia
3510;99CEE21C43EDB99F;N/A;Justicia
3511;AF3F00B0AB1D8B07;N/A;Justicia
3512;C92A8FF6B4F4B774;El cuento es convivir, Distritos proventivos;Justicia
3513;5AC34ADD323F4653;Distritos proventivos;Justicia
3514;51AE3FCB30410594;N/A;Justicia
3515;68E17BB10438E1AC;El cuento es convivir, Distritos proventivos;Justicia
3516;73CF6DF0AA75F2AD;El cuento es convivir, Distritos proventivos;Justicia
3517;DE488E5FCB6BE11D;N/A;Justicia
3518;0BCA36DEC479E4D8;El cuento es convivir;Justicia
3519;8B016B5D5CB579D1;El cuento es convivir, Justicia que transforma;Justicia
3520;B81EA51BCB57A6DD;El cuento es convivir;Justicia
3521;3349DD2CA1C50523;N/A;Justicia
3522;42E6EE81CFD19334;El cuento es convivir;Justicia
3523;49F4E41039F4904F;N/A;Justicia
3524;A064EF77D1B61BB1;N/A;Justicia
3525;6CC0D100071A8CFE;N/A;Justicia
3526;AD9BC1C25BEC1AC2;N/A;Justicia
3527;61805353B9FAC10D;N/A;Justicia
3528;8CD0502B979E7F48;N/A;Justicia
3529;ACA3642411A1C683;N/A;Justicia
3530;ED6340807FCEA6FF;El cuento es convivir, Distritos proventivos, Casa y libertad;Justicia
3531;28744654DABEE7FF;N/A;Justicia
3532;7F72034F02226C69;Regularse es la jugada  ¡Juntos somos más!  Justicias en plural, Justicia RESTAURA - VIDAS, Justicia que transforma, Casa y libertad, ¡AI derecho, a lo bien!;Justicia
3533;D97B9BB93DC894FA;Distritos proventivos;Justicia
3534;332695672A2E7B3B;El cuento es convivir, Justicia RESTAURA - VIDAS;Justicia
3535;E419C9C2869DC28B;N/A;Justicia
3536;95C798916A40B9AB;El cuento es convivir;Justicia
3537;6B03203900DAD839;El cuento es convivir;Justicia
3538;B0E8FCAA8A6A8FD5;N/A;Justicia
3539;0CC25AB5625F4C22;N/A;Justicia
3540;872A3C0789729EC6;N/A;Justicia
3541;D54FC2951FEA672E;El cuento es convivir;Justicia
3542;23F04966A128E75B;N/A;Justicia
3543;1DF2883CCC3FE022;N/A;Justicia
3544;BB507A56F531A00E;N/A;Justicia
3545;57437E1C33FA9D10;El cuento es convivir, Distritos proventivos;Justicia
3546;F5110B3E2035FE6C;N/A;Justicia
3547;2841B32307563522;Distritos proventivos;Justicia
3548;4E73120C4D3EB1BB;El cuento es convivir;Justicia
3549;ACDCA711D03009E4;N/A;Justicia
3550;D7939978FB55037F;El cuento es convivir;Justicia
3551;E9B3EBE2C5A7E75D;N/A;Justicia
3552;896B676ECC89FE42;N/A;Justicia
3553;3C072DCF23AB0812;N/A;Justicia
3554;709FD0FCE42E8592;El cuento es convivir;Justicia
3555;37B9F0E4B301B0D7;N/A;Justicia
3556;2CA7D0BE5D2670D9;El cuento es convivir, Distritos proventivos;Justicia
3557;D673F88E51A5ECB0;El cuento es convivir;Justicia
3558;05957E76B21C33A1;N/A;Justicia
3559;605C45B2D13B7558;N/A;Justicia
3560;8A8F711CF0A56D73;Distritos proventivos, Justicia que transforma;Justicia
3561;D6B5BCBF2D1EAC29;El cuento es convivir, Justicia que transforma;Justicia
3562;16AF7FEFD8003D15;El cuento es convivir, Distritos proventivos;Justicia
3563;1D75F52A2EF06423;N/A;Justicia
3564;91BDE32D7339B9CF;N/A;Justicia
3565;B290B2E17E15D779;N/A;Justicia
3566;D7B61AB06BB6AE9D;N/A;Justicia
3567;62544AB65BA043AC;El cuento es convivir, Distritos proventivos;Justicia
3568;949F49A4CC2A614B;N/A;Justicia
3569;F6985C994EB181FC;N/A;Justicia
3570;878214F6B1E6D118;N/A;Justicia
3571;78C373F8A1C0A12A;N/A;Justicia
3572;7346D8D6E9479C46;N/A;Justicia
3573;6C89F8184086B448;N/A;Justicia
3574;0C8209D73A236BD4;N/A;Justicia
3575;1FC579C86AE424CA;N/A;Justicia
3576;E3A03FDCB02D9B7B;N/A;Justicia
3577;EB7536A2A89D4D2D;N/A;Justicia
3578;2AECBEE1AC4C3842;N/A;Justicia
3579;7C1059B60A5D7D42;N/A;Justicia
3580;8B3C4733610C74CC;El cuento es convivir, Justicia que transforma;Justicia
3581;30C25EA6227FC383;Justicia que transforma;Justicia
3582;F55926FEEBE01D98;El cuento es convivir;Justicia
3583;354B090FA69618C1;El cuento es convivir, Justicia RESTAURA - VIDAS, Justicia que transforma;Justicia
3584;6F9D4C3A6279C16D;Justicia que transforma, ¡AI derecho, a lo bien!;Justicia
3585;C0FD4852947B0A38;N/A;Justicia
3586;C3F2629D1CDC0C41;N/A;Justicia
3587;45199ACDE3BF14B2;N/A;Justicia
3588;C8600FC6C3884A80;Justicia que transforma, Casa y libertad;Justicia
3589;902D072E62AD3175;Regularse es la jugada  ¡Juntos somos más!  Justicias en plural;Justicia
3590;C7FC7F42ACFAAC1F;El cuento es convivir;Justicia
3591;FF5EDC321517D345;N/A;Justicia
3592;E0C3FF5DABCDCC85;Distritos proventivos, Justicia que transforma;Justicia
3593;74EA8DA7252EBD79;N/A;Justicia
3594;E18FA5670FA57D56;N/A;Justicia
3595;55BE72BDE638B901;N/A;Justicia
3596;456F82F31633A8E9;N/A;Justicia
3597;3FAA41B392E1DD2F;N/A;Justicia
3598;3F2407580E93C13A;N/A;Justicia
3599;96B5E577A3E529A2;N/A;Justicia
3600;ABCE6A6D08DDCA09;Distritos proventivos;Justicia
3601;B1E919004B2E4121;¡AI derecho, a lo bien!;Justicia
3602;8C5A11FBBC49A4AF;El cuento es convivir;Justicia
3603;DE00ED124320C3ED;N/A;Justicia
3604;C1FFB5D21B9853D3;N/A;Justicia
3605;07EC5CFF44943E1A;N/A;Justicia
3606;3C007A6DA753A815;N/A;Justicia
3607;1E01CBC406CA46A7;El cuento es convivir;Justicia
3608;B6A11734F95DBBC8;Mujeres vivas, comunidades seguras;Justicia
3609;4E9D0A665C6CFD11;N/A;Justicia
3610;0B5E5442520EB940;El cuento es convivir, Distritos proventivos;Justicia
3611;A2AE7380E1C3540F;El cuento es convivir, Distritos proventivos;Justicia
3612;B12F52B79347793A;N/A;Justicia
3613;4C608F05779E6EF9;Distritos proventivos;Justicia
3614;E874FACB3B87481C;Distritos proventivos;Justicia
3615;021710A9C888EE96;N/A;Justicia
3616;E8AEE8DCB925BDA0;El cuento es convivir, Distritos proventivos, Justicia que transforma;Justicia
3617;83F1ECCBAD1A3E12;El cuento es convivir, Distritos proventivos;Justicia
3618;02229E8A836C900A;Mujeres vivas, comunidades seguras;Justicia
3619;D76AD941CF673045;El cuento es convivir;Justicia
3620;4F2B0BA2FC8200DC;El cuento es convivir;Justicia
3621;656F9EE1F72F66B9;Mujeres vivas, comunidades seguras;Justicia
3622;983736436D523699;Mujeres vivas, comunidades seguras;Justicia
3623;8D66EDC245B23028;El cuento es convivir;Justicia
3624;146005A0F36D5DA0;N/A;Justicia
3625;9EA9881E447C022C;Mujeres vivas, comunidades seguras;Justicia
3626;B6E073F1B7704E13;El cuento es convivir, Distritos proventivos;Justicia
3627;D414964310DC552C;El cuento es convivir, Distritos proventivos;Justicia
3628;F3FD01F5B48E247F;El cuento es convivir, Distritos proventivos;Justicia
3629;4F4137D64B20CAA7;El cuento es convivir, Distritos proventivos;Justicia
3630;790B7136615C6399;El cuento es convivir, Distritos proventivos;Justicia
3631;2033442EC506D339;El cuento es convivir, Distritos proventivos;Justicia
3632;A94794B6857B2EA0;El cuento es convivir, Distritos proventivos;Justicia
3633;1E0CBC03E3CC8E1A;El cuento es convivir, Distritos proventivos;Justicia
3634;3D1311C08C203148;El cuento es convivir, Distritos proventivos;Justicia
3635;04A09D0EEBDB95E7;El cuento es convivir, Distritos proventivos;Justicia
3636;DF98BBC68F7A861D;El cuento es convivir, Distritos proventivos;Justicia
3637;C4CD2649A844A864;El cuento es convivir, Distritos proventivos;Justicia
3638;F078E8ECE9FBC8FB;El cuento es convivir, Distritos proventivos;Justicia
3639;45E348729202C4FA;El cuento es convivir, Distritos proventivos;Justicia
3640;901BBDE964000573;El cuento es convivir, Distritos proventivos;Justicia
3641;950B54511C94841E;El cuento es convivir, Distritos proventivos;Justicia
3642;A7F5890558D3CA1F;El cuento es convivir, Distritos proventivos;Justicia
3643;DC01B90AFFA782C2;El cuento es convivir, Distritos proventivos;Justicia
3644;7E3C266C8622978A;El cuento es convivir, Distritos proventivos;Justicia
3645;9E443F2F1893842D;El cuento es convivir, Distritos proventivos;Justicia
3646;9D43D87BD349ADE0;El cuento es convivir, Distritos proventivos;Justicia
3647;0BD4AC6DBE4C7B9C;N/A;Justicia
3648;5D6E9FA105DD10DA;El cuento es convivir, Distritos proventivos;Justicia
3649;C30472EB93A220B5;El cuento es convivir, Distritos proventivos;Justicia
3650;F58A30BBFEC8FA85;El cuento es convivir, Distritos proventivos;Justicia
3651;7DBC6C89D1571E86;Distritos proventivos;Justicia
3652;7E84BBEDC774080D;El cuento es convivir, Distritos proventivos;Justicia
3653;C6E9BB0059109483;El cuento es convivir;Justicia
3654;B03B87F083591755;Mujeres vivas, comunidades seguras;Justicia
3655;B7FE01BF292C9F14;El cuento es convivir, Distritos proventivos;Justicia
3656;4E500088027F3D1D;El cuento es convivir, Distritos proventivos;Justicia
3657;2EFFC3ED71F2AA97;El cuento es convivir, Distritos proventivos;Justicia
3658;0B0DD5C0869B9F79;N/A;Justicia
3659;E37DE2D35F406CD5;N/A;Justicia
3660;D3CF2CA82B954F87;N/A;Justicia
3661;A3C682A3AED10D0F;Mujeres vivas, comunidades seguras;Justicia
3662;048117C57201AE54;El cuento es convivir;Justicia
3663;D4266DDA2056E9EE;N/A;Justicia
3664;96E55DB662875963;El cuento es convivir, Distritos proventivos;Justicia
3665;DCC136EAAF29F224;N/A;Justicia
3666;432680DEC059EE17;Distritos proventivos;Justicia
3667;0F8D313A756C636C;El cuento es convivir, Distritos proventivos;Justicia
3668;C44FCD93430BEA40;El cuento es convivir, Distritos proventivos;Justicia
3669;EA24D765D9C19C5D;El cuento es convivir;Justicia
3670;44146971BAE5D68E;N/A;Justicia
3671;1A27CD59AAF463FA;N/A;Justicia
3672;599EF0F8D77D3E6F;N/A;Justicia
3673;266200A59F10949A;Regularse es la jugada  ¡Juntos somos más!  Justicias en plural;Justicia
3674;C47AF43E8A07587F;Mujeres vivas, comunidades seguras;Justicia
3675;B01543C942300E85;Mujeres vivas, comunidades seguras;Justicia
3676;BCD6DB1A74BF5D29;Mujeres vivas, comunidades seguras;Justicia
3677;B8A8315ABF6CA5BC;Justicia que transforma;Justicia
3678;7D8CDB0064E183A3;N/A;Justicia
3679;3D18634B572BC978;El cuento es convivir, Justicia que transforma;Justicia
3680;9B3440FFD6041A97;El cuento es convivir;Justicia
3681;619FDFAD4E3BBFBF;El cuento es convivir;Justicia
3682;61E2FABE4C35EA93;Mujeres vivas, comunidades seguras;Justicia
3683;5876F5EF11A51896;El cuento es convivir, Distritos proventivos;Justicia
3684;801D9BFDFFFBFCE9;El cuento es convivir, Distritos proventivos, Justicia que transforma;Justicia
3685;498DC7F3D2AA6E34;El cuento es convivir, Distritos proventivos, Regularse es la jugada  ¡Juntos somos más!  Justicias en plural;Justicia
3686;F632F053064377AC;El cuento es convivir, Distritos proventivos;Justicia
3687;E120878555DE163D;El cuento es convivir, Distritos proventivos, Regularse es la jugada  ¡Juntos somos más!  Justicias en plural;Justicia
3688;13709C34589CC192;El cuento es convivir, Distritos proventivos, Regularse es la jugada  ¡Juntos somos más!  Justicias en plural, Justicia que transforma;Justicia
3689;42DA585AFED3F8E6;El cuento es convivir, Distritos proventivos;Justicia
3690;FAD6B1362B72FC18;El cuento es convivir, Distritos proventivos;Justicia
3691;76B9960A6648140F;El cuento es convivir, Distritos proventivos;Justicia
3692;C55F296426E28AE1;Mujeres vivas, comunidades seguras;Justicia
3693;C01321BA6D0D65AB;El cuento es convivir, Distritos proventivos;Justicia
3694;10BB61EE52859F1C;El cuento es convivir, Distritos proventivos;Justicia
3695;9633EE1C368A27C0;Mujeres vivas, comunidades seguras;Justicia
3696;2E424408AD9B7BD0;El cuento es convivir;Justicia
3697;637DC25F5AC84CFB;El cuento es convivir, Distritos proventivos;Justicia
3698;F82681F2F7171D6D;El cuento es convivir, Distritos proventivos, Regularse es la jugada  ¡Juntos somos más!  Justicias en plural;Justicia
3699;412DF24A7BB03618;El cuento es convivir;Justicia
3700;7A6B1A2129DD5F9C;El cuento es convivir;Justicia
3701;7134A1F458C6A3C0;Distritos proventivos, Regularse es la jugada  ¡Juntos somos más!  Justicias en plural;Justicia
3702;A886E011066D1769;Distritos proventivos;Justicia
3703;A25059D1A2796BBD;El cuento es convivir, Justicia que transforma;Justicia
3704;580BC84DC608D91A;El cuento es convivir;Justicia
3705;40D7FE1DB9FCD567;El cuento es convivir, Justicia que transforma;Justicia
3706;FDA01687C084C741;Justicia que transforma;Justicia
3707;01FF9A8C3919F8B1;Distritos proventivos;Justicia
3708;A8B7CDE19D5E0CD1;Distritos proventivos;Justicia
3709;B43E4BF1191FB70A;N/A;Justicia
3710;FF31837D9340DCF2;El cuento es convivir;Justicia
3711;67DEA311C9CE8E32;El cuento es convivir, Distritos proventivos;Justicia
3712;127A911C45C0DC0E;Justicia que transforma;Justicia
3713;79FAFF8944C1881C;Justicia que transforma;Justicia
3714;2234FB10E994E14B;N/A;Justicia
3715;E7C6C05F97751DC1;N/A;Justicia
3716;AF9326217CB61F97;N/A;Justicia
3717;40990FEE375D2880;N/A;Justicia
3718;E19457A636292346;Distritos proventivos;Justicia
3719;1207FE4BC8081900;Distritos proventivos;Justicia
3720;71432D2AF00B5536;Distritos proventivos;Justicia
3721;0CA06B725092112D;N/A;Justicia
3722;361FF6256D09A9FB;Distritos proventivos;Justicia
3723;00266C3F21F1C789;N/A;Justicia
3724;60D57405556E4029;El cuento es convivir;Justicia
3725;7D08F3E6A9C29AAF;N/A;Justicia
3726;C185047A41601E1A;El cuento es convivir, Distritos proventivos;Justicia
3727;E16DD345B5C0EBB4;Distritos proventivos;Justicia
3728;63FF38989B507477;N/A;Justicia
3729;E79D660C99B266FB;¡AI derecho, a lo bien!;Justicia
3730;0AD3DB81F10C938A;N/A;Justicia
3731;2CE8ABFDA8E17BA4;El cuento es convivir;Justicia
3732;46894CDB12F37A84;El cuento es convivir;Justicia
3733;0C20E7547D271734;El cuento es convivir, Distritos proventivos;Justicia
3734;08AF6D6731DFAD8C;N/A;Justicia
3735;8FA27EE602B0691B;El cuento es convivir;Justicia
3736;02087D7C4A0E0C17;El cuento es convivir, Distritos proventivos;Justicia
3737;39D5224A8787603A;N/A;Justicia
3738;A08E6F702C781C0E;N/A;Justicia
3739;CC69B2D35BB77B1C;El cuento es convivir, Distritos proventivos;Justicia
3740;66B08729615DC0E2;N/A;Justicia
3741;1E0193243BDEBF7D;Distritos proventivos;Justicia
3742;81075F520B5E5F98;N/A;Justicia
3743;D59C2509ABED4E90;El cuento es convivir;Justicia
3744;01BBA43B0C8F93E5;El cuento es convivir;Justicia
3745;17FFC1B4A93DD42B;N/A;Justicia
3746;F1036E7BE53FC2BD;N/A;Justicia
3747;85216A12C55D8700;El cuento es convivir;Justicia
3748;2C31F0F6812498E7;N/A;Justicia
3749;FE131BEE67A10CF3;N/A;Justicia
3750;CE4ECC939EAFC7D3;N/A;Justicia
3751;6B0C1D8811925ED8;N/A;Justicia
3752;0DEDB4F409DB5B8A;N/A;Justicia
3753;42078E517334119E;N/A;Justicia
3754;0ADA8374BAD125F7;N/A;Justicia
3755;9BB80E45AA0AE45D;El cuento es convivir, Distritos proventivos;Justicia
3756;21C0C1C3F95C5D1D;N/A;Justicia
3757;A0FABBAA21E27F5D;El cuento es convivir, Distritos proventivos;Justicia
3758;8382811172688888;El cuento es convivir, Distritos proventivos, Regularse es la jugada  ¡Juntos somos más!  Justicias en plural, Justicia RESTAURA - VIDAS, Justicia que transforma;Justicia
3759;3466767DE5372C8B;El cuento es convivir, Distritos proventivos, Regularse es la jugada  ¡Juntos somos más!  Justicias en plural, Mujeres vivas, comunidades seguras, Justicia RESTAURA - VIDAS, Justicia que transforma, ¡AI derecho, a lo bien!;Justicia
3760;61AD01605CB56C6E;El cuento es convivir, Distritos proventivos, Regularse es la jugada  ¡Juntos somos más!  Justicias en plural, Mujeres vivas, comunidades seguras, Justicia RESTAURA - VIDAS, ¡AI derecho, a lo bien!;Justicia
3761;85714E9D297C4475;El cuento es convivir, Distritos proventivos, Regularse es la jugada  ¡Juntos somos más!  Justicias en plural, Mujeres vivas, comunidades seguras, Justicia RESTAURA - VIDAS, Justicia que transforma, Casa y libertad, ¡AI derecho, a lo bien!;Justicia
3762;CBDE39D6D2FB6340;N/A;Justicia
3763;C4C8776D0A0D9108;N/A;Justicia
3764;0C936FA4F0CF9EA8;N/A;Justicia
3765;5C46D2DAD04D3016;N/A;Justicia
3766;010E68AE5809B2C3;N/A;Justicia
3767;C78339EE3E78668C;El cuento es convivir;Justicia
3768;4954FBB0C3667322;N/A;Justicia
3769;15A5766A8F9E475E;El cuento es convivir;Justicia
3770;020A7C3924F4DD80;El cuento es convivir;Justicia
3771;666AC9F33081B9F8;El cuento es convivir;Justicia
3772;DA8BF266B7ADC0ED;El cuento es convivir;Justicia
3773;47C55D60DEC2B9B6;El cuento es convivir;Justicia
3774;8EC9C80AB14FA4ED;El cuento es convivir;Justicia
3775;0C95C374761F2617;El cuento es convivir;Justicia
3776;20031271BAF8059D;El cuento es convivir;Justicia
3777;2E30C23A41E68DC2;El cuento es convivir;Justicia
3778;9A780CA3D8C334AC;N/A;Justicia
3779;DA6EDF3E583C6954;N/A;Justicia
3780;21160028A35CF1AC;¡AI derecho, a lo bien!;Justicia
3781;C6C3B916D10B5171;¡AI derecho, a lo bien!;Justicia
3782;67D38521335E5DC4;Distritos proventivos;Justicia
3783;1E90CD1BF33BCB90;Mujeres vivas, comunidades seguras;Justicia
3784;605986DF92C17D2D;El cuento es convivir;Justicia
3785;10B8F65EF5185C60;El cuento es convivir;Justicia
3786;CE0C0177129EAE2D;El cuento es convivir, Distritos proventivos;Justicia
3787;9AFDFD7C742525C4;El cuento es convivir;Justicia
3788;E61DFF02675D1F5B;El cuento es convivir;Justicia
3789;530B114FAB3CC903;N/A;Justicia
3790;1E753BF9C7D7D0AE;El cuento es convivir, Distritos proventivos, Regularse es la jugada  ¡Juntos somos más!  Justicias en plural, Justicia RESTAURA - VIDAS, ¡AI derecho, a lo bien!;Justicia
3791;66078F91BD2FB0A2;N/A;Justicia
3792;F04C9B55E615F232;N/A;Justicia
3793;9440150B1BFA1AB8;N/A;Justicia
3794;5C63626C82FDAA3F;N/A;Justicia
3795;537651F47446EB69;El cuento es convivir;Justicia
3796;5A60143E7A94D761;Distritos proventivos, Justicia que transforma, ¡AI derecho, a lo bien!;Justicia
3797;03EF7B6D0A9EE130;El cuento es convivir, Distritos proventivos, Justicia que transforma, ¡AI derecho, a lo bien!;Justicia
3798;D5A863739F342CE8;El cuento es convivir;Justicia
3799;D8538D95D20C5095;El cuento es convivir, Distritos proventivos, Justicia RESTAURA - VIDAS, ¡AI derecho, a lo bien!;Justicia
3800;9981806D446495E4;Mujeres vivas, comunidades seguras;Justicia
3801;E2BDD3B8498DFA84;Distritos proventivos, Justicia que transforma, ¡AI derecho, a lo bien!;Justicia
3802;1B75B1DE33044110;N/A;Justicia
3803;CEF00FDAFDFDE5C2;N/A;Justicia
3804;3C41398977909072;El cuento es convivir;Justicia
3805;0CFDAA935D6C3F76;Distritos proventivos, Justicia que transforma, ¡AI derecho, a lo bien!;Justicia
3806;2796EA5D10E862E2;Distritos proventivos, Justicia RESTAURA - VIDAS, Justicia que transforma, ¡AI derecho, a lo bien!;Justicia
3807;3191FAEB85723EC4;N/A;Justicia
3808;9F08942AE4C2CDAA;El cuento es convivir;Justicia
3809;334F4727E2D75727;El cuento es convivir;Justicia
3810;8240573E6AE8AEE1;Regularse es la jugada  ¡Juntos somos más!  Justicias en plural, Justicia RESTAURA - VIDAS, Justicia que transforma, ¡AI derecho, a lo bien!;Justicia
3811;12583819652D62F4;El cuento es convivir;Justicia
3812;BE367520714ED28A;N/A;Justicia
3813;BA69CC12677E4120;N/A;Justicia
3814;C84A573C690D5398;N/A;Justicia
3815;1969E29DADDB5D98;N/A;Justicia
3816;2A19F2021D42A28C;N/A;Justicia
3817;C4BB815F916815AC;Distritos proventivos;Justicia
3818;31B0950079A717C0;Mujeres vivas, comunidades seguras;Justicia
3819;68FA51C1B90CB32C;El cuento es convivir, Distritos proventivos;Justicia
3820;F6572F6397DB086B;Distritos proventivos;Justicia
3821;BE7374587449378B;Mujeres vivas, comunidades seguras;Justicia
3822;906B93B902FE44FD;Distritos proventivos;Justicia
3823;4885F680DBA77C36;El cuento es convivir;Justicia
3824;830DD8D26C48C53E;El cuento es convivir;Justicia
3825;73237A90819EB63E;El cuento es convivir;Justicia
3826;C057AD4DE9618967;El cuento es convivir;Justicia
3827;62B4B9A2064C76B8;El cuento es convivir;Justicia
3828;3B78F9C7E511F301;N/A;Justicia
3829;7CF0036B983D0C9A;El cuento es convivir;Justicia
3830;3273E3EBAB7BF62E;El cuento es convivir;Justicia
3831;D3D0BBDE9BC7A941;El cuento es convivir;Justicia
3832;B1916DE8185672CE;El cuento es convivir;Justicia
3833;F455B17A2A0BFD38;Distritos proventivos;Justicia
3834;2AEF32CBA1A5FAEC;El cuento es convivir;Justicia
3835;B9E9DD27EFFD923F;Mujeres vivas, comunidades seguras, Justicia que transforma;Justicia
3836;ECDCBD2F8D72589F;Mujeres vivas, comunidades seguras;Justicia
3837;8748F1F486BDEF9B;N/A;Justicia
3838;0541C0C70B63B80C;El cuento es convivir, Distritos proventivos;Justicia
3839;DBD7117595968DE1;El cuento es convivir, Distritos proventivos;Justicia
3840;0A19969DCC89E06D;Distritos proventivos, ¡AI derecho, a lo bien!;Justicia
3841;B0684DFF540B78D6;El cuento es convivir, ¡AI derecho, a lo bien!;Justicia
3842;A10621CFBA9FD2C4;Distritos proventivos;Justicia
3843;CD132E25FA9C94F6;N/A;Justicia
3844;E2FA18459138BE73;Distritos proventivos;Justicia
3845;1179A3DF6CC80BF0;Distritos proventivos;Justicia
3846;7B4E25CA4AC52C46;Distritos proventivos;Justicia
3847;4D6C90EEB59F0976;El cuento es convivir, Distritos proventivos;Justicia
3848;294FC617194614C0;Distritos proventivos;Justicia
3849;4ACE7CFD66656472;Distritos proventivos;Justicia
3850;9DBDBC9FB589702C;El cuento es convivir;Justicia
3851;FC10F362ACC93876;N/A;Justicia
3852;5593946F300BC485;El cuento es convivir;Justicia
3853;1311B2B68472146F;N/A;Justicia
3854;BF9BE3EACFF999EF;N/A;Justicia
3855;8F178710001C5CE1;N/A;Justicia
3856;8B123BD63CE58112;N/A;Justicia
3857;4D561A12C168DB3D;N/A;Justicia
3858;83A1D6DF465D7BEA;El cuento es convivir, Distritos proventivos;Justicia
3859;54C27B3025837B12;El cuento es convivir, Distritos proventivos;Justicia
3860;F6A736E865DE8097;El cuento es convivir, Distritos proventivos, ¡AI derecho, a lo bien!;Justicia
3861;2E06F2A818E30809;El cuento es convivir, Distritos proventivos;Justicia
3862;4CA3320AB60347EE;El cuento es convivir, Distritos proventivos;Justicia
3863;018CA86F6D0BDF19;N/A;Justicia
3864;B0CC415A6B2B4CEC;El cuento es convivir;Justicia
3865;1BB54CEF870432CC;Distritos proventivos;Justicia
3866;25ED3E31F9686FC7;El cuento es convivir, Distritos proventivos;Justicia
3867;D40010A7B59B4892;El cuento es convivir, Distritos proventivos;Justicia
3868;480D9DC2691E2355;El cuento es convivir, Distritos proventivos;Justicia
3869;8BC7FF3975725717;El cuento es convivir, Distritos proventivos;Justicia
3870;348BA8426F0FED18;El cuento es convivir, Distritos proventivos, Mujeres vivas, comunidades seguras, ¡AI derecho, a lo bien!;Justicia
3871;3350D66F47161FAB;N/A;Justicia
3872;8017C733BD460927;El cuento es convivir, Distritos proventivos, ¡AI derecho, a lo bien!;Justicia
3873;95CC951BB3553C17;El cuento es convivir, Distritos proventivos, ¡AI derecho, a lo bien!;Justicia
3874;0A83EB2E68A993B6;El cuento es convivir, Distritos proventivos, ¡AI derecho, a lo bien!;Justicia
3875;34A61FAF304FF8D9;El cuento es convivir, Distritos proventivos, ¡AI derecho, a lo bien!;Justicia
3876;75A98AF8E3CBD407;El cuento es convivir, Distritos proventivos, ¡AI derecho, a lo bien!;Justicia
3877;CF826CA9C98E9343;El cuento es convivir, Distritos proventivos, ¡AI derecho, a lo bien!;Justicia
3878;BF05A6EC8065FE85;El cuento es convivir, Distritos proventivos, ¡AI derecho, a lo bien!;Justicia
3879;F84460C2FDB49A23;N/A;Justicia
3880;77F674140D352A4D;El cuento es convivir, Distritos proventivos, ¡AI derecho, a lo bien!;Justicia
3881;93989B1D1A737CFC;El cuento es convivir, Distritos proventivos, ¡AI derecho, a lo bien!;Justicia
3882;D0930DE0D0BF985D;El cuento es convivir, Distritos proventivos, ¡AI derecho, a lo bien!;Justicia
3883;351A1396FBC03790;N/A;Justicia
3884;FF61CBABA81997DB;El cuento es convivir, Distritos proventivos;Justicia
3885;F65B48DFF4F92FBB;El cuento es convivir, Distritos proventivos;Justicia
3886;508F8F1113821DEE;El cuento es convivir;Justicia
3887;B3BF796F9F3FC4AB;Distritos proventivos;Justicia
3888;E57E879CC2D22CAF;Distritos proventivos;Justicia
3889;51FAAB8B1F2F3272;Distritos proventivos;Justicia
3890;3E2D8B0CE991E526;Distritos proventivos;Justicia
3891;05FC380A3D480E84;Distritos proventivos, Mujeres vivas, comunidades seguras, ¡AI derecho, a lo bien!;Justicia
3892;8CC8E64714C70315;El cuento es convivir;Justicia
3893;596C055F573B29BC;El cuento es convivir;Justicia
3894;44498EBE98DDC7E2;N/A;Justicia
3895;D9EA128B57F65EAC;N/A;Justicia
3896;9F4E6B329C759F8E;Justicia que transforma, ¡AI derecho, a lo bien!;Justicia
3897;E8416652FB14880F;N/A;Justicia
3898;5D2DAD0EE4489B57;Distritos proventivos;Justicia
3899;6E6DAD5305CE485E;N/A;Justicia
3900;5554D8C912DBBF90;N/A;Justicia
3901;B7932396D8720249;Distritos proventivos;Justicia
3902;4FA3837742211366;Justicia RESTAURA - VIDAS;Justicia
3903;AD89CD38FE0F7445;N/A;Justicia
3904;3CCE66FD14CEF742;Distritos proventivos;Justicia
3905;CFAD403115909407;N/A;Justicia
3906;3159E8DF1FB66317;N/A;Justicia
3907;1D85BB73A6DD9B9C;N/A;Justicia
3908;88F0B884A76D8ADB;N/A;Justicia
3909;82764F402A3236A3;N/A;Justicia
3910;BCA941F31B6B5057;El cuento es convivir;Justicia
3911;58E9409333A93CF6;N/A;Justicia
3912;F57D0D8C44FF348C;El cuento es convivir, ¡Juntos somos más!, Justicia RESTAURA - VIDAS, Justicia que transforma;Justicia
3913;93E081B43E959C2C;N/A;Justicia
3914;5510FA73E320E0EC;N/A;Justicia
3915;58991651EA80D880;N/A;Justicia
3916;5562DFDFCF9050EE;N/A;Justicia
3917;A9FF3CEC68B0936D;N/A;Justicia
3918;9A70E6C1C26ACB77;N/A;Justicia
3919;E79FF1A55FBE9B92;N/A;Justicia
3920;9B4903956643F7DF;El cuento es convivir, ¡Juntos somos más!;Justicia
3921;AF9B73B7811C0290;El cuento es convivir, ¡Juntos somos más!, Justicias en plural;Justicia
3922;C05EE0731084BD52;El cuento es convivir, ¡Juntos somos más!, Justicia RESTAURA - VIDAS, ¡AI derecho, a lo bien!;Justicia
3923;4BFFB3E56E11463A;N/A;Justicia
3924;03297263F825D20F;El cuento es convivir, Distritos proventivos;Justicia
3925;FBE1FEAC6321BE4B;El cuento es convivir, Distritos proventivos;Justicia
3926;9957F6E92A0F9DC9;El cuento es convivir;Justicia
3927;9EB02BE5EF2A9638;Distritos proventivos;Justicia
3928;5D2424C3533B7879;El cuento es convivir, Distritos proventivos;Justicia
3929;6F23D6440E86FB22;Distritos proventivos, Mujeres vivas, comunidades seguras;Justicia
3930;3E46A0AC4F8A6E27;N/A;Justicia
3931;5F6A0A60B4EF74D2;El cuento es convivir, Distritos proventivos;Justicia
3932;950E637A42398BB2;Distritos proventivos, ¡Juntos somos más!, ¡AI derecho, a lo bien!;Justicia
3933;3363BF1E62A13500;El cuento es convivir, Distritos proventivos;Justicia
3934;29DD5BAC46F964CD;Justicias en plural;Justicia
3935;9B53C833722B0DE2;El cuento es convivir, Distritos proventivos, ¡AI derecho, a lo bien!;Justicia
3936;08A888749AF70082;El cuento es convivir, Distritos proventivos, Regularse es la jugada, ¡Juntos somos más!;Justicia
3937;671BC866932C24C6;El cuento es convivir, Distritos proventivos;Justicia
3938;35A883687D458A22;Distritos proventivos;Justicia
3939;7E48A542F0BD1251;El cuento es convivir, Distritos proventivos, ¡AI derecho, a lo bien!;Justicia
3940;F9A675F9BF25F599;Distritos proventivos;Justicia
3941;2F8F46856266BE40;Distritos proventivos, ¡AI derecho, a lo bien!;Justicia
3942;DCE7F81A02088973;Mujeres vivas, comunidades seguras, Justicia RESTAURA - VIDAS;Justicia
3943;BEB4C4EA52B179A4;Distritos proventivos, ¡AI derecho, a lo bien!;Justicia
3944;6D69A1AC82619740;N/A;Justicia
3945;0C13AA03454CD02D;N/A;Justicia
3946;1138289CF215D35F;N/A;Justicia
3947;A85B7CC6BC50F51B;Mujeres vivas, comunidades seguras;Justicia
3948;1A86276305CD96A0;El cuento es convivir, Distritos proventivos, Regularse es la jugada, ¡Juntos somos más!;Justicia
3949;DACA3E8E0C6FFA35;N/A;Justicia
3950;29A33BA97ABBBE92;N/A;Justicia
3951;EEF7F420EE164861;N/A;Justicia
3952;01BCA8B09FF6A411;N/A;Justicia
3953;1E0EBAC75BA31056;El cuento es convivir, Distritos proventivos, ¡AI derecho, a lo bien!;Justicia
3954;F9D029B76D170532;Distritos proventivos, Mujeres vivas, comunidades seguras;Justicia
3955;9EB584A45EB22F8D;Mujeres vivas, comunidades seguras, Justicia RESTAURA - VIDAS;Justicia
3956;A79F102871779DCA;El cuento es convivir, Distritos proventivos;Justicia
3957;CED0B7A8260B3D93;El cuento es convivir, Distritos proventivos, ¡Juntos somos más!;Justicia
3958;BB033A8695813A94;El cuento es convivir, ¡Juntos somos más!;Justicia
3959;77EB86AC16B7350F;El cuento es convivir, Distritos proventivos, Regularse es la jugada, ¡Juntos somos más!;Justicia
3960;F0E1C3D65AD68D77;Distritos proventivos, ¡AI derecho, a lo bien!;Justicia
3961;BE4A37BD709C6A40;El cuento es convivir, ¡AI derecho, a lo bien!;Justicia
3962;DD647392DF035C73;El cuento es convivir, Distritos proventivos;Justicia
3963;F283DC46AA01BC09;N/A;Justicia
3964;161CAB41F26E8155;El cuento es convivir, Justicia que transforma;Justicia
3965;C33762B9A88D743A;N/A;Justicia
3966;C7D6BA6A37A60853;Distritos proventivos, Justicia RESTAURA - VIDAS;Justicia
3967;71CCBA4BF1C9EF49;Mujeres vivas, comunidades seguras, ¡AI derecho, a lo bien!;Justicia
3968;744415D217760808;El cuento es convivir, Distritos proventivos, ¡AI derecho, a lo bien!;Justicia
3969;08FF0ED6B1B2F53F;Distritos proventivos, ¡Juntos somos más!, ¡AI derecho, a lo bien!;Justicia
3970;ABE8FA5BFAAF31F9;Distritos proventivos, Justicia que transforma, ¡AI derecho, a lo bien!;Justicia
3971;2F77D62918A631F4;Distritos proventivos, ¡AI derecho, a lo bien!;Justicia
3972;C9EF7EC0344DEBEA;El cuento es convivir, ¡AI derecho, a lo bien!;Justicia
3973;3E86E2DC4FB9C4E6;Distritos proventivos, ¡AI derecho, a lo bien!;Justicia
3974;D3E7A7C693D3C0C5;N/A;Justicia
3975;4CBE11934854DFA1;N/A;Justicia
3976;E24C8E00A5460EE4;N/A;Justicia
3977;0B913257784313B4;N/A;Justicia
3978;326425E72CCF7FB9;N/A;Justicia
3979;58D2322AB771B841;Justicias en plural, Mujeres vivas, comunidades seguras, Justicia que transforma;Justicia
3980;B4C9B7EF0C0E2712;El cuento es convivir, Distritos proventivos, ¡AI derecho, a lo bien!;Justicia
3981;099A0FC62509F8C9;El cuento es convivir, Distritos proventivos, ¡AI derecho, a lo bien!;Justicia
3982;33CEC8F09764BC9C;El cuento es convivir, Distritos proventivos;Justicia
3983;BB846118C4FC2831;Distritos proventivos, Regularse es la jugada, ¡AI derecho, a lo bien!;Justicia
3984;1CD47A29E7498832;Distritos proventivos, ¡AI derecho, a lo bien!;Justicia
3985;87844A12B6E17B4D;Regularse es la jugada;Justicia
3986;5F7B098C6C948171;N/A;Justicia
3987;4F4DC2953D81488B;El cuento es convivir, Regularse es la jugada, ¡Juntos somos más!;Justicia
3988;BC01374A02D160A6;N/A;Justicia
3989;D8F2BA88C6C482B7;El cuento es convivir, Mujeres vivas, comunidades seguras;Justicia
3990;32FBDEECE897C07A;N/A;Justicia
3991;B4F4A8733E851EF7;Distritos proventivos, Justicia RESTAURA - VIDAS;Justicia
3992;E8EAF79CC019EF64;Distritos proventivos;Justicia
3993;14AFAE5E8964F52A;Distritos proventivos;Justicia
3994;046111A2321B7138;El cuento es convivir, Justicia RESTAURA - VIDAS, ¡AI derecho, a lo bien!;Justicia
3995;62640619096D06EF;Distritos proventivos;Justicia
3996;E63B5F2CFF6F65C8;¡Juntos somos más!;Justicia
3997;2F71946AC38156B8;N/A;Justicia
3998;35BEA329A0165E73;El cuento es convivir, Justicia que transforma;Justicia
3999;213280326DC79459;N/A;Justicia
4000;F5A407E9C9504B22;El cuento es convivir;Justicia
4001;3698975D026A4A29;Regularse es la jugada, Justicias en plural;Justicia
4002;9DC5C448C3861CDC;El cuento es convivir, ¡Juntos somos más!;Justicia
4003;7D5353C6D905D100;Distritos proventivos;Justicia
4004;DAFE22DA1F720135;N/A;Justicia
4005;1CCC15B78B21BAF0;N/A;Justicia
4006;94741EE54812395C;El cuento es convivir, Distritos proventivos, Justicia RESTAURA - VIDAS;Justicia
4007;00236CD1C7DA1A47;El cuento es convivir, Distritos proventivos, Regularse es la jugada, Justicia RESTAURA - VIDAS;Justicia
4008;0D32088CC56A8E3B;¡Juntos somos más!;Justicia
4009;E063CCB9EB4DE363;El cuento es convivir;Justicia
4010;38B34A1F0429AB2B;Distritos proventivos, Justicia RESTAURA - VIDAS, Justicia que transforma;Justicia
4011;43C094B1E0BDB978;El cuento es convivir;Justicia
4012;D32169E4B60423DC;El cuento es convivir, Distritos proventivos, ¡Juntos somos más!;Justicia
4013;AB81949C71174837;N/A;Justicia
4014;59DEA90F40C61363;¡Juntos somos más!;Justicia
4015;7B4DB0C8ED7B670E;N/A;Justicia
4016;6B241B034438E695;Distritos proventivos, Casa y libertad;Justicia
4017;269AA9847AB645A2;N/A;Justicia
4018;8B9DAAC35EADA5DD;N/A;Justicia
4019;250F28E398B9DB6D;N/A;Justicia
4020;C416E0CAE35CE471;Distritos proventivos, Justicias en plural;Justicia
4021;838E22EAD6FCE8AA;N/A;Justicia
4022;B2C5B558BCEF82FC;N/A;Justicia
4023;964E82534EFFD10A;N/A;Justicia
4024;ED520BCDD404C613;El cuento es convivir;Justicia
4025;0E7A3020E3508DCE;Distritos proventivos;Justicia
4026;61C2F14A5CE4C63D;¡Juntos somos más!;Justicia
4027;1EECD37752FB5D03;N/A;Justicia
4028;9D6B3780086F219D;N/A;Justicia
4029;DEB9266FDB29591C;N/A;Justicia
4030;4ACA88C5F9BEAD29;El cuento es convivir, Distritos proventivos, Regularse es la jugada;Justicia
4031;D696C50570C9C814;N/A;Justicia
4032;5FEC0339DCD89977;N/A;Justicia
4033;2213AA1262A6FD65;N/A;Justicia
4034;115BC3AE2AF97B78;N/A;Justicia
4035;3EF341EDD28DF682;N/A;Justicia
4036;208E569F5FC9B855;El cuento es convivir;Justicia
4037;0F7A50CC783FEE03;N/A;Justicia
4038;441E35A57F84570A;¡Juntos somos más!;Justicia
4039;F54BFF10C4B468DA;¡Juntos somos más!;Justicia
4040;36BB9CD89031F345;El cuento es convivir, Distritos proventivos;Justicia
4041;D9109D2DCFB3D366;Distritos proventivos;Justicia
4042;BE22186E1794074D;Distritos proventivos;Justicia
4043;50887C30D6E8FDF1;El cuento es convivir, Distritos proventivos, Regularse es la jugada;Justicia
4044;1966F8A8DED25FA0;¡AI derecho, a lo bien!;Justicia
4045;6521FDD88E6D714F;¡Juntos somos más!;Justicia
4046;6419704FB825AB2F;N/A;Justicia
4047;35A21D55B9FC21A6;N/A;Justicia
4048;657C69F9B687B62B;N/A;Justicia
4049;E7ABAA44FEDCBFED;N/A;Justicia
4050;11BA2EA48D45C5A9;N/A;Justicia
4051;6CB6DE5205AD9104;N/A;Justicia
4052;610E248FE1ABED51;¡Juntos somos más!;Justicia
4053;CCF39A4CD0B293CC;Casa y libertad;Justicia
4054;D980F9E66CF65E9E;El cuento es convivir, Distritos proventivos, Regularse es la jugada;Justicia
4055;FF9B0A10A3D9CB22;El cuento es convivir, Distritos proventivos, Regularse es la jugada;Justicia
4056;5F8A9224DE864610;Distritos proventivos;Justicia
4057;0CC6B957C6B14D2A;El cuento es convivir, Distritos proventivos, ¡Juntos somos más!;Justicia
4058;4CDF5F8042734B7F;Distritos proventivos;Justicia
4059;6A62FBDBD1B7E4C4;El cuento es convivir;Justicia
4060;00E8C1AF959F0795;El cuento es convivir, Justicias en plural, Justicia RESTAURA - VIDAS;Justicia
4061;E4931A573278E4A9;Distritos proventivos;Justicia
4062;7D3F4585E8BB6D63;El cuento es convivir, Mujeres vivas, comunidades seguras, Justicia que transforma;Justicia
4063;79ECA2308436D9B7;N/A;Justicia
4064;1A64F9050E8FF2DA;N/A;Justicia
4065;3A2532C6CD07D8A6;N/A;Justicia
4066;7960772602BCB415;N/A;Justicia
4067;BBC9C9F889483BCA;N/A;Justicia
4068;6C8A81A117E41959;N/A;Justicia
4069;855E6714D0606CA7;El cuento es convivir;Justicia
4070;00D768AB4535A3DC;N/A;Justicia
4071;C0CB8D8C8DA85FC2;N/A;Justicia
4072;9B6A7B927436CBE2;N/A;Justicia
4073;65E627D7791B571D;Regularse es la jugada, N/A;Justicia
4074;B73446ACA8D164F6;¡Juntos somos más!;Justicia
4075;F46CA1703D4CC88B;N/A;Justicia
4076;46FBFB68DB5E434F;N/A;Justicia
4077;74A348504AD3B99A;El cuento es convivir, Justicia RESTAURA - VIDAS;Justicia
4078;D5E281861A08D628;N/A;Justicia
4079;E73E4AAF82CAE5A0;Distritos proventivos;Justicia
4080;2BDAC7ABF4E23609;El cuento es convivir, Distritos proventivos;Justicia
4081;8FFFF49B020773A0;El cuento es convivir;Justicia
4082;93C046535F114269;N/A;Justicia
4083;478196846140D915;N/A;Justicia
4084;BB4726AB0604C125;N/A;Justicia
4085;EBC5C7BD2E7C65C3;N/A;Justicia
4086;0BAB042E9486C0D6;N/A;Justicia
4087;2EC0EA113474D9D7;N/A;Justicia
4088;AC395C32BCFDAC0B;N/A;Justicia
4089;1CF8A7B840494F0E;El cuento es convivir, Distritos proventivos, Regularse es la jugada;Justicia
4090;8351A37BB8560A36;El cuento es convivir;Justicia
4091;DA5323981125866F;Distritos proventivos;Justicia
4092;F95EFE3B7CFBF49C;Distritos proventivos;Justicia
4093;5F9382D2AC031C72;Distritos proventivos, Justicia RESTAURA - VIDAS;Justicia
4094;EAEE0AAE8A09A3E5;N/A;Justicia
4095;DEB1B6CFD9E84C2B;Distritos proventivos, ¡Juntos somos más!, Justicia RESTAURA - VIDAS;Justicia
4096;46D509B6530403C9;N/A;Justicia
4097;96F5A5DCFFCB2CA3;N/A;Justicia
4098;80BEF4305B1AB1D5;N/A;Justicia
4099;7CD39540E62BC812;El cuento es convivir, Distritos proventivos, Justicia RESTAURA - VIDAS;Justicia
4100;F497806A1CE28EBD;El cuento es convivir, Justicias en plural, Justicia que transforma;Justicia
4101;315C12C85D101AF4;El cuento es convivir, Distritos proventivos, Regularse es la jugada;Justicia
4102;BF62AD2CF66E4D63;N/A;Justicia
4103;61AD2CD55E71C9DA;N/A;Justicia
4104;5DDB34891C555121;El cuento es convivir, Distritos proventivos, Regularse es la jugada;Justicia
4105;4875F89D0A1B80CB;N/A;Justicia
4106;5BFF0E613EE4A411;N/A;Justicia
4107;22FDAE65774B5119;N/A;Justicia
4108;4AB4047008C93416;N/A;Justicia
4109;2F1872A1859B7DBD;N/A;Justicia
4110;D03B564CB0192841;N/A;Justicia
4111;FDB2CC857011837D;N/A;Justicia
4112;54AAB429DAA8BED2;N/A;Justicia
4113;D1A17A37A1F17A91;El cuento es convivir;Justicia
4114;191974470071E956;Distritos proventivos, ¡Juntos somos más!;Justicia
4115;4F890B11CC01AC21;N/A;Justicia
4116;89B5F4C0814CC905;N/A;Justicia
4117;A07FAAC3F439867F;Justicias en plural;Justicia
4118;A595AB665CA1416C;N/A;Justicia
4119;998A0A405EC273D3;N/A;Justicia
4120;86473E0852540632;N/A;Justicia
4121;8860275E2D2FCEA4;N/A;Justicia
4122;DB5274BA013FA983;N/A;Justicia
4123;8992FB21DC033AE0;N/A;Justicia
4124;A3C6E5CF99EFCB87;N/A;Justicia
4125;707D5A1636FCDA47;N/A;Justicia
4126;E91FBBE83A68D963;El cuento es convivir, Justicias en plural, Justicia que transforma;Justicia
4127;E4110DBB63190D85;El cuento es convivir;Justicia
4128;05F420F064E10785;El cuento es convivir, Justicias en plural;Justicia
4129;35E3B588E7C75CF1;¡Juntos somos más!;Justicia
4130;91E2FA0F8F0F1BCE;N/A;Justicia
4131;16E2FB65DC254BFF;Distritos proventivos, ¡AI derecho, a lo bien!;Justicia
4132;90C7F886BBD4BD27;N/A;Justicia
4133;765FD6B96CBEDB46;N/A;Justicia
4134;3E433509D0013D46;El cuento es convivir, Distritos proventivos, Justicias en plural, Justicia que transforma;Justicia
4135;006D66A448A56086;El cuento es convivir, Distritos proventivos, Regularse es la jugada, ¡Juntos somos más!, Justicias en plural;Justicia
4136;6D6B0B30DD542353;El cuento es convivir, Distritos proventivos, Regularse es la jugada;Justicia
4137;9C636ED0AD3DEF51;N/A;Justicia
4138;D53BF3507579E01D;N/A;Justicia
4139;49172CDC3589D5AF;Distritos proventivos, Regularse es la jugada, ¡AI derecho, a lo bien!;Justicia
4140;F56A6BAB00BB53F5;El cuento es convivir;Justicia
4141;40930ADE2E313562;N/A;Justicia
4142;561C7400EAD8C71B;Distritos proventivos, ¡Juntos somos más!;Justicia
4143;BB15F88EB6F81C65;N/A;Justicia
4144;DB6FA35AB264D542;N/A;Justicia
4145;D2692D178C0BFB97;N/A;Justicia
4146;EF38AD6C4E9A977C;N/A;Justicia
4147;CEA3883220887DD0;N/A;Justicia
4148;F7612D87D9C8A450;Distritos proventivos, ¡AI derecho, a lo bien!;Justicia
4149;ABD0C50AE1972278;N/A;Justicia
4150;491833D98C559635;N/A;Justicia
4151;EB170D320D5F1B6A;N/A;Justicia
4152;0645AFF92046E274;N/A;Justicia
4153;87DE17A1387CD5A5;N/A;Justicia
4154;86BCFF7D74FAF9A3;N/A;Justicia
4155;8537F966BC274D0A;N/A;Justicia
4156;53D07F5A0A016AC4;El cuento es convivir;Justicia
4157;ECFDEB85C0DC2BD5;El cuento es convivir;Justicia
4158;0AC9A42BAB3B19E8;Distritos proventivos, ¡AI derecho, a lo bien!;Justicia
4159;18B715B9914B5E5F;Distritos proventivos, ¡AI derecho, a lo bien!;Justicia
4160;0D5808D19A90AA57;El cuento es convivir, Justicias en plural;Justicia
4161;C94E163473926D22;N/A;Justicia
4162;A435E6EAA9B1E370;Distritos proventivos;Justicia
4163;DE8EE21FE320A57B;N/A;Justicia
4164;B5526A88B20EAF5D;N/A;Justicia
4165;2EC6368049E12558;N/A;Justicia
4166;85F15D0FEED0093B;Distritos proventivos;Justicia
4167;F15F79E4C8A4DC8A;El cuento es convivir, Distritos proventivos, ¡AI derecho, a lo bien!;Justicia
4168;EFB35D8A0D4ECBEB;N/A;Justicia
4169;7ED6C02603EF6768;Distritos proventivos, ¡AI derecho, a lo bien!;Justicia
4170;E22BF81D53689733;Distritos proventivos, ¡AI derecho, a lo bien!;Justicia
4171;4DDBF7DF1F3D2C2C;¡AI derecho, a lo bien!;Justicia
4172;F133FE8E6C973D3A;Distritos proventivos;Justicia
4173;BF195AE96B64DB3A;El cuento es convivir;Justicia
4174;88C2F73AC5E287C6;El cuento es convivir;Justicia
4175;B453EEC01DA8C9A4;Distritos proventivos, ¡AI derecho, a lo bien!;Justicia
4176;6741ABBAB418B2B9;N/A;Justicia
4177;E973D72B28B167FA;Distritos proventivos, ¡AI derecho, a lo bien!;Justicia
4178;F9657352D0BD91CE;Distritos proventivos;Justicia
4179;D7D7741D69AD0112;El cuento es convivir;Justicia
4180;B753D695A51029F4;N/A;Justicia
4181;4E8451A6F0450EB6;Distritos proventivos;Justicia
4182;6841731A2D1531DA;Distritos proventivos;Justicia
4183;5B45B89DCEF3B192;Distritos proventivos;Justicia
4184;852146A59C12278D;El cuento es convivir;Justicia
4185;A85E07EE6EB3C8A8;¡Juntos somos más!;Justicia
4186;3BDD579BF99E5D6A;N/A;Justicia
4187;FBEEECDC206892B3;Distritos proventivos;Justicia
4188;4E04327333675437;Distritos proventivos, ¡AI derecho, a lo bien!;Justicia
4189;6402CC64FD73A3D0;El cuento es convivir, Distritos proventivos, ¡AI derecho, a lo bien!;Justicia
4190;63ED55CCC257CAF2;N/A;Justicia
4191;E7854FAEA134F110;N/A;Justicia
4192;27BE111AC0D09F67;Distritos proventivos;Justicia
4193;8D0208E0D50B3649;N/A;Justicia
4194;B9C44FF3D1A07C62;El cuento es convivir;Justicia
4195;04CA2E303FADD256;N/A;Justicia
4196;CEC1EB46E4C99706;N/A;Justicia
4197;561D9C55731FBEFF;N/A;Justicia
4198;77AC593D6D0A1D40;N/A;Justicia
4199;7749EB0AD50BC2D5;Distritos proventivos;Justicia
4200;EEB7A52F3D2F76B4;¡Juntos somos más!;Justicia
4201;4A1C04670B420E24;N/A;Justicia
4202;E4E470E70F2AC41E;N/A;Justicia
4203;59F67D76B94433A4;N/A;Justicia
4204;2405D421F8ADFF45;N/A;Justicia
4205;3604E8EF487BFB6C;N/A;Justicia
4206;198B49661B1C7623;N/A;Justicia
4207;4A21E610900B471E;El cuento es convivir;Justicia
4208;119AE9947974C09D;N/A;Justicia
4209;1D9411EC1B7C6FE1;N/A;Justicia
4210;8C42BBE5E6D295D7;El cuento es convivir;Justicia
4211;841EEDB795E7FF95;N/A;Justicia
4212;DFE91920E46907D1;N/A;Justicia
4213;32E48DAD65D9BEDC;El cuento es convivir;Justicia
4214;8DFC6543DDC4316B;N/A;Justicia
4215;B30AF359E67F5501;N/A;Justicia
4216;9054E04C741A8856;N/A;Justicia
4217;FF59C646E4C4B65A;N/A;Justicia
4218;49E255A14CD9EC2F;El cuento es convivir, Distritos proventivos;Justicia
4219;59B095451408B78B;N/A;Justicia
4220;06F758B6066EDB87;N/A;Justicia
4221;D49C8F9DE9D99B1D;N/A;Justicia
4222;5175BF7EB29A3FD9;N/A;Justicia
4223;3EAB82E026630BC6;N/A;Justicia
4224;014988980B26E847;N/A;Justicia
4225;B4A64630E13FFC25;N/A;Justicia
4226;BF4641BE4FF96406;N/A;Justicia
4227;1F72F03A37F11035;El cuento es convivir;Justicia
4228;E24C9658B8A21B2B;Justicias en plural;Justicia
4229;510E622F8CEDA719;Distritos proventivos;Justicia
4230;7A6F87FEFF8DEF37;N/A;Justicia
4231;AA9BA55960F7447B;El cuento es convivir;Justicia
4232;81C62F2DFF7FF95E;El cuento es convivir;Justicia
4233;094BBC3441EDFEBB;El cuento es convivir, Distritos proventivos, Regularse es la jugada, Justicia que transforma;Justicia
4234;F297169D85CA2534;N/A;Justicia
4235;E5BE7E19A5CC706D;N/A;Justicia
4236;EBC6A6E68771B82F;N/A;Justicia
4237;3F738E4756420E3E;N/A;Justicia
4238;CBA01F5FEC317D9C;Distritos proventivos, Justicia RESTAURA - VIDAS, Justicia que transforma;Justicia
4239;C507E415EE13F4E6;Justicia que transforma;Justicia
4240;180FD122208722A8;Justicia que transforma;Justicia
4241;31ECF678BF38C40B;N/A;Justicia
4242;65B788D1DF69B2CF;N/A;Justicia
4243;FCACE4E318B22EC7;N/A;Justicia
4244;6D7DDE03C52169AB;N/A;Justicia
4245;1B326B20750521E7;Justicia que transforma;Justicia
4246;6931DADE3F0E8567;Justicia que transforma;Justicia
4247;6C43E106586B6752;Justicia que transforma;Justicia
4248;CE49716C633956B6;¡Juntos somos más!;Justicia
4249;BE7365DE44E1B776;El cuento es convivir;Justicia
4250;7D328F881B3A135A;El cuento es convivir;Justicia
4251;5B6D697855CB1599;El cuento es convivir, Distritos proventivos;Justicia
4252;9CC520D18757E91F;El cuento es convivir, Distritos proventivos;Justicia
4253;1C35C8C37F661B8F;El cuento es convivir, Distritos proventivos;Justicia
4254;4B1F2F4CC4701921;N/A;Justicia
4255;98E1E163573D9834;El cuento es convivir, Distritos proventivos, Justicias en plural;Justicia
4256;A72298710C2298C7;N/A;Justicia
4257;17DD984C1F31E7D9;N/A;Justicia
4258;B1152A5B256EC2F5;N/A;Justicia
4259;A20D5C968CE29525;El cuento es convivir, Distritos proventivos;Justicia
4260;830A634A789CB618;El cuento es convivir, Distritos proventivos;Justicia
4261;538C4F2F75C9B7E0;El cuento es convivir, Distritos proventivos;Justicia
4262;0B387198B988A79D;Distritos proventivos;Justicia
4263;2369BDFE1B3263A8;N/A;Justicia
4264;ECBB1182B222D193;N/A;Justicia
4265;B44900A8C32B40B8;N/A;Justicia
4266;E5AE3E051C1397CF;El cuento es convivir, Distritos proventivos;Justicia
4267;F0FA0EC2EA21FEB8;N/A;Justicia
4268;DB78B6E138599A20;El cuento es convivir;Justicia
4269;D225FAEF2D067C7D;Justicia que transforma;Justicia
4270;46D75B56D188E842;N/A;Justicia
4271;410337D7584BF6BC;N/A;Justicia
4272;E7AB19F60519D3B5;Distritos proventivos, Regularse es la jugada, ¡Juntos somos más!;Justicia
4273;D55295AF3A908F5B;Distritos proventivos;Justicia
4274;7B26C641E0C266DB;N/A;Justicia
4275;78DAEBA62D32570E;Distritos proventivos;Justicia
4276;2F477EA54EA789EC;N/A;Justicia
4277;BC2D8AB3E3E3CCC8;N/A;Justicia
4278;8410C7676294B7CB;N/A;Justicia
4279;15F44586513D853F;N/A;Justicia
4280;6C366BE82DB05B67;El cuento es convivir, Distritos proventivos;Justicia
4281;AC6C6FAE2715AD5F;N/A;Justicia
4282;DABA0993521CBCCA;N/A;Justicia
4283;B0D2C4C959F32500;N/A;Justicia
4284;7E4339036FC559A8;N/A;Justicia
4285;5AC0F07A3CA8B05C;El cuento es convivir;Justicia
4286;4612CFD1427610AE;¡Juntos somos más!;Justicia
4287;45783859060F93D9;N/A;Justicia
4288;C0E0BEE9B905F585;N/A;Justicia
4289;C509134ECA8A28F7;Distritos proventivos, ¡Juntos somos más!;Justicia
4290;F77E657CB75F586E;N/A;Justicia
4291;ABBDA9FC6EFC48E1;N/A;Justicia
4292;D15075B165B34EE2;N/A;Justicia
4293;D2AEDD22F6FDA42D;N/A;Justicia
4294;4D8BF5ECC6E4C384;El cuento es convivir, Regularse es la jugada, Mujeres vivas, comunidades seguras;Justicia
4295;603D2735B52C71B9;El cuento es convivir, Distritos proventivos;Justicia
4296;03D39D81AA1C4FC7;El cuento es convivir, Distritos proventivos;Justicia
4297;A027C7C4D92CE8DE;El cuento es convivir, Distritos proventivos;Justicia
4298;B383B20F0B0700F6;El cuento es convivir, Distritos proventivos;Justicia
4299;3BA851BA6A55ECB6;El cuento es convivir, Distritos proventivos;Justicia
4300;7BBCEF5AB9668B59;El cuento es convivir, Distritos proventivos;Justicia
4301;ABE5C5798A1AFDCC;El cuento es convivir, Distritos proventivos;Justicia
4302;DA87EB1EB5808167;El cuento es convivir, Distritos proventivos;Justicia
4303;1FB26E80349D8EB5;El cuento es convivir;Justicia
4304;E20C1EE258F02636;El cuento es convivir, Distritos proventivos, Regularse es la jugada;Justicia
4305;0067DB1E00F31DA9;N/A;Justicia
4306;5925D6D8E0B84DC9;Distritos proventivos;Justicia
4307;38D757EBEE789E62;El cuento es convivir, Distritos proventivos;Justicia
4308;D6D32647391CFA6E;El cuento es convivir, Regularse es la jugada;Justicia
4309;4E6D2C1773FC64B2;Distritos proventivos, Regularse es la jugada;Justicia
4310;C237E55F753699E2;El cuento es convivir, Distritos proventivos;Justicia
4311;9CC2124E5369A7CC;Distritos proventivos, Regularse es la jugada, ¡Juntos somos más!;Justicia
4312;FBEE19D78A978DA4;Distritos proventivos, Justicia que transforma;Justicia
4313;ED3A59FE7ED74B2E;N/A;Justicia
4314;F8586304654F1D1D;N/A;Justicia
4315;72DEF7D2A95DB0F1;N/A;Justicia
4316;F67619D96C92FAED;N/A;Justicia
4317;B5531DB503C18A1D;N/A;Justicia
4318;71426673D66A89E2;N/A;Justicia
4319;93F24000E53D5841;Distritos proventivos;Justicia
4320;0DABC593DEA708EC;El cuento es convivir;Justicia
4321;F7B233ED18A80567;El cuento es convivir, Distritos proventivos;Justicia
4322;30BBC90F0408B359;El cuento es convivir, Distritos proventivos;Justicia
4323;3DAD7B862B03EEC7;Regularse es la jugada;Justicia
4324;6443F0B2237E61F6;El cuento es convivir, Distritos proventivos;Justicia
4325;6314064B58D35D12;El cuento es convivir, Distritos proventivos;Justicia
4326;D0A02DA4C21DC99C;El cuento es convivir, Distritos proventivos;Justicia
4327;FDA6F5D58FF01E91;El cuento es convivir, Distritos proventivos;Justicia
4328;B49CCB9694413011;El cuento es convivir, Distritos proventivos;Justicia
4329;63432C9AEC8FFE38;El cuento es convivir, Distritos proventivos;Justicia
4330;231C9F0462DD79E5;El cuento es convivir, Distritos proventivos;Justicia
4331;AA6FCA78965D12A1;El cuento es convivir, Distritos proventivos;Justicia
4332;8141C26CC61010E7;El cuento es convivir, Distritos proventivos;Justicia
4333;57E67A42524634EA;N/A;Justicia
4334;D5A3C2510B2FAEE1;Distritos proventivos;Justicia
4335;EDBD67A94E214D25;Distritos proventivos;Justicia
4336;CEC8F096D37828F8;El cuento es convivir, Distritos proventivos;Justicia
4337;E0D2A462816F9B19;Distritos proventivos;Justicia
4338;BC88D567C550479D;El cuento es convivir, Distritos proventivos;Justicia
4339;1F306EFCB9F6B1AA;El cuento es convivir, Distritos proventivos;Justicia
4340;83F6A4F7BEF09418;El cuento es convivir, Distritos proventivos;Justicia
4341;C1689D62952209DF;El cuento es convivir, Distritos proventivos;Justicia
4342;71F39CEC77A3DAC4;N/A;Justicia
4343;E8AFA0E5C1E8BBDD;El cuento es convivir, Distritos proventivos, Mujeres vivas, comunidades seguras;Justicia
4344;16AFC74A7209424C;El cuento es convivir, Distritos proventivos;Justicia
4345;BD273D07E31AEF05;El cuento es convivir, Distritos proventivos, Regularse es la jugada;Justicia
4346;17E01F698218789C;Distritos proventivos, ¡Juntos somos más!, Justicias en plural;Justicia
4347;630C8DA9B1484004;El cuento es convivir;Justicia
4348;9F2E5228117E18A8;El cuento es convivir, Distritos proventivos, Mujeres vivas, comunidades seguras;Justicia
4349;F73ADA85A2D2CA4C;Distritos proventivos, ¡Juntos somos más!, Justicias en plural;Justicia
4350;061ABB73A66F4DBF;El cuento es convivir, Distritos proventivos, Mujeres vivas, comunidades seguras;Justicia
4351;254435DBEFFB13C2;Distritos proventivos, ¡Juntos somos más!, Mujeres vivas, comunidades seguras;Justicia
4352;49CEC415C7ECC3AB;El cuento es convivir, Distritos proventivos, Mujeres vivas, comunidades seguras;Justicia
4353;9FF0E72C6D33315A;El cuento es convivir, Distritos proventivos, Mujeres vivas, comunidades seguras;Justicia
4354;E30E8F38C8D88829;Distritos proventivos, Regularse es la jugada;Justicia
4355;B12047399C091683;Distritos proventivos;Justicia
4356;A4560DD2EDFE828D;Distritos proventivos, ¡Juntos somos más!, Justicias en plural, Mujeres vivas, comunidades seguras;Justicia
4357;935A1B617F74B5DF;El cuento es convivir, Distritos proventivos;Justicia
4358;9115C3402F2BBE49;El cuento es convivir, Distritos proventivos;Justicia
4359;1ABCDBF370A798A3;El cuento es convivir, Distritos proventivos;Justicia
4360;6FEA3DF878D8468E;El cuento es convivir;Justicia
4361;996A81C4D07E91C1;El cuento es convivir;Justicia
4362;81B42CAC5E2D599D;El cuento es convivir;Justicia
4363;F39D583DB22C61B0;Distritos proventivos;Justicia
4364;717D0DDE826EF74A;El cuento es convivir;Justicia
4365;778547E594400459;El cuento es convivir, Justicia RESTAURA - VIDAS;Justicia
4366;540BCC13F82B38D0;N/A;Justicia
4367;D0CD2E6930769735;N/A;Justicia
4368;42FD7D211B5812F6;El cuento es convivir;Justicia
4369;70929E0CF3284DDE;N/A;Justicia
4370;D5884C1DA4C694AA;N/A;Justicia
4371;3B72B1404DB4EE06;El cuento es convivir;Justicia
4372;344A7073A6D32B95;N/A;Justicia
4373;F693379E72F4C36C;N/A;Justicia
4374;273582FE0D668A23;El cuento es convivir, Regularse es la jugada, Justicias en plural;Justicia
4375;3DF740AEC1D4CE61;El cuento es convivir;Justicia
4376;587F3D8CF0ABC688;El cuento es convivir, Distritos proventivos;Justicia
4377;93140EB92667D855;El cuento es convivir, Distritos proventivos;Justicia
4378;1E4E1303A054AFE8;El cuento es convivir;Justicia
4379;F896CEFA867F1AB8;El cuento es convivir, Distritos proventivos;Justicia
4380;A088243F92FEAD6F;N/A;Justicia
4381;2B991B92330E7EEC;N/A;Justicia
4382;AF0BA33352AC086B;N/A;Justicia
4383;292021780B7B76F7;Mujeres vivas, comunidades seguras;Justicia
4384;1BC505188B27BBC6;N/A;Justicia
4385;2CD747A179760BD1;El cuento es convivir;Justicia
4386;F045947D29D7577F;¡Juntos somos más!;Justicia
4387;CAD4796F615B74F1;N/A;Justicia
4388;05398D47C8CC3F3C;El cuento es convivir;Justicia
4389;1640E092F950979B;El cuento es convivir, Regularse es la jugada;Justicia
4390;6430F9B1CC97AB5B;N/A;Justicia
4391;60317E3E29CD287E;El cuento es convivir;Justicia
4392;AB0419CAD07E6F8F;Distritos proventivos;Justicia
4393;D47FD3E8C1EC7BD0;Distritos proventivos;Justicia
4394;1870548F8E6674EC;El cuento es convivir, Distritos proventivos, Regularse es la jugada, Justicias en plural, Mujeres vivas, comunidades seguras;Justicia
4395;DD22CDB06651A4E2;El cuento es convivir;Justicia
4396;8667AC44DB64F5B6;¡Juntos somos más!, Justicias en plural;Justicia
4397;315618BA9292BEEC;Distritos proventivos, ¡Juntos somos más!;Justicia
4398;75119458DC101709;Distritos proventivos;Justicia
4399;F5C93145D2E90E3E;Distritos proventivos;Justicia
4400;3F3B7AE3702A0528;Distritos proventivos;Justicia
4401;557AF7E0C4469BF6;¡Juntos somos más!;Justicia
4402;0FF8DF55CD178824;N/A;Justicia
4403;FF642D164CE31361;El cuento es convivir, Distritos proventivos;Justicia
4404;BB34170972288EBF;El cuento es convivir, Distritos proventivos, Regularse es la jugada, Justicia que transforma;Justicia
4405;271261A1DDFBD9EA;N/A;Justicia
4406;998F8E096DFD7B09;N/A;Justicia
4407;FF747D0430C04D3C;N/A;Justicia
4408;95783C329AB40C5E;El cuento es convivir, Regularse es la jugada;Justicia
4409;00477563479C9E21;El cuento es convivir, Distritos proventivos;Justicia
4410;8FBBF52B28FABDE6;El cuento es convivir, Justicia que transforma;Justicia
4411;39C9D2B7C6FE9154;El cuento es convivir, Distritos proventivos;Justicia
4412;FDB37291B78B3DBC;El cuento es convivir, Distritos proventivos;Justicia
4413;CF1F9DA9E03A2270;N/A;Justicia
4414;05A999067B66AEA7;El cuento es convivir;Justicia
4415;C1DC115896BB1A0D;N/A;Justicia
4416;0871CF2CF5BC2EBA;N/A;Justicia
4417;6FD433A8C9FA1D72;N/A;Justicia
4418;FCE393170DC5B4B5;N/A;Justicia
4419;DB440A044BE8D342;N/A;Justicia
4420;D1CE0B1E7D85AB51;El cuento es convivir;Justicia
4421;09969D73BCE93FF5;El cuento es convivir;Justicia
4422;016D97136D33E3B9;El cuento es convivir;Justicia
4423;56292ECAC358B62B;El cuento es convivir, Distritos proventivos;Justicia
4424;A0FF76482A2D8FD5;N/A;Justicia
4425;E410299B2416DFE5;El cuento es convivir;Justicia
4426;AD8F72B9B243B809;N/A;Justicia
4427;FC39D343D8757D9E;El cuento es convivir, N/A;Justicia
4428;8B238D9476F558AB;N/A;Justicia
4429;C28DF3D9311A9513;El cuento es convivir;Justicia
4430;E520C8685FED2285;El cuento es convivir, Justicias en plural, Justicia que transforma;Justicia
4431;074C81D17E14A71E;Distritos proventivos, Justicia que transforma;Justicia
4432;CC5DB634008B5222;Distritos proventivos;Justicia
4433;24F1B4C1097B1D3B;Distritos proventivos;Justicia
4434;BC7B94EF3366DB0F;Distritos proventivos, Regularse es la jugada, ¡AI derecho, a lo bien!;Justicia
4435;CC24D9678A844AFA;Distritos proventivos, Regularse es la jugada;Justicia
4436;FB82C006F733A73C;Distritos proventivos;Justicia
4437;1DCE32129401EC47;N/A;Justicia
4438;08B0CE5C8B700A1C;Distritos proventivos;Justicia
4439;8177402D0ED326AA;El cuento es convivir, Distritos proventivos, ¡Juntos somos más!;Justicia
4440;03596D35BE8670CA;N/A;Justicia
4441;2F46EC55FFBD135E;El cuento es convivir, Distritos proventivos;Justicia
4442;05E2F0FD08C48672;El cuento es convivir, Distritos proventivos;Justicia
4443;FEAEA767C776C760;El cuento es convivir, Distritos proventivos;Justicia
4444;2388E084A92F86E6;El cuento es convivir, Distritos proventivos;Justicia
4445;0EFF1BE77DA82DB4;El cuento es convivir, Distritos proventivos;Justicia
4446;95027271BB5EAFDC;El cuento es convivir, Distritos proventivos;Justicia
4447;9E0EC9E0A1465346;El cuento es convivir, Distritos proventivos;Justicia
4448;0A727F77BA5A3548;El cuento es convivir, Distritos proventivos;Justicia
4449;66B6F832A5503886;El cuento es convivir, Distritos proventivos;Justicia
4450;49F1631920A956BF;Distritos proventivos;Justicia
4451;10491B2542D3D0B1;Regularse es la jugada, ¡AI derecho, a lo bien!;Justicia
4452;24A8A5F6DDC3D04D;Mujeres vivas, comunidades seguras, ¡AI derecho, a lo bien!;Justicia
4453;F7EF1F92548469C1;Distritos proventivos, Justicia que transforma;Justicia
4454;304441828961B11E;Distritos proventivos, Justicia que transforma;Justicia
4455;4772106F0C0401F8;El cuento es convivir, Distritos proventivos, Regularse es la jugada, ¡AI derecho, a lo bien!;Justicia
4456;5ACE6CC598D10526;Distritos proventivos, Regularse es la jugada;Justicia
4457;C3067BD395EC0BC8;Regularse es la jugada, Mujeres vivas, comunidades seguras, ¡AI derecho, a lo bien!;Justicia
4458;08ABFEE6DFB1A19C;Distritos proventivos, Justicia RESTAURA - VIDAS;Justicia
4459;6647C3DE0A66E9FD;Distritos proventivos;Justicia
4460;21620D9E4DB7739C;Justicia RESTAURA - VIDAS;Justicia
4461;51A96D2616FCF761;El cuento es convivir, Distritos proventivos;Justicia
4462;0FC2EFCF240887ED;El cuento es convivir, Distritos proventivos;Justicia
4463;B13E56D8EC5D0DF1;El cuento es convivir, Distritos proventivos;Justicia
4464;A2F82F20AF6BE704;El cuento es convivir, Distritos proventivos;Justicia
4465;7DFB5D9ACC7A2B29;El cuento es convivir, Distritos proventivos;Justicia
4466;8F3207AF16E64A33;El cuento es convivir, Distritos proventivos;Justicia
4467;BE90324595EEBBAA;El cuento es convivir, Distritos proventivos;Justicia
4468;7325A4DFEA12D3FA;El cuento es convivir, Distritos proventivos;Justicia
4469;23D468B4FAEC5DC9;El cuento es convivir, Distritos proventivos;Justicia
4470;D138E6A3DAA2C69E;El cuento es convivir, Distritos proventivos;Justicia
4471;4D55EC1736921BC3;El cuento es convivir, Distritos proventivos;Justicia
4472;5FD6019FB008859B;N/A;Justicia
4473;95E7BA173A57CFCB;N/A;Justicia
4474;D039BB2FD3E9367C;N/A;Justicia
4475;3A93FB6CF90248FD;El cuento es convivir, Distritos proventivos;Justicia
4476;6130A57B20B325C7;El cuento es convivir, Distritos proventivos;Justicia
4477;C6435CD51B569DEC;El cuento es convivir, Distritos proventivos;Justicia
4478;7FED5201844582C0;El cuento es convivir, Distritos proventivos;Justicia
4479;2DA29599E978F3F3;El cuento es convivir, Distritos proventivos;Justicia
4480;C9A4ED23C70F2C49;El cuento es convivir, Distritos proventivos;Justicia
4481;4511352767D1932A;El cuento es convivir;Justicia
4482;B9F438AD514C263B;El cuento es convivir;Justicia
4483;1950E8939A8A7F78;El cuento es convivir, Regularse es la jugada;Justicia
4484;92E2856C7869D0E1;El cuento es convivir, Distritos proventivos;Justicia
4485;89720F2165DFC81D;Regularse es la jugada, ¡Juntos somos más!;Justicia
4486;4FBE916E0DBC3A31;Regularse es la jugada, ¡Juntos somos más!, ¡AI derecho, a lo bien!;Justicia
4487;D0132BF9E0206D14;Distritos proventivos, Regularse es la jugada;Justicia
4488;8C471E4B92A1291F;Distritos proventivos, Regularse es la jugada, ¡AI derecho, a lo bien!;Justicia
4489;9986125862A911A3;¡Juntos somos más!, Justicia RESTAURA - VIDAS;Justicia
4490;76C8BF554D633B65;Regularse es la jugada;Justicia
4491;0081D769D4BDF724;N/A;Justicia
4492;BEA8C3CC804F017A;Justicias en plural;Justicia
4493;2C0232C73991B2F8;Justicias en plural;Justicia
4494;8E0676A5DAC12740;Justicias en plural;Justicia
4495;F808980059B6B32B;Justicias en plural;Justicia
4496;CE20C49DEA8DEBCE;Justicias en plural;Justicia
4497;60FDE463F6CE62DD;Justicias en plural;Justicia
4498;0D72CFE19C9DC69B;El cuento es convivir, Regularse es la jugada;Justicia
4499;4451A8F69E712965;Distritos proventivos;Justicia
4500;819B07F0C85CD76E;Justicia que transforma, ¡AI derecho, a lo bien!;Justicia
4501;39FDE5820CCFF4A4;Distritos proventivos, ¡AI derecho, a lo bien!;Justicia
4502;5AA80846DDA9BCBB;Distritos proventivos, Casa y libertad;Justicia
4503;3F5B3CB554E21334;Justicias en plural;Justicia
4504;E24FD27DD471998F;Justicias en plural;Justicia
4505;27FC316A17E70FD6;Justicias en plural;Justicia
4506;DF7E666D93853AAD;Regularse es la jugada;Justicia
4507;8E8D4E7DDEAC98CE;El cuento es convivir;Justicia
4508;A43955CC6535C1AD;N/A;Justicia
4509;973565BE8AD76F89;N/A;Justicia
4510;F78270C44319621E;Distritos proventivos;Justicia
4511;B63DAB7CCD62DCA1;Distritos proventivos, Justicias en plural;Justicia
4512;9E8A6A8294ED0B25;El cuento es convivir, Distritos proventivos, Regularse es la jugada, Justicia que transforma, Casa y libertad, ¡AI derecho, a lo bien!;Justicia
4513;6D8D2AA54AABBC21;Distritos proventivos, Regularse es la jugada, Casa y libertad, ¡AI derecho, a lo bien!;Justicia
4514;612FA7020A5B085D;El cuento es convivir, Regularse es la jugada;Justicia
4515;792BBC204ADD3F63;N/A;Justicia
4516;461B71D32883CDDF;N/A;Justicia
4517;C395237E5CB0368F;El cuento es convivir, Distritos proventivos, ¡AI derecho, a lo bien!;Justicia
4518;C47B93A820250915;N/A;Justicia
4519;B260BC64CBEFAE73;N/A;Justicia
4520;6BCFDD1884883AA8;N/A;Justicia
4521;44E40AB19840CA25;El cuento es convivir, Regularse es la jugada;Justicia
4522;15C297230634E2E1;N/A;Justicia
4523;37F529031AE149D0;N/A;Justicia
4524;E9BCDBC641D016A9;N/A;Justicia
4525;D1AAF8BFD89F7C9B;Distritos proventivos, Justicia que transforma;Justicia
4526;B7DD4B46D88AAA98;El cuento es convivir, Distritos proventivos, Mujeres vivas, comunidades seguras;Justicia
4527;94FDDEF45D0B6929;El cuento es convivir, Distritos proventivos, Regularse es la jugada, ¡Juntos somos más!;Justicia
4528;295730BE1EFA058F;El cuento es convivir, Distritos proventivos, ¡Juntos somos más!;Justicia
4529;24ACF40DF011221E;El cuento es convivir;Justicia
4530;1B440AEB89F1617D;N/A;Justicia
4531;A377E0D1B8C20058;N/A;Justicia
4532;1E596E31BDF97984;N/A;Justicia
4533;A0FCDF5FB0803C25;El cuento es convivir;Justicia
4534;BDEF0EF9A00F8283;El cuento es convivir;Justicia
4535;053E81927D0B52BD;N/A;Justicia
4536;BFFDB33A0C866482;N/A;Justicia
4537;D421503BBC051897;N/A;Justicia
4538;8BB81870367FBB07;N/A;Justicia
4539;7B43DC74C2B90D0C;N/A;Justicia
4540;EBF96B848CFAC311;N/A;Justicia
4541;E1606283724CE3EB;El cuento es convivir, Distritos proventivos, Regularse es la jugada, Justicia que transforma;Justicia
4542;91D57805F12A4497;El cuento es convivir, Distritos proventivos;Justicia
4543;B0A8794B940169C0;N/A;Justicia
4544;F654B2BBACF26743;N/A;Justicia
4545;4135343B5A5F63D1;El cuento es convivir;Justicia
4546;8249DBF33B5410AB;Distritos proventivos, ¡AI derecho, a lo bien!;Justicia
4547;3B162EA3AB188C01;Distritos proventivos, ¡AI derecho, a lo bien!;Justicia
4548;78D81CF2549D1CFA;Distritos proventivos;Justicia
4549;A198811D2FEC8541;Mujeres vivas, comunidades seguras;Justicia
4550;92063BB168926E1E;Mujeres vivas, comunidades seguras;Justicia
4551;EB7C508B97FA7A68;Distritos proventivos, Regularse es la jugada, Justicia que transforma;Justicia
4552;52669F2B59845505;El cuento es convivir, Distritos proventivos, Regularse es la jugada;Justicia
4553;B5D78D7B95959967;N/A;Justicia
4554;1BF83B02AD2D196F;N/A;Justicia
4555;B6516124BDC2C697;N/A;Justicia
4556;7DD1E50038998E98;N/A;Justicia
4557;01CCE7DC631C630C;N/A;Justicia
4558;B90934BF53E2DE11;N/A;Justicia
4559;4E65F975DA250D21;N/A;Justicia
4560;04320CC1D8A06F13;Distritos proventivos;Justicia
4561;E6153E13173F1134;N/A;Justicia
4562;C3CE74EAA134A8EE;N/A;Justicia
4563;ACC8EA460E4F5959;N/A;Justicia
4564;3CBCFF0B34B255AC;N/A;Justicia
4565;FE2AD7916A89B416;N/A;Justicia
4566;847DFBDD5E965712;N/A;Justicia
4567;0A85FBEC31736678;Distritos proventivos, ¡AI derecho, a lo bien!;Justicia
4568;BB201167931BBB09;Distritos proventivos, Justicia que transforma;Justicia
4569;268E471637D89F2B;Distritos proventivos, Justicia que transforma;Justicia
4570;ACDE3A92C332F902;Distritos proventivos, Regularse es la jugada;Justicia
4571;83F1499EC12FDF13;Distritos proventivos, Justicia que transforma;Justicia
4572;D418D5B7BF97FF9F;Distritos proventivos;Justicia
4573;91BCDD8BD6E482C5;Distritos proventivos;Justicia
4574;E3FA53264F500719;El cuento es convivir, Distritos proventivos, ¡AI derecho, a lo bien!;Justicia
4575;2CEE69EC96EBBF14;N/A;Justicia
4576;5E4EA7B0808BCB58;Distritos proventivos;Justicia
4577;A4D95227C8385B8D;N/A;Justicia
4578;C9AC6A8A50859DED;N/A;Justicia
4579;F220ABC3C7CB3968;N/A;Justicia
4580;72A406D02A87359A;Distritos proventivos;Justicia
4581;65B4EB157F038E15;Distritos proventivos;Justicia
4582;F8C2EC04F9D82A3E;¡Juntos somos más!;Justicia
4583;89EBDA8543461EEC;Mujeres vivas, comunidades seguras;Justicia
4584;D65A2B3273F0A0CB;¡Juntos somos más!;Justicia
4585;4410F34DBEACA834;Mujeres vivas, comunidades seguras, Justicia que transforma;Justicia
4586;1D0C89D504717386;El cuento es convivir;Justicia
4587;C34384C2B8828975;El cuento es convivir, ¡Juntos somos más!, ¡AI derecho, a lo bien!;Justicia
4588;9D44F9C6CB232DD9;El cuento es convivir, Distritos proventivos;Justicia
4589;DCC60623E4C654CB;Mujeres vivas, comunidades seguras;Justicia
4590;91B68E1A525C2B61;El cuento es convivir, Distritos proventivos, Regularse es la jugada;Justicia
4591;1BDE845DFAF7A564;El cuento es convivir, ¡AI derecho, a lo bien!;Justicia
4592;19FAF524C7D32E9F;El cuento es convivir, Distritos proventivos, Regularse es la jugada;Justicia
4593;7831CFCBB537D814;El cuento es convivir, Distritos proventivos, Regularse es la jugada;Justicia
4594;9C41F08454C94B10;El cuento es convivir, Distritos proventivos, Regularse es la jugada;Justicia
4595;1785CE7C38C9C623;El cuento es convivir, Distritos proventivos, ¡AI derecho, a lo bien!;Justicia
4596;92842770170A1273;El cuento es convivir, Distritos proventivos, Regularse es la jugada;Justicia
4597;C9366EF7D5914B45;El cuento es convivir, Distritos proventivos, ¡AI derecho, a lo bien!;Justicia
4598;6CB5B29E16D26B04;El cuento es convivir, Distritos proventivos, Regularse es la jugada;Justicia
4599;A2FA5739A475D4BA;El cuento es convivir, Distritos proventivos, ¡AI derecho, a lo bien!;Justicia
4600;549F5A68949A3910;El cuento es convivir, Distritos proventivos, Regularse es la jugada;Justicia
4601;C803FFB91FF17745;Distritos proventivos;Justicia
4602;D5DFCAEF92881E34;Distritos proventivos;Justicia
4603;F60AA57CF7AC67C1;Distritos proventivos;Justicia
4604;DABB0DD39672B4FA;El cuento es convivir, Distritos proventivos;Justicia
4605;ECE1DDA42D489102;El cuento es convivir;Justicia
4606;68D4D0358CF36B39;Distritos proventivos, Regularse es la jugada;Justicia
4607;C0B5B854882B9D67;Distritos proventivos;Justicia
4608;AEAFE566D583E758;N/A;Justicia
4609;03A3AF90676CE0CD;N/A;Justicia
4610;477AD08AF6268BA8;Distritos proventivos, Mujeres vivas, comunidades seguras;Justicia
4611;57BEB44E3F3770C6;Distritos proventivos;Justicia
4612;406CDF4254FE409B;N/A;Justicia
4613;D5F1480CC05204B2;N/A;Justicia
4614;1A2FD65802D787B2;N/A;Justicia
4615;C297CBF1D5FFA8D6;N/A;Justicia
4616;C3A9784963597E0B;Distritos proventivos;Justicia
4617;3F8BFB169F312478;N/A;Justicia
4618;8AF5104858C1165C;El cuento es convivir, Distritos proventivos;Justicia
4619;07C4A72609B9866A;El cuento es convivir, Distritos proventivos;Justicia
4620;79B0EEAE8EA1B24C;N/A;Justicia
4621;B840986C7CC2A49A;N/A;Justicia
4622;8E9995BDEC2C83C8;N/A;Justicia
4623;FDBAA21241B24533;N/A;Justicia
4624;5BDE5A8C0B436557;N/A;Justicia
4625;2AA3F8DB56A6CA54;N/A;Justicia
4626;6FC15D9F102F4628;N/A;Justicia
4627;B3C0E52D2439DCD3;N/A;Justicia
4628;F4869D54E9E330C5;El cuento es convivir;Justicia
4629;8DE00504F86C44E9;N/A;Justicia
4630;67D5D30236948F19;N/A;Justicia
4631;EB0AF9E3999A90F4;El cuento es convivir, Distritos proventivos;Justicia
4632;3F900E8EB420BF54;El cuento es convivir, ¡AI derecho, a lo bien!;Justicia
4633;B2393E23319BF9CF;N/A;Justicia
4634;C9882960DE22F53A;N/A;Justicia
4635;D4AF7740DD064C71;N/A;Justicia
4636;FF3F1D18F1838B53;N/A;Justicia
4637;FA2848EB10094183;N/A;Justicia
4638;A58C7FDEBBF46845;N/A;Justicia
4639;DDEF86D494A08292;N/A;Justicia
4640;4527FBF0725CAD66;N/A;Justicia
4641;C3B979DC2D1DA483;N/A;Justicia
4642;780D952F50688DC6;Distritos proventivos;Justicia
4643;FD829A5EE33175D7;N/A;Justicia
4644;234CD09787EEABCD;N/A;Justicia
4645;2505DC9C89D4CB9B;N/A;Justicia
4646;BF531EE21D43C0EA;N/A;Justicia
4647;4479759EF60A0CA3;Distritos proventivos;Justicia
4648;122369EABD1E0DB8;N/A;Justicia
4649;E5CABB3A55F86D35;N/A;Justicia
4650;A37C041376298723;N/A;Justicia
4651;CC25189FA9666B38;Distritos proventivos;Justicia
4652;8AED985318BB9E83;N/A;Justicia
4653;21B2A9E92F70900F;N/A;Justicia
4654;FB79D727CC6C24D6;Distritos proventivos;Justicia
4655;BFB00A58049E7C07;El cuento es convivir;Justicia
4656;8C31A2626CE7BF0C;N/A;Justicia
4657;9C66CCB770CD9251;Distritos proventivos;Justicia
4658;23B21B10BAE1285C;Distritos proventivos;Justicia
4659;47C0F8D65C0E275F;N/A;Justicia
4660;D546D04A3BC79479;N/A;Justicia
4661;B7F7061765C47D8B;N/A;Justicia
4662;94A0C95F7577380E;Distritos proventivos;Justicia
4663;17089969ACCD56A5;Distritos proventivos;Justicia
4664;FAF5108F3D3BD207;Distritos proventivos;Justicia
4665;C8FD6491C6FB33A0;Distritos proventivos;Justicia
4666;DFF7C15F2BF1C77C;Distritos proventivos;Justicia
4667;314094A396971BFC;N/A;Justicia
4668;BD3FCB36C6E805EC;N/A;Justicia
4669;E05A903EAC28F777;N/A;Justicia
4670;9DCFA6260EAD08AB;N/A;Justicia
4671;781048AB440CC621;Distritos proventivos;Justicia
4672;F3479B6C301D17D3;Distritos proventivos;Justicia
4673;353F17B4EB75E7D6;N/A;Justicia
4674;41C00908CF6C1617;N/A;Justicia
4675;0AABAB7B59351453;Distritos proventivos;Justicia
4676;0DB5E4C3839B50E5;N/A;Justicia
4677;3F263279D3849898;Distritos proventivos;Justicia
4678;F3FDD159C873C651;Distritos proventivos;Justicia
4679;E3AC57B0EE0D2C35;N/A;Justicia
4680;C250ADBD5D7A250F;El cuento es convivir;Justicia
4681;276A00291468DB33;N/A;Justicia
4682;6B77A31A112DA2F9;N/A;Justicia
4683;DE97CA6E38B0CDFF;El cuento es convivir, Distritos proventivos, Regularse es la jugada;Justicia
4684;FEE920A86F9EF094;N/A;Justicia
4685;95FCAFE83C4673C1;Regularse es la jugada;Justicia
4686;FB0E10CD89453B5A;El cuento es convivir, Distritos proventivos, Regularse es la jugada;Justicia
4687;90B50912245A78C6;N/A;Justicia
4688;93F2DC9147BC74B6;N/A;Justicia
4689;DE9EDDC3089C6B86;Distritos proventivos;Justicia
4690;D3087CD5F3CA0762;N/A;Justicia
4691;D421789BE2A32285;Distritos proventivos;Justicia
4692;31B3B3A7C23F0F82;Distritos proventivos;Justicia
4693;C1E3B49A32E8E46D;Distritos proventivos;Justicia
4694;4B076AD7DEE28422;Distritos proventivos;Justicia
4695;67B1E90E0D1F214A;Distritos proventivos;Justicia
4696;E501F3BB5327D9A9;El cuento es convivir, Distritos proventivos, ¡Juntos somos más!;Justicia
4697;3A5B9A2AA60960D3;N/A;Justicia
4698;4EA3A36F3B663D84;N/A;Justicia
4699;E38B3CBA2FEDDC54;N/A;Justicia
4700;93B2DE0DC900CF9C;N/A;Justicia
4701;6B5FFCCB5967AAB0;N/A;Justicia
4702;6CC04B8725E0FC50;N/A;Justicia
4703;C0A83A020034F93F;Distritos proventivos;Justicia
4704;9DFD7A7122D48C43;El cuento es convivir;Justicia
4705;E4767033CF21730A;N/A;Justicia
4706;D6BBDFFC103A5C3E;Distritos proventivos;Justicia
4707;EEE378661DDF1A26;Distritos proventivos;Justicia
4708;FB86DF1D7A1DB679;Distritos proventivos;Justicia
4709;C589D1DCBCAE69D9;Distritos proventivos;Justicia
4710;63B734230ACC1F98;Distritos proventivos;Justicia
4711;B6F1D06BD7DCB0D0;Mujeres vivas, comunidades seguras;Justicia
4712;5B00C2E376941F47;N/A;Justicia
4713;53C26A609828B7B2;N/A;Justicia
4714;F5E6DD73EFF34E74;N/A;Justicia
4715;4D0842C5A4AB9D7F;N/A;Justicia
4716;4A92517879357764;N/A;Justicia
4717;DE0F1CD27BA18C2B;N/A;Justicia
4718;B18CC52D72C4C28A;N/A;Justicia
4719;D542A8015B64A0B2;El cuento es convivir, Distritos proventivos;Justicia
4720;0047911201480855;¡Juntos somos más!, Justicia que transforma;Justicia
4721;C77AE91C04417945;El cuento es convivir, Distritos proventivos;Justicia
4722;9A145F01140EBF55;N/A;Justicia
4723;086055F7853CAA01;El cuento es convivir, Distritos proventivos, Regularse es la jugada, ¡Juntos somos más!;Justicia
4724;0B17A3ACE19212CD;N/A;Justicia
4725;C5F81FE43EDC784E;N/A;Justicia
4726;50FDD8FD9085685B;Distritos proventivos;Justicia
4727;BDEF967EC9D17DBA;Distritos proventivos;Justicia
4728;8AD2B749257C7A73;N/A;Justicia
4729;6F1165EAAF7D29BC;Distritos proventivos;Justicia
4730;3E5FCEB1728F9DA0;N/A;Justicia
4731;571CF94A24228335;¡Juntos somos más!;Justicia
4732;59A8A96E04F0A814;Distritos proventivos;Justicia
4733;1751ABC933C9E59E;N/A;Justicia
4734;EA23A2DA01FF0314;N/A;Justicia
4735;2A8440677A10CF4E;El cuento es convivir, Regularse es la jugada, Justicias en plural;Justicia
4736;CC87D62A19E5D80F;El cuento es convivir;Justicia
4737;B8643BE98DC12FF9;N/A;Justicia
4738;104D8F33ACF00C0E;N/A;Justicia
4739;9801FB4886F64269;Distritos proventivos;Justicia
4740;23CFB9C4CEEBEA9B;Distritos proventivos;Justicia
4741;BE29692F23DF2B54;N/A;Justicia
4742;4FA99AD00B7745D2;N/A;Justicia
4743;18CA3D15E7AD9094;N/A;Justicia
4744;3773DBF30784869B;N/A;Justicia
4745;46DCF88B70DB3F7A;El cuento es convivir, Distritos proventivos;Justicia
4746;49F48F738D17D15C;N/A;Justicia
4747;A957503E5D4D27D6;El cuento es convivir, Distritos proventivos, Regularse es la jugada, ¡Juntos somos más!;Justicia
4748;60D04E5F35B08EAB;El cuento es convivir, Distritos proventivos;Justicia
4749;8877881CFCE38C9B;El cuento es convivir, Distritos proventivos;Justicia
4750;C3FF4CFFBDF79DA8;El cuento es convivir, Distritos proventivos;Justicia
4751;74767EC4E6A9074B;El cuento es convivir, Distritos proventivos;Justicia
4752;7F1008CDB7DD113F;El cuento es convivir, Distritos proventivos;Justicia
4753;0EBD79D11FB34BDB;El cuento es convivir, Distritos proventivos;Justicia
4754;A6DF05D4541BB528;El cuento es convivir, Distritos proventivos, Regularse es la jugada, Justicias en plural;Justicia
4755;A92A1B1245CEED02;El cuento es convivir, Distritos proventivos;Justicia
4756;8D3E1A7F0AF4919B;El cuento es convivir, Distritos proventivos;Justicia
4757;8FED5DE71736C59C;El cuento es convivir;Justicia
4758;A7BB62382102DA6F;El cuento es convivir, Distritos proventivos;Justicia
4759;885755AF5F8103D7;El cuento es convivir, Distritos proventivos;Justicia
4760;3264426948291FA8;El cuento es convivir;Justicia
4761;7DF51B21EF00FD0F;El cuento es convivir, Distritos proventivos;Justicia
4762;C365CE2FB179E313;El cuento es convivir, Distritos proventivos;Justicia
4763;B8124BD5CA69E7A8;El cuento es convivir, Distritos proventivos;Justicia
4764;1FF3C801416EE927;El cuento es convivir;Justicia
4765;8AB813EFBE3B28C3;N/A;Justicia
4766;08C15AC4040C9EA6;Distritos proventivos;Justicia
4767;E2570A88A1BB34FD;Distritos proventivos;Justicia
4768;E9D9B47401CAB86E;N/A;Justicia
4769;CB6F6D8179CC682C;El cuento es convivir, Distritos proventivos;Justicia
4770;7804629F1BB4B6B6;El cuento es convivir, Distritos proventivos;Justicia
4771;0D1FA6D62F67E8EC;El cuento es convivir, Distritos proventivos;Justicia
4772;ADFF73992B170CEC;El cuento es convivir, Distritos proventivos;Justicia
4773;014DD3ACD31228FC;N/A;Justicia
4774;1D1418887B9770EC;N/A;Justicia
4775;F85ABC436755D35B;N/A;Justicia
4776;EB860F60E5C96BDD;N/A;Justicia
4777;F3B77BD17850CB4E;N/A;Justicia
4778;93A2C3221520E689;N/A;Justicia
4779;5247AC89A8361821;N/A;Justicia
4780;053D4CDF1660C0C6;N/A;Justicia
4781;B04584BB4E8632E9;N/A;Justicia
4782;A19FF761E66BF917;N/A;Justicia
4783;C2ED19EE7766973D;N/A;Justicia
4784;A251CEEC8109CD53;N/A;Justicia
4785;552041F892E39B0B;N/A;Justicia
4786;9300BDA60AE9F711;N/A;Justicia
4787;F46F1CBF193B2398;N/A;Justicia
4788;7B3F9B13CD5A2441;N/A;Justicia
4789;B6D4E458565A622C;N/A;Justicia
4790;7F310D3A953836C1;N/A;Justicia
4791;F0A51DD808F85200;N/A;Justicia
4792;972E7932BD20554B;N/A;Justicia
4793;728D7B1D964B9FEE;N/A;Justicia
4794;21D8ABFBEB732CA1;N/A;Justicia
4795;27B87D16A72546E1;N/A;Justicia
4796;048CDF38489498DA;N/A;Justicia
4797;9465E1C96198A076;N/A;Justicia
4798;B283E8CBC046FFC1;N/A;Justicia
4799;33448D5F42E5C3AC;N/A;Justicia
4800;B32237399193A80D;N/A;Justicia
4801;A5B549C28F7389C6;N/A;Justicia
4802;54A6572E7ED93FD0;N/A;Justicia
4803;6E38181C1A1F8BC6;N/A;Justicia
4804;CA1A5B20EE0A3723;Distritos proventivos, Regularse es la jugada;Justicia
4805;376353CBEA92183A;N/A;Justicia
4806;2D62CB4BE5800D12;El cuento es convivir, Regularse es la jugada, ¡Juntos somos más!;Justicia
4807;B86F876704CCAAAF;N/A;Justicia
4808;D782C9C7F4116208;El cuento es convivir, Distritos proventivos, Regularse es la jugada, ¡Juntos somos más!;Justicia
4809;422F37D1021C9D09;N/A;Justicia
4810;14FEB4024F1D6394;N/A;Justicia
4811;DFD3D635ACF843D4;El cuento es convivir, Distritos proventivos;Justicia
4812;E82211B16EC9B347;El cuento es convivir, Distritos proventivos;Justicia
4813;964FF2B9D573455E;El cuento es convivir, Distritos proventivos;Justicia
4814;499F14A6F5AD2EA6;El cuento es convivir, Distritos proventivos;Justicia
4815;7725E7068122B3A6;El cuento es convivir, Distritos proventivos;Justicia
4816;9C8DD7C436C7ACBE;El cuento es convivir, Distritos proventivos;Justicia
4817;0066E9CF0411C518;El cuento es convivir, Distritos proventivos;Justicia
4818;C7E2A80F913E26AF;El cuento es convivir, Distritos proventivos;Justicia
4819;6DE0331E8645DA57;El cuento es convivir, Distritos proventivos;Justicia
4820;F1465F4267A143E1;N/A;Justicia
4821;E338820C11EF9BF4;N/A;Justicia
4822;D8ED0E0934D8E620;El cuento es convivir;Justicia
4823;EC6FE3FB871EFD0B;El cuento es convivir, Distritos proventivos, Regularse es la jugada, ¡Juntos somos más!, Justicias en plural;Justicia
4824;F14E96811456C293;Justicia RESTAURA - VIDAS;Justicia
4825;69FE5C2AE66E0777;N/A;Justicia
4826;CC4FC68045F6900B;N/A;Justicia
4827;59666716BAD6576B;El cuento es convivir, Distritos proventivos, Regularse es la jugada, ¡Juntos somos más!, Justicias en plural;Justicia
4828;4722D6DBEDE13E2E;El cuento es convivir;Justicia
4829;3787331AB8C2562C;N/A;Justicia
4830;9DBD2C4BE53E3025;El cuento es convivir, Distritos proventivos;Justicia
4831;3EC9B3E09E0057E6;El cuento es convivir, Distritos proventivos, Regularse es la jugada, ¡Juntos somos más!, Justicias en plural;Justicia
4832;B65D1A811440A1B0;N/A;Justicia
4833;9ED6AA3B7967FDC4;El cuento es convivir, Distritos proventivos, Regularse es la jugada, Justicias en plural;Justicia
4834;A3998747BCC7C301;El cuento es convivir, Distritos proventivos, Regularse es la jugada, ¡Juntos somos más!;Justicia
4835;7134D2B362356118;N/A;Justicia
4836;A6A56348238A61E1;N/A;Justicia
4837;31D0F90069D4230F;El cuento es convivir, Distritos proventivos, Regularse es la jugada, ¡Juntos somos más!;Justicia
4838;4356DE92E60FCACC;El cuento es convivir, Distritos proventivos, Regularse es la jugada, ¡Juntos somos más!, Justicias en plural;Justicia
4839;627C1D1B7AEE5777;N/A;Justicia
4840;D7DE23C86A0A7256;N/A;Justicia
4841;6111832CA6448759;El cuento es convivir, Justicias en plural;Justicia
4842;E16354830C25C2BF;El cuento es convivir, Distritos proventivos, Regularse es la jugada, ¡Juntos somos más!, Justicias en plural, Justicia que transforma;Justicia
4843;9EF5E5C090F11AD0;Distritos proventivos, Justicia que transforma;Justicia
4844;F05BCC1599D4C8C6;Distritos proventivos, ¡Juntos somos más!, Justicias en plural, Justicia que transforma;Justicia
4845;F2D1D5CE59AABC4D;N/A;Justicia
4846;A7635C86585ADDE2;N/A;Justicia
4847;12A2855BB455DAC2;El cuento es convivir;Justicia
4848;8AD2E56901A7266A;N/A;Justicia
4849;C4F811284DE52F53;N/A;Justicia
4850;D71EBC1FF24CC2FA;El cuento es convivir;Justicia
4851;F62B79D8820015B4;El cuento es convivir;Justicia
4852;7992F1CD22C5A91B;El cuento es convivir;Justicia
4853;F40B5CA0B32D6DF1;N/A;Justicia
4854;7E3231B557BC607C;N/A;Justicia
4855;879F9751817C7AC1;N/A;Justicia
4856;1A7F29D4BDC066A4;N/A;Justicia
4857;D945593E6685C950;El cuento es convivir;Justicia
4858;80D8FD74BAE78AA1;El cuento es convivir;Justicia
4859;17DE47EBC4B2D052;N/A;Justicia
4860;43F8B58EAB797096;N/A;Justicia
4861;47BA9811F9D579F6;N/A;Justicia
4862;98BD5C7FD0769482;N/A;Justicia
4863;E996F431A866BB7B;El cuento es convivir;Justicia
4864;4CC0FCE8AFF0AF05;N/A;Justicia
4865;08243BEAB292C04D;N/A;Justicia
4866;3447E00DFB5C31A8;Justicias en plural;Justicia
4867;24D4CDC7B5579136;El cuento es convivir;Justicia
4868;7B038D76FA51D2AF;N/A;Justicia
4869;D71BAA46062742DF;N/A;Justicia
4870;E10AFE3C1B43F6CC;El cuento es convivir;Justicia
4871;4B0B083C079A3CB3;El cuento es convivir, Distritos proventivos, Regularse es la jugada, ¡Juntos somos más!, Justicias en plural;Justicia
4872;7F47D6EC70EB00CE;El cuento es convivir, Distritos proventivos, Regularse es la jugada, ¡Juntos somos más!, Mujeres vivas, comunidades seguras;Justicia
4873;DA111D675134CD94;El cuento es convivir;Justicia
4874;F1ED4E4CE9857EE7;N/A;Justicia
4875;7937C8BDCDB9D691;N/A;Justicia
4876;87A301D53A31EFDF;N/A;Justicia
4877;27F2707FAACAC621;N/A;Justicia
4878;88959377AF61CA88;N/A;Justicia
4879;ECB3DA1908042559;N/A;Justicia
4880;AE543D333D95E393;N/A;Justicia
4881;A881971860712258;N/A;Justicia
4882;658DF7DE469136AB;N/A;Justicia
4883;353124ADDA212C1D;N/A;Justicia
4884;69FAEBA6AA3C9919;N/A;Justicia
4885;1F78BA9156ABA548;N/A;Justicia
4886;F882876518FACE5C;N/A;Justicia
4887;AF85A592B9ED7EC7;N/A;Justicia
4888;0C8F2585B9457A63;El cuento es convivir, Distritos proventivos, Regularse es la jugada, ¡Juntos somos más!, Justicias en plural;Justicia
4889;987D682BA9767AEA;El cuento es convivir, Distritos proventivos, ¡Juntos somos más!, Justicias en plural, Justicia que transforma;Justicia
4890;F59D39EAFEFAA6FF;N/A;Justicia
4891;7E1F25ED02F9F113;N/A;Justicia
4892;E9470EECB933E973;N/A;Justicia
4893;AB47FF028B6E4B5A;N/A;Justicia
4894;8245A08A2A8DC1E7;N/A;Justicia
4895;33D1A36AB58C1102;N/A;Justicia
4896;299E0E9F62204AB5;N/A;Justicia
4897;E52CD02B58F9F57C;El cuento es convivir;Justicia
4898;030A2BAE14DF6A19;El cuento es convivir;Justicia
4899;5869AB86C763E281;N/A;Justicia
4900;2139C00FD0D6DC6E;N/A;Justicia
4901;8A3AC009627E95B2;N/A;Justicia
4902;1946F67ECDB333C0;N/A;Justicia
4903;C3C5EFA2C0672FC9;N/A;Justicia
4904;B132EA69F6E9202E;N/A;Justicia
4905;85A82890BEB6C849;N/A;Justicia
4906;D3EE08A50D07C132;N/A;Justicia
4907;FB27E22BCD86923A;N/A;Justicia
4908;B9039664D2A13507;N/A;Justicia
4909;5348F598B5AEE181;N/A;Justicia
4910;B350F005B3350D64;El cuento es convivir;Justicia
4911;B5410E78C42C65B5;El cuento es convivir;Justicia
4912;DF09B39113DA1ADA;N/A;Justicia
4913;D577B3929455F0AD;N/A;Justicia
4914;5C0D0E6A2972521F;El cuento es convivir;Justicia
